[2026-08-04 15:21:02] production.ERROR: The C:\Users\Monami Sadhu\Music\🏫 Campus Lost & Found Portal – Authentication, CRUD, Search\bootstrap\cache directory must be present and writable. {"exception":"[object] (Exception(code: 0): The C:\\Users\\Monami Sadhu\\Music\\🏫 Campus Lost & Found Portal – Authentication, CRUD, Search\\bootstrap\\cache directory must be present and writable. at C:/Users/Monami Sadhu/Music/🏫 Campus Lost & Found Portal – Authentication, CRUD, Search/vendor/laravel/framework/src/Illuminate/Foundation/PackageManifest.php:179)
[stacktrace]
#0 C:/Users/Monami Sadhu/Music/🏫 Campus Lost & Found Portal – Authentication, CRUD, Search/vendor/laravel/framework/src/Illuminate/Foundation/PackageManifest.php(132): Illuminate/Foundation/PackageManifest->write()
#1 C:/Users/Monami Sadhu/Music/🏫 Campus Lost & Found Portal – Authentication, CRUD, Search/vendor/laravel/framework/src/Illuminate/Foundation/PackageManifest.php(108): Illuminate/Foundation/PackageManifest->build()
#2 C:/Users/Monami Sadhu/Music/🏫 Campus Lost & Found Portal – Authentication, CRUD, Search/vendor/laravel/framework/src/Illuminate/Foundation/PackageManifest.php(90): Illuminate/Foundation/PackageManifest->getManifest()
#3 C:/Users/Monami Sadhu/Music/🏫 Campus Lost & Found Portal – Authentication, CRUD, Search/vendor/laravel/framework/src/Illuminate/Foundation/PackageManifest.php(79): Illuminate/Foundation/PackageManifest->config()
#4 C:/Users/Monami Sadhu/Music/🏫 Campus Lost & Found Portal – Authentication, CRUD, Search/vendor/laravel/framework/src/Illuminate/Foundation/Bootstrap/RegisterFacades.php(26): Illuminate/Foundation/PackageManifest->aliases()
#5 C:/Users/Monami Sadhu/Music/🏫 Campus Lost & Found Portal – Authentication, CRUD, Search/vendor/laravel/framework/src/Illuminate/Foundation/Application.php(342): Illuminate/Foundation/Bootstrap/RegisterFacades->bootstrap()
#6 C:/Users/Monami Sadhu/Music/🏫 Campus Lost & Found Portal – Authentication, CRUD, Search/vendor/laravel/framework/src/Illuminate/Foundation/Console/Kernel.php(494): Illuminate/Foundation/Application->bootstrapWith()
#7 C:/Users/Monami Sadhu/Music/🏫 Campus Lost & Found Portal – Authentication, CRUD, Search/vendor/laravel/framework/src/Illuminate/Foundation/Console/Kernel.php(196): Illuminate/Foundation/Console/Kernel->bootstrap()
#8 C:/Users/Monami Sadhu/Music/🏫 Campus Lost & Found Portal – Authentication, CRUD, Search/artisan(10): Illuminate/Foundation/Console/Kernel->handle()
#9 {main}
"} 
[2026-08-04 15:22:26] production.ERROR: Class "App\Http\Controllers\Controller" not found {"exception":"[object] (Error(code: 0): Class \"App\\Http\\Controllers\\Controller\" not found at C:/Users/Monami Sadhu/Music/🏫 Campus Lost & Found Portal – Authentication, CRUD, Search/app/Http/Controllers/PageController.php:7)
[stacktrace]
#0 C:/Users/Monami Sadhu/Music/🏫 Campus Lost & Found Portal – Authentication, CRUD, Search/vendor/composer/ClassLoader.php(576): include()
#1 C:/Users/Monami Sadhu/Music/🏫 Campus Lost & Found Portal – Authentication, CRUD, Search/vendor/composer/ClassLoader.php(427): {closure:Composer/Autoload/ClassLoader::initializeIncludeClosure():575}()
#2 [internal function]: Composer/Autoload/ClassLoader->loadClass()
#3 C:/Users/Monami Sadhu/Music/🏫 Campus Lost & Found Portal – Authentication, CRUD, Search/vendor/laravel/framework/src/Illuminate/Routing/Route.php(1125): is_a()
#4 C:/Users/Monami Sadhu/Music/🏫 Campus Lost & Found Portal – Authentication, CRUD, Search/vendor/laravel/framework/src/Illuminate/Routing/Route.php(1062): Illuminate/Routing/Route->controllerMiddleware()
#5 C:/Users/Monami Sadhu/Music/🏫 Campus Lost & Found Portal – Authentication, CRUD, Search/vendor/laravel/framework/src/Illuminate/Routing/Router.php(834): Illuminate/Routing/Route->gatherMiddleware()
#6 C:/Users/Monami Sadhu/Music/🏫 Campus Lost & Found Portal – Authentication, CRUD, Search/vendor/laravel/framework/src/Illuminate/Foundation/Console/RouteListCommand.php(212): Illuminate/Routing/Router->gatherRouteMiddleware()
#7 C:/Users/Monami Sadhu/Music/🏫 Campus Lost & Found Portal – Authentication, CRUD, Search/vendor/laravel/framework/src/Illuminate/Foundation/Console/RouteListCommand.php(148): Illuminate/Foundation/Console/RouteListCommand->getMiddleware()
#8 C:/Users/Monami Sadhu/Music/🏫 Campus Lost & Found Portal – Authentication, CRUD, Search/vendor/laravel/framework/src/Illuminate/Foundation/Console/RouteListCommand.php(117): Illuminate/Foundation/Console/RouteListCommand->getRouteInformation()
#9 [internal function]: Illuminate/Foundation/Console/RouteListCommand->{closure:Illuminate/Foundation/Console/RouteListCommand::getRoutes():117}()
#10 C:/Users/Monami Sadhu/Music/🏫 Campus Lost & Found Portal – Authentication, CRUD, Search/vendor/laravel/framework/src/Illuminate/Collections/Arr.php(841): array_map()
#11 C:/Users/Monami Sadhu/Music/🏫 Campus Lost & Found Portal – Authentication, CRUD, Search/vendor/laravel/framework/src/Illuminate/Collections/Collection.php(829): Illuminate/Support/Arr::map()
#12 C:/Users/Monami Sadhu/Music/🏫 Campus Lost & Found Portal – Authentication, CRUD, Search/vendor/laravel/framework/src/Illuminate/Foundation/Console/RouteListCommand.php(117): Illuminate/Support/Collection->map()
#13 C:/Users/Monami Sadhu/Music/🏫 Campus Lost & Found Portal – Authentication, CRUD, Search/vendor/laravel/framework/src/Illuminate/Foundation/Console/RouteListCommand.php(102): Illuminate/Foundation/Console/RouteListCommand->getRoutes()
#14 C:/Users/Monami Sadhu/Music/🏫 Campus Lost & Found Portal – Authentication, CRUD, Search/vendor/laravel/framework/src/Illuminate/Container/BoundMethod.php(36): Illuminate/Foundation/Console/RouteListCommand->handle()
#15 C:/Users/Monami Sadhu/Music/🏫 Campus Lost & Found Portal – Authentication, CRUD, Search/vendor/laravel/framework/src/Illuminate/Container/Util.php(43): Illuminate/Container/BoundMethod::{closure:Illuminate/Container/BoundMethod::call():35}()
#16 C:/Users/Monami Sadhu/Music/🏫 Campus Lost & Found Portal – Authentication, CRUD, Search/vendor/laravel/framework/src/Illuminate/Container/BoundMethod.php(96): Illuminate/Container/Util::unwrapIfClosure()
#17 C:/Users/Monami Sadhu/Music/🏫 Campus Lost & Found Portal – Authentication, CRUD, Search/vendor/laravel/framework/src/Illuminate/Container/BoundMethod.php(35): Illuminate/Container/BoundMethod::callBoundMethod()
#18 C:/Users/Monami Sadhu/Music/🏫 Campus Lost & Found Portal – Authentication, CRUD, Search/vendor/laravel/framework/src/Illuminate/Container/Container.php(799): Illuminate/Container/BoundMethod::call()
#19 C:/Users/Monami Sadhu/Music/🏫 Campus Lost & Found Portal – Authentication, CRUD, Search/vendor/laravel/framework/src/Illuminate/Console/Command.php(211): Illuminate/Container/Container->call()
#20 C:/Users/Monami Sadhu/Music/🏫 Campus Lost & Found Portal – Authentication, CRUD, Search/vendor/symfony/console/Command/Command.php(341): Illuminate/Console/Command->execute()
#21 C:/Users/Monami Sadhu/Music/🏫 Campus Lost & Found Portal – Authentication, CRUD, Search/vendor/laravel/framework/src/Illuminate/Console/Command.php(180): Symfony/Component/Console/Command/Command->run()
#22 C:/Users/Monami Sadhu/Music/🏫 Campus Lost & Found Portal – Authentication, CRUD, Search/vendor/symfony/console/Application.php(1117): Illuminate/Console/Command->run()
#23 C:/Users/Monami Sadhu/Music/🏫 Campus Lost & Found Portal – Authentication, CRUD, Search/vendor/symfony/console/Application.php(356): Symfony/Component/Console/Application->doRunCommand()
#24 C:/Users/Monami Sadhu/Music/🏫 Campus Lost & Found Portal – Authentication, CRUD, Search/vendor/symfony/console/Application.php(195): Symfony/Component/Console/Application->doRun()
#25 C:/Users/Monami Sadhu/Music/🏫 Campus Lost & Found Portal – Authentication, CRUD, Search/vendor/laravel/framework/src/Illuminate/Foundation/Console/Kernel.php(198): Symfony/Component/Console/Application->run()
#26 C:/Users/Monami Sadhu/Music/🏫 Campus Lost & Found Portal – Authentication, CRUD, Search/artisan(10): Illuminate/Foundation/Console/Kernel->handle()
#27 {main}
"} 
[2026-08-04 15:22:39] production.ERROR: Class "App\Http\Controllers\Auth\RegisteredUserController" does not exist {"exception":"[object] (ReflectionException(code: -1): Class \"App\\Http\\Controllers\\Auth\\RegisteredUserController\" does not exist at C:/Users/Monami Sadhu/Music/🏫 Campus Lost & Found Portal – Authentication, CRUD, Search/vendor/laravel/framework/src/Illuminate/Foundation/Console/RouteListCommand.php:255)
[stacktrace]
#0 C:/Users/Monami Sadhu/Music/🏫 Campus Lost & Found Portal – Authentication, CRUD, Search/vendor/laravel/framework/src/Illuminate/Foundation/Console/RouteListCommand.php(255): ReflectionClass->__construct()
#1 C:/Users/Monami Sadhu/Music/🏫 Campus Lost & Found Portal – Authentication, CRUD, Search/vendor/laravel/framework/src/Illuminate/Foundation/Console/RouteListCommand.php(150): Illuminate/Foundation/Console/RouteListCommand->isVendorRoute()
#2 C:/Users/Monami Sadhu/Music/🏫 Campus Lost & Found Portal – Authentication, CRUD, Search/vendor/laravel/framework/src/Illuminate/Foundation/Console/RouteListCommand.php(117): Illuminate/Foundation/Console/RouteListCommand->getRouteInformation()
#3 [internal function]: Illuminate/Foundation/Console/RouteListCommand->{closure:Illuminate/Foundation/Console/RouteListCommand::getRoutes():117}()
#4 C:/Users/Monami Sadhu/Music/🏫 Campus Lost & Found Portal – Authentication, CRUD, Search/vendor/laravel/framework/src/Illuminate/Collections/Arr.php(841): array_map()
#5 C:/Users/Monami Sadhu/Music/🏫 Campus Lost & Found Portal – Authentication, CRUD, Search/vendor/laravel/framework/src/Illuminate/Collections/Collection.php(829): Illuminate/Support/Arr::map()
#6 C:/Users/Monami Sadhu/Music/🏫 Campus Lost & Found Portal – Authentication, CRUD, Search/vendor/laravel/framework/src/Illuminate/Foundation/Console/RouteListCommand.php(117): Illuminate/Support/Collection->map()
#7 C:/Users/Monami Sadhu/Music/🏫 Campus Lost & Found Portal – Authentication, CRUD, Search/vendor/laravel/framework/src/Illuminate/Foundation/Console/RouteListCommand.php(102): Illuminate/Foundation/Console/RouteListCommand->getRoutes()
#8 C:/Users/Monami Sadhu/Music/🏫 Campus Lost & Found Portal – Authentication, CRUD, Search/vendor/laravel/framework/src/Illuminate/Container/BoundMethod.php(36): Illuminate/Foundation/Console/RouteListCommand->handle()
#9 C:/Users/Monami Sadhu/Music/🏫 Campus Lost & Found Portal – Authentication, CRUD, Search/vendor/laravel/framework/src/Illuminate/Container/Util.php(43): Illuminate/Container/BoundMethod::{closure:Illuminate/Container/BoundMethod::call():35}()
#10 C:/Users/Monami Sadhu/Music/🏫 Campus Lost & Found Portal – Authentication, CRUD, Search/vendor/laravel/framework/src/Illuminate/Container/BoundMethod.php(96): Illuminate/Container/Util::unwrapIfClosure()
#11 C:/Users/Monami Sadhu/Music/🏫 Campus Lost & Found Portal – Authentication, CRUD, Search/vendor/laravel/framework/src/Illuminate/Container/BoundMethod.php(35): Illuminate/Container/BoundMethod::callBoundMethod()
#12 C:/Users/Monami Sadhu/Music/🏫 Campus Lost & Found Portal – Authentication, CRUD, Search/vendor/laravel/framework/src/Illuminate/Container/Container.php(799): Illuminate/Container/BoundMethod::call()
#13 C:/Users/Monami Sadhu/Music/🏫 Campus Lost & Found Portal – Authentication, CRUD, Search/vendor/laravel/framework/src/Illuminate/Console/Command.php(211): Illuminate/Container/Container->call()
#14 C:/Users/Monami Sadhu/Music/🏫 Campus Lost & Found Portal – Authentication, CRUD, Search/vendor/symfony/console/Command/Command.php(341): Illuminate/Console/Command->execute()
#15 C:/Users/Monami Sadhu/Music/🏫 Campus Lost & Found Portal – Authentication, CRUD, Search/vendor/laravel/framework/src/Illuminate/Console/Command.php(180): Symfony/Component/Console/Command/Command->run()
#16 C:/Users/Monami Sadhu/Music/🏫 Campus Lost & Found Portal – Authentication, CRUD, Search/vendor/symfony/console/Application.php(1117): Illuminate/Console/Command->run()
#17 C:/Users/Monami Sadhu/Music/🏫 Campus Lost & Found Portal – Authentication, CRUD, Search/vendor/symfony/console/Application.php(356): Symfony/Component/Console/Application->doRunCommand()
#18 C:/Users/Monami Sadhu/Music/🏫 Campus Lost & Found Portal – Authentication, CRUD, Search/vendor/symfony/console/Application.php(195): Symfony/Component/Console/Application->doRun()
#19 C:/Users/Monami Sadhu/Music/🏫 Campus Lost & Found Portal – Authentication, CRUD, Search/vendor/laravel/framework/src/Illuminate/Foundation/Console/Kernel.php(198): Symfony/Component/Console/Application->run()
#20 C:/Users/Monami Sadhu/Music/🏫 Campus Lost & Found Portal – Authentication, CRUD, Search/artisan(10): Illuminate/Foundation/Console/Kernel->handle()
#21 {main}
"} 
[2026-08-04 15:26:29] production.ERROR: No application encryption key has been specified. {"exception":"[object] (Illuminate\\Encryption\\MissingAppKeyException(code: 0): No application encryption key has been specified. at C:/Users/Monami Sadhu/Music/🏫 Campus Lost & Found Portal – Authentication, CRUD, Search/vendor/laravel/framework/src/Illuminate/Encryption/EncryptionServiceProvider.php:83)
[stacktrace]
#0 C:/Users/Monami Sadhu/Music/🏫 Campus Lost & Found Portal – Authentication, CRUD, Search/vendor/laravel/framework/src/Illuminate/Support/helpers.php(393): Illuminate/Encryption/EncryptionServiceProvider->{closure:Illuminate/Encryption/EncryptionServiceProvider::key():81}()
#1 C:/Users/Monami Sadhu/Music/🏫 Campus Lost & Found Portal – Authentication, CRUD, Search/vendor/laravel/framework/src/Illuminate/Encryption/EncryptionServiceProvider.php(81): tap()
#2 C:/Users/Monami Sadhu/Music/🏫 Campus Lost & Found Portal – Authentication, CRUD, Search/vendor/laravel/framework/src/Illuminate/Encryption/EncryptionServiceProvider.php(64): Illuminate/Encryption/EncryptionServiceProvider->key()
#3 C:/Users/Monami Sadhu/Music/🏫 Campus Lost & Found Portal – Authentication, CRUD, Search/vendor/laravel/framework/src/Illuminate/Encryption/EncryptionServiceProvider.php(32): Illuminate/Encryption/EncryptionServiceProvider->parseKey()
#4 C:/Users/Monami Sadhu/Music/🏫 Campus Lost & Found Portal – Authentication, CRUD, Search/vendor/laravel/framework/src/Illuminate/Container/Container.php(1115): Illuminate/Encryption/EncryptionServiceProvider->{closure:Illuminate/Encryption/EncryptionServiceProvider::registerEncrypter():29}()
#5 C:/Users/Monami Sadhu/Music/🏫 Campus Lost & Found Portal – Authentication, CRUD, Search/vendor/laravel/framework/src/Illuminate/Container/Container.php(933): Illuminate/Container/Container->build()
#6 C:/Users/Monami Sadhu/Music/🏫 Campus Lost & Found Portal – Authentication, CRUD, Search/vendor/laravel/framework/src/Illuminate/Foundation/Application.php(1078): Illuminate/Container/Container->resolve()
#7 C:/Users/Monami Sadhu/Music/🏫 Campus Lost & Found Portal – Authentication, CRUD, Search/vendor/laravel/framework/src/Illuminate/Container/Container.php(864): Illuminate/Foundation/Application->resolve()
#8 C:/Users/Monami Sadhu/Music/🏫 Campus Lost & Found Portal – Authentication, CRUD, Search/vendor/laravel/framework/src/Illuminate/Foundation/Application.php(1058): Illuminate/Container/Container->make()
#9 C:/Users/Monami Sadhu/Music/🏫 Campus Lost & Found Portal – Authentication, CRUD, Search/vendor/laravel/framework/src/Illuminate/Container/Container.php(1336): Illuminate/Foundation/Application->make()
#10 C:/Users/Monami Sadhu/Music/🏫 Campus Lost & Found Portal – Authentication, CRUD, Search/vendor/laravel/framework/src/Illuminate/Container/Container.php(1237): Illuminate/Container/Container->resolveClass()
#11 C:/Users/Monami Sadhu/Music/🏫 Campus Lost & Found Portal – Authentication, CRUD, Search/vendor/laravel/framework/src/Illuminate/Container/Container.php(1162): Illuminate/Container/Container->resolveDependencies()
#12 C:/Users/Monami Sadhu/Music/🏫 Campus Lost & Found Portal – Authentication, CRUD, Search/vendor/laravel/framework/src/Illuminate/Container/Container.php(933): Illuminate/Container/Container->build()
#13 C:/Users/Monami Sadhu/Music/🏫 Campus Lost & Found Portal – Authentication, CRUD, Search/vendor/laravel/framework/src/Illuminate/Foundation/Application.php(1078): Illuminate/Container/Container->resolve()
#14 C:/Users/Monami Sadhu/Music/🏫 Campus Lost & Found Portal – Authentication, CRUD, Search/vendor/laravel/framework/src/Illuminate/Container/Container.php(864): Illuminate/Foundation/Application->resolve()
#15 C:/Users/Monami Sadhu/Music/🏫 Campus Lost & Found Portal – Authentication, CRUD, Search/vendor/laravel/framework/src/Illuminate/Foundation/Application.php(1058): Illuminate/Container/Container->make()
#16 C:/Users/Monami Sadhu/Music/🏫 Campus Lost & Found Portal – Authentication, CRUD, Search/vendor/laravel/framework/src/Illuminate/Pipeline/Pipeline.php(208): Illuminate/Foundation/Application->make()
#17 C:/Users/Monami Sadhu/Music/🏫 Campus Lost & Found Portal – Authentication, CRUD, Search/vendor/laravel/framework/src/Illuminate/Pipeline/Pipeline.php(137): Illuminate/Pipeline/Pipeline->{closure:{closure:Illuminate/Pipeline/Pipeline::carry():194}:195}()
#18 C:/Users/Monami Sadhu/Music/🏫 Campus Lost & Found Portal – Authentication, CRUD, Search/vendor/laravel/framework/src/Illuminate/Routing/Router.php(821): Illuminate/Pipeline/Pipeline->then()
#19 C:/Users/Monami Sadhu/Music/🏫 Campus Lost & Found Portal – Authentication, CRUD, Search/vendor/laravel/framework/src/Illuminate/Routing/Router.php(800): Illuminate/Routing/Router->runRouteWithinStack()
#20 C:/Users/Monami Sadhu/Music/🏫 Campus Lost & Found Portal – Authentication, CRUD, Search/vendor/laravel/framework/src/Illuminate/Routing/Router.php(764): Illuminate/Routing/Router->runRoute()
#21 C:/Users/Monami Sadhu/Music/🏫 Campus Lost & Found Portal – Authentication, CRUD, Search/vendor/laravel/framework/src/Illuminate/Routing/Router.php(753): Illuminate/Routing/Router->dispatchToRoute()
#22 C:/Users/Monami Sadhu/Music/🏫 Campus Lost & Found Portal – Authentication, CRUD, Search/vendor/laravel/framework/src/Illuminate/Foundation/Http/Kernel.php(200): Illuminate/Routing/Router->dispatch()
#23 C:/Users/Monami Sadhu/Music/🏫 Campus Lost & Found Portal – Authentication, CRUD, Search/vendor/laravel/framework/src/Illuminate/Pipeline/Pipeline.php(180): Illuminate/Foundation/Http/Kernel->{closure:Illuminate/Foundation/Http/Kernel::dispatchToRouter():197}()
#24 C:/Users/Monami Sadhu/Music/🏫 Campus Lost & Found Portal – Authentication, CRUD, Search/vendor/laravel/framework/src/Illuminate/Foundation/Http/Middleware/TransformsRequest.php(21): Illuminate/Pipeline/Pipeline->{closure:Illuminate/Pipeline/Pipeline::prepareDestination():178}()
#25 C:/Users/Monami Sadhu/Music/🏫 Campus Lost & Found Portal – Authentication, CRUD, Search/vendor/laravel/framework/src/Illuminate/Foundation/Http/Middleware/ConvertEmptyStringsToNull.php(31): Illuminate/Foundation/Http/Middleware/TransformsRequest->handle()
#26 C:/Users/Monami Sadhu/Music/🏫 Campus Lost & Found Portal – Authentication, CRUD, Search/vendor/laravel/framework/src/Illuminate/Pipeline/Pipeline.php(219): Illuminate/Foundation/Http/Middleware/ConvertEmptyStringsToNull->handle()
#27 C:/Users/Monami Sadhu/Music/🏫 Campus Lost & Found Portal – Authentication, CRUD, Search/vendor/laravel/framework/src/Illuminate/Foundation/Http/Middleware/TransformsRequest.php(21): Illuminate/Pipeline/Pipeline->{closure:{closure:Illuminate/Pipeline/Pipeline::carry():194}:195}()
#28 C:/Users/Monami Sadhu/Music/🏫 Campus Lost & Found Portal – Authentication, CRUD, Search/vendor/laravel/framework/src/Illuminate/Foundation/Http/Middleware/TrimStrings.php(51): Illuminate/Foundation/Http/Middleware/TransformsRequest->handle()
#29 C:/Users/Monami Sadhu/Music/🏫 Campus Lost & Found Portal – Authentication, CRUD, Search/vendor/laravel/framework/src/Illuminate/Pipeline/Pipeline.php(219): Illuminate/Foundation/Http/Middleware/TrimStrings->handle()
#30 C:/Users/Monami Sadhu/Music/🏫 Campus Lost & Found Portal – Authentication, CRUD, Search/vendor/laravel/framework/src/Illuminate/Http/Middleware/ValidatePostSize.php(27): Illuminate/Pipeline/Pipeline->{closure:{closure:Illuminate/Pipeline/Pipeline::carry():194}:195}()
#31 C:/Users/Monami Sadhu/Music/🏫 Campus Lost & Found Portal – Authentication, CRUD, Search/vendor/laravel/framework/src/Illuminate/Pipeline/Pipeline.php(219): Illuminate/Http/Middleware/ValidatePostSize->handle()
#32 C:/Users/Monami Sadhu/Music/🏫 Campus Lost & Found Portal – Authentication, CRUD, Search/vendor/laravel/framework/src/Illuminate/Foundation/Http/Middleware/PreventRequestsDuringMaintenance.php(109): Illuminate/Pipeline/Pipeline->{closure:{closure:Illuminate/Pipeline/Pipeline::carry():194}:195}()
#33 C:/Users/Monami Sadhu/Music/🏫 Campus Lost & Found Portal – Authentication, CRUD, Search/vendor/laravel/framework/src/Illuminate/Pipeline/Pipeline.php(219): Illuminate/Foundation/Http/Middleware/PreventRequestsDuringMaintenance->handle()
#34 C:/Users/Monami Sadhu/Music/🏫 Campus Lost & Found Portal – Authentication, CRUD, Search/vendor/laravel/framework/src/Illuminate/Http/Middleware/HandleCors.php(61): Illuminate/Pipeline/Pipeline->{closure:{closure:Illuminate/Pipeline/Pipeline::carry():194}:195}()
#35 C:/Users/Monami Sadhu/Music/🏫 Campus Lost & Found Portal – Authentication, CRUD, Search/vendor/laravel/framework/src/Illuminate/Pipeline/Pipeline.php(219): Illuminate/Http/Middleware/HandleCors->handle()
#36 C:/Users/Monami Sadhu/Music/🏫 Campus Lost & Found Portal – Authentication, CRUD, Search/vendor/laravel/framework/src/Illuminate/Http/Middleware/TrustProxies.php(58): Illuminate/Pipeline/Pipeline->{closure:{closure:Illuminate/Pipeline/Pipeline::carry():194}:195}()
#37 C:/Users/Monami Sadhu/Music/🏫 Campus Lost & Found Portal – Authentication, CRUD, Search/vendor/laravel/framework/src/Illuminate/Pipeline/Pipeline.php(219): Illuminate/Http/Middleware/TrustProxies->handle()
#38 C:/Users/Monami Sadhu/Music/🏫 Campus Lost & Found Portal – Authentication, CRUD, Search/vendor/laravel/framework/src/Illuminate/Foundation/Http/Middleware/InvokeDeferredCallbacks.php(22): Illuminate/Pipeline/Pipeline->{closure:{closure:Illuminate/Pipeline/Pipeline::carry():194}:195}()
#39 C:/Users/Monami Sadhu/Music/🏫 Campus Lost & Found Portal – Authentication, CRUD, Search/vendor/laravel/framework/src/Illuminate/Pipeline/Pipeline.php(219): Illuminate/Foundation/Http/Middleware/InvokeDeferredCallbacks->handle()
#40 C:/Users/Monami Sadhu/Music/🏫 Campus Lost & Found Portal – Authentication, CRUD, Search/vendor/laravel/framework/src/Illuminate/Http/Middleware/ValidatePathEncoding.php(26): Illuminate/Pipeline/Pipeline->{closure:{closure:Illuminate/Pipeline/Pipeline::carry():194}:195}()
#41 C:/Users/Monami Sadhu/Music/🏫 Campus Lost & Found Portal – Authentication, CRUD, Search/vendor/laravel/framework/src/Illuminate/Pipeline/Pipeline.php(219): Illuminate/Http/Middleware/ValidatePathEncoding->handle()
#42 C:/Users/Monami Sadhu/Music/🏫 Campus Lost & Found Portal – Authentication, CRUD, Search/vendor/laravel/framework/src/Illuminate/Pipeline/Pipeline.php(137): Illuminate/Pipeline/Pipeline->{closure:{closure:Illuminate/Pipeline/Pipeline::carry():194}:195}()
#43 C:/Users/Monami Sadhu/Music/🏫 Campus Lost & Found Portal – Authentication, CRUD, Search/vendor/laravel/framework/src/Illuminate/Foundation/Http/Kernel.php(175): Illuminate/Pipeline/Pipeline->then()
#44 C:/Users/Monami Sadhu/Music/🏫 Campus Lost & Found Portal – Authentication, CRUD, Search/vendor/laravel/framework/src/Illuminate/Foundation/Http/Kernel.php(144): Illuminate/Foundation/Http/Kernel->sendRequestThroughRouter()
#45 C:/Users/Monami Sadhu/Music/🏫 Campus Lost & Found Portal – Authentication, CRUD, Search/vendor/laravel/framework/src/Illuminate/Foundation/Testing/Concerns/MakesHttpRequests.php(607): Illuminate/Foundation/Http/Kernel->handle()
#46 C:/Users/Monami Sadhu/Music/🏫 Campus Lost & Found Portal – Authentication, CRUD, Search/vendor/laravel/framework/src/Illuminate/Foundation/Testing/Concerns/MakesHttpRequests.php(368): Illuminate/Foundation/Testing/TestCase->call()
#47 C:/Users/Monami Sadhu/Music/🏫 Campus Lost & Found Portal – Authentication, CRUD, Search/tests/Feature/HomePageTest.php(11): Illuminate/Foundation/Testing/TestCase->get()
#48 C:/Users/Monami Sadhu/Music/🏫 Campus Lost & Found Portal – Authentication, CRUD, Search/vendor/phpunit/phpunit/src/Framework/TestCase.php(1667): Tests/Feature/HomePageTest->test_home_page_is_accessible()
#49 C:/Users/Monami Sadhu/Music/🏫 Campus Lost & Found Portal – Authentication, CRUD, Search/vendor/phpunit/phpunit/src/Framework/TestCase.php(519): PHPUnit/Framework/TestCase->runTest()
#50 C:/Users/Monami Sadhu/Music/🏫 Campus Lost & Found Portal – Authentication, CRUD, Search/vendor/phpunit/phpunit/src/Framework/TestRunner/TestRunner.php(87): PHPUnit/Framework/TestCase->runBare()
#51 C:/Users/Monami Sadhu/Music/🏫 Campus Lost & Found Portal – Authentication, CRUD, Search/vendor/phpunit/phpunit/src/Framework/TestCase.php(365): PHPUnit/Framework/TestRunner->run()
#52 C:/Users/Monami Sadhu/Music/🏫 Campus Lost & Found Portal – Authentication, CRUD, Search/vendor/phpunit/phpunit/src/Framework/TestSuite.php(369): PHPUnit/Framework/TestCase->run()
#53 C:/Users/Monami Sadhu/Music/🏫 Campus Lost & Found Portal – Authentication, CRUD, Search/vendor/phpunit/phpunit/src/Framework/TestSuite.php(369): PHPUnit/Framework/TestSuite->run()
#54 C:/Users/Monami Sadhu/Music/🏫 Campus Lost & Found Portal – Authentication, CRUD, Search/vendor/phpunit/phpunit/src/Framework/TestSuite.php(369): PHPUnit/Framework/TestSuite->run()
#55 C:/Users/Monami Sadhu/Music/🏫 Campus Lost & Found Portal – Authentication, CRUD, Search/vendor/phpunit/phpunit/src/TextUI/TestRunner.php(64): PHPUnit/Framework/TestSuite->run()
#56 C:/Users/Monami Sadhu/Music/🏫 Campus Lost & Found Portal – Authentication, CRUD, Search/vendor/phpunit/phpunit/src/TextUI/Application.php(211): PHPUnit/TextUI/TestRunner->run()
#57 C:/Users/Monami Sadhu/Music/🏫 Campus Lost & Found Portal – Authentication, CRUD, Search/vendor/phpunit/phpunit/phpunit(104): PHPUnit/TextUI/Application->run()
#58 {main}
"} 
[2026-08-04 15:26:29] production.ERROR: Please provide a valid cache path. {"exception":"[object] (InvalidArgumentException(code: 0): Please provide a valid cache path. at C:/Users/Monami Sadhu/Music/🏫 Campus Lost & Found Portal – Authentication, CRUD, Search/vendor/laravel/framework/src/Illuminate/View/Compilers/Compiler.php:75)
[stacktrace]
#0 C:/Users/Monami Sadhu/Music/🏫 Campus Lost & Found Portal – Authentication, CRUD, Search/vendor/laravel/framework/src/Illuminate/View/ViewServiceProvider.php(97): Illuminate/View/Compilers/Compiler->__construct()
#1 C:/Users/Monami Sadhu/Music/🏫 Campus Lost & Found Portal – Authentication, CRUD, Search/vendor/laravel/framework/src/Illuminate/Container/Container.php(1115): Illuminate/View/ViewServiceProvider->{closure:Illuminate/View/ViewServiceProvider::registerBladeCompiler():96}()
#2 C:/Users/Monami Sadhu/Music/🏫 Campus Lost & Found Portal – Authentication, CRUD, Search/vendor/laravel/framework/src/Illuminate/Container/Container.php(933): Illuminate/Container/Container->build()
#3 C:/Users/Monami Sadhu/Music/🏫 Campus Lost & Found Portal – Authentication, CRUD, Search/vendor/laravel/framework/src/Illuminate/Foundation/Application.php(1078): Illuminate/Container/Container->resolve()
#4 C:/Users/Monami Sadhu/Music/🏫 Campus Lost & Found Portal – Authentication, CRUD, Search/vendor/laravel/framework/src/Illuminate/Container/Container.php(864): Illuminate/Foundation/Application->resolve()
#5 C:/Users/Monami Sadhu/Music/🏫 Campus Lost & Found Portal – Authentication, CRUD, Search/vendor/laravel/framework/src/Illuminate/Foundation/Application.php(1058): Illuminate/Container/Container->make()
#6 C:/Users/Monami Sadhu/Music/🏫 Campus Lost & Found Portal – Authentication, CRUD, Search/vendor/laravel/framework/src/Illuminate/View/ViewServiceProvider.php(169): Illuminate/Foundation/Application->make()
#7 [internal function]: Illuminate/View/ViewServiceProvider->{closure:Illuminate/View/ViewServiceProvider::registerBladeEngine():165}()
#8 C:/Users/Monami Sadhu/Music/🏫 Campus Lost & Found Portal – Authentication, CRUD, Search/vendor/laravel/framework/src/Illuminate/View/Engines/EngineResolver.php(55): call_user_func()
#9 C:/Users/Monami Sadhu/Music/🏫 Campus Lost & Found Portal – Authentication, CRUD, Search/vendor/laravel/framework/src/Illuminate/View/Factory.php(325): Illuminate/View/Engines/EngineResolver->resolve()
#10 C:/Users/Monami Sadhu/Music/🏫 Campus Lost & Found Portal – Authentication, CRUD, Search/vendor/laravel/framework/src/Illuminate/View/Factory.php(287): Illuminate/View/Factory->getEngineFromPath()
#11 C:/Users/Monami Sadhu/Music/🏫 Campus Lost & Found Portal – Authentication, CRUD, Search/vendor/laravel/framework/src/Illuminate/View/Factory.php(159): Illuminate/View/Factory->viewInstance()
#12 C:/Users/Monami Sadhu/Music/🏫 Campus Lost & Found Portal – Authentication, CRUD, Search/vendor/laravel/framework/src/Illuminate/Routing/ResponseFactory.php(91): Illuminate/View/Factory->make()
#13 C:/Users/Monami Sadhu/Music/🏫 Campus Lost & Found Portal – Authentication, CRUD, Search/vendor/laravel/framework/src/Illuminate/Foundation/Exceptions/Handler.php(926): Illuminate/Routing/ResponseFactory->view()
#14 C:/Users/Monami Sadhu/Music/🏫 Campus Lost & Found Portal – Authentication, CRUD, Search/vendor/laravel/framework/src/Illuminate/Foundation/Exceptions/Handler.php(847): Illuminate/Foundation/Exceptions/Handler->renderHttpException()
#15 C:/Users/Monami Sadhu/Music/🏫 Campus Lost & Found Portal – Authentication, CRUD, Search/vendor/laravel/framework/src/Illuminate/Foundation/Exceptions/Handler.php(738): Illuminate/Foundation/Exceptions/Handler->prepareResponse()
#16 C:/Users/Monami Sadhu/Music/🏫 Campus Lost & Found Portal – Authentication, CRUD, Search/vendor/laravel/framework/src/Illuminate/Foundation/Exceptions/Handler.php(626): Illuminate/Foundation/Exceptions/Handler->renderExceptionResponse()
#17 C:/Users/Monami Sadhu/Music/🏫 Campus Lost & Found Portal – Authentication, CRUD, Search/vendor/nunomaduro/collision/src/Adapters/Laravel/ExceptionHandler.php(55): Illuminate/Foundation/Exceptions/Handler->render()
#18 C:/Users/Monami Sadhu/Music/🏫 Campus Lost & Found Portal – Authentication, CRUD, Search/vendor/laravel/framework/src/Illuminate/Routing/Pipeline.php(51): NunoMaduro/Collision/Adapters/Laravel/ExceptionHandler->render()
#19 C:/Users/Monami Sadhu/Music/🏫 Campus Lost & Found Portal – Authentication, CRUD, Search/vendor/laravel/framework/src/Illuminate/Pipeline/Pipeline.php(224): Illuminate/Routing/Pipeline->handleException()
#20 C:/Users/Monami Sadhu/Music/🏫 Campus Lost & Found Portal – Authentication, CRUD, Search/vendor/laravel/framework/src/Illuminate/Pipeline/Pipeline.php(137): Illuminate/Pipeline/Pipeline->{closure:{closure:Illuminate/Pipeline/Pipeline::carry():194}:195}()
#21 C:/Users/Monami Sadhu/Music/🏫 Campus Lost & Found Portal – Authentication, CRUD, Search/vendor/laravel/framework/src/Illuminate/Routing/Router.php(821): Illuminate/Pipeline/Pipeline->then()
#22 C:/Users/Monami Sadhu/Music/🏫 Campus Lost & Found Portal – Authentication, CRUD, Search/vendor/laravel/framework/src/Illuminate/Routing/Router.php(800): Illuminate/Routing/Router->runRouteWithinStack()
#23 C:/Users/Monami Sadhu/Music/🏫 Campus Lost & Found Portal – Authentication, CRUD, Search/vendor/laravel/framework/src/Illuminate/Routing/Router.php(764): Illuminate/Routing/Router->runRoute()
#24 C:/Users/Monami Sadhu/Music/🏫 Campus Lost & Found Portal – Authentication, CRUD, Search/vendor/laravel/framework/src/Illuminate/Routing/Router.php(753): Illuminate/Routing/Router->dispatchToRoute()
#25 C:/Users/Monami Sadhu/Music/🏫 Campus Lost & Found Portal – Authentication, CRUD, Search/vendor/laravel/framework/src/Illuminate/Foundation/Http/Kernel.php(200): Illuminate/Routing/Router->dispatch()
#26 C:/Users/Monami Sadhu/Music/🏫 Campus Lost & Found Portal – Authentication, CRUD, Search/vendor/laravel/framework/src/Illuminate/Pipeline/Pipeline.php(180): Illuminate/Foundation/Http/Kernel->{closure:Illuminate/Foundation/Http/Kernel::dispatchToRouter():197}()
#27 C:/Users/Monami Sadhu/Music/🏫 Campus Lost & Found Portal – Authentication, CRUD, Search/vendor/laravel/framework/src/Illuminate/Foundation/Http/Middleware/TransformsRequest.php(21): Illuminate/Pipeline/Pipeline->{closure:Illuminate/Pipeline/Pipeline::prepareDestination():178}()
#28 C:/Users/Monami Sadhu/Music/🏫 Campus Lost & Found Portal – Authentication, CRUD, Search/vendor/laravel/framework/src/Illuminate/Foundation/Http/Middleware/ConvertEmptyStringsToNull.php(31): Illuminate/Foundation/Http/Middleware/TransformsRequest->handle()
#29 C:/Users/Monami Sadhu/Music/🏫 Campus Lost & Found Portal – Authentication, CRUD, Search/vendor/laravel/framework/src/Illuminate/Pipeline/Pipeline.php(219): Illuminate/Foundation/Http/Middleware/ConvertEmptyStringsToNull->handle()
#30 C:/Users/Monami Sadhu/Music/🏫 Campus Lost & Found Portal – Authentication, CRUD, Search/vendor/laravel/framework/src/Illuminate/Foundation/Http/Middleware/TransformsRequest.php(21): Illuminate/Pipeline/Pipeline->{closure:{closure:Illuminate/Pipeline/Pipeline::carry():194}:195}()
#31 C:/Users/Monami Sadhu/Music/🏫 Campus Lost & Found Portal – Authentication, CRUD, Search/vendor/laravel/framework/src/Illuminate/Foundation/Http/Middleware/TrimStrings.php(51): Illuminate/Foundation/Http/Middleware/TransformsRequest->handle()
#32 C:/Users/Monami Sadhu/Music/🏫 Campus Lost & Found Portal – Authentication, CRUD, Search/vendor/laravel/framework/src/Illuminate/Pipeline/Pipeline.php(219): Illuminate/Foundation/Http/Middleware/TrimStrings->handle()
#33 C:/Users/Monami Sadhu/Music/🏫 Campus Lost & Found Portal – Authentication, CRUD, Search/vendor/laravel/framework/src/Illuminate/Http/Middleware/ValidatePostSize.php(27): Illuminate/Pipeline/Pipeline->{closure:{closure:Illuminate/Pipeline/Pipeline::carry():194}:195}()
#34 C:/Users/Monami Sadhu/Music/🏫 Campus Lost & Found Portal – Authentication, CRUD, Search/vendor/laravel/framework/src/Illuminate/Pipeline/Pipeline.php(219): Illuminate/Http/Middleware/ValidatePostSize->handle()
#35 C:/Users/Monami Sadhu/Music/🏫 Campus Lost & Found Portal – Authentication, CRUD, Search/vendor/laravel/framework/src/Illuminate/Foundation/Http/Middleware/PreventRequestsDuringMaintenance.php(109): Illuminate/Pipeline/Pipeline->{closure:{closure:Illuminate/Pipeline/Pipeline::carry():194}:195}()
#36 C:/Users/Monami Sadhu/Music/🏫 Campus Lost & Found Portal – Authentication, CRUD, Search/vendor/laravel/framework/src/Illuminate/Pipeline/Pipeline.php(219): Illuminate/Foundation/Http/Middleware/PreventRequestsDuringMaintenance->handle()
#37 C:/Users/Monami Sadhu/Music/🏫 Campus Lost & Found Portal – Authentication, CRUD, Search/vendor/laravel/framework/src/Illuminate/Http/Middleware/HandleCors.php(61): Illuminate/Pipeline/Pipeline->{closure:{closure:Illuminate/Pipeline/Pipeline::carry():194}:195}()
#38 C:/Users/Monami Sadhu/Music/🏫 Campus Lost & Found Portal – Authentication, CRUD, Search/vendor/laravel/framework/src/Illuminate/Pipeline/Pipeline.php(219): Illuminate/Http/Middleware/HandleCors->handle()
#39 C:/Users/Monami Sadhu/Music/🏫 Campus Lost & Found Portal – Authentication, CRUD, Search/vendor/laravel/framework/src/Illuminate/Http/Middleware/TrustProxies.php(58): Illuminate/Pipeline/Pipeline->{closure:{closure:Illuminate/Pipeline/Pipeline::carry():194}:195}()
#40 C:/Users/Monami Sadhu/Music/🏫 Campus Lost & Found Portal – Authentication, CRUD, Search/vendor/laravel/framework/src/Illuminate/Pipeline/Pipeline.php(219): Illuminate/Http/Middleware/TrustProxies->handle()
#41 C:/Users/Monami Sadhu/Music/🏫 Campus Lost & Found Portal – Authentication, CRUD, Search/vendor/laravel/framework/src/Illuminate/Foundation/Http/Middleware/InvokeDeferredCallbacks.php(22): Illuminate/Pipeline/Pipeline->{closure:{closure:Illuminate/Pipeline/Pipeline::carry():194}:195}()
#42 C:/Users/Monami Sadhu/Music/🏫 Campus Lost & Found Portal – Authentication, CRUD, Search/vendor/laravel/framework/src/Illuminate/Pipeline/Pipeline.php(219): Illuminate/Foundation/Http/Middleware/InvokeDeferredCallbacks->handle()
#43 C:/Users/Monami Sadhu/Music/🏫 Campus Lost & Found Portal – Authentication, CRUD, Search/vendor/laravel/framework/src/Illuminate/Http/Middleware/ValidatePathEncoding.php(26): Illuminate/Pipeline/Pipeline->{closure:{closure:Illuminate/Pipeline/Pipeline::carry():194}:195}()
#44 C:/Users/Monami Sadhu/Music/🏫 Campus Lost & Found Portal – Authentication, CRUD, Search/vendor/laravel/framework/src/Illuminate/Pipeline/Pipeline.php(219): Illuminate/Http/Middleware/ValidatePathEncoding->handle()
#45 C:/Users/Monami Sadhu/Music/🏫 Campus Lost & Found Portal – Authentication, CRUD, Search/vendor/laravel/framework/src/Illuminate/Pipeline/Pipeline.php(137): Illuminate/Pipeline/Pipeline->{closure:{closure:Illuminate/Pipeline/Pipeline::carry():194}:195}()
#46 C:/Users/Monami Sadhu/Music/🏫 Campus Lost & Found Portal – Authentication, CRUD, Search/vendor/laravel/framework/src/Illuminate/Foundation/Http/Kernel.php(175): Illuminate/Pipeline/Pipeline->then()
#47 C:/Users/Monami Sadhu/Music/🏫 Campus Lost & Found Portal – Authentication, CRUD, Search/vendor/laravel/framework/src/Illuminate/Foundation/Http/Kernel.php(144): Illuminate/Foundation/Http/Kernel->sendRequestThroughRouter()
#48 C:/Users/Monami Sadhu/Music/🏫 Campus Lost & Found Portal – Authentication, CRUD, Search/vendor/laravel/framework/src/Illuminate/Foundation/Testing/Concerns/MakesHttpRequests.php(607): Illuminate/Foundation/Http/Kernel->handle()
#49 C:/Users/Monami Sadhu/Music/🏫 Campus Lost & Found Portal – Authentication, CRUD, Search/vendor/laravel/framework/src/Illuminate/Foundation/Testing/Concerns/MakesHttpRequests.php(368): Illuminate/Foundation/Testing/TestCase->call()
#50 C:/Users/Monami Sadhu/Music/🏫 Campus Lost & Found Portal – Authentication, CRUD, Search/tests/Feature/HomePageTest.php(11): Illuminate/Foundation/Testing/TestCase->get()
#51 C:/Users/Monami Sadhu/Music/🏫 Campus Lost & Found Portal – Authentication, CRUD, Search/vendor/phpunit/phpunit/src/Framework/TestCase.php(1667): Tests/Feature/HomePageTest->test_home_page_is_accessible()
#52 C:/Users/Monami Sadhu/Music/🏫 Campus Lost & Found Portal – Authentication, CRUD, Search/vendor/phpunit/phpunit/src/Framework/TestCase.php(519): PHPUnit/Framework/TestCase->runTest()
#53 C:/Users/Monami Sadhu/Music/🏫 Campus Lost & Found Portal – Authentication, CRUD, Search/vendor/phpunit/phpunit/src/Framework/TestRunner/TestRunner.php(87): PHPUnit/Framework/TestCase->runBare()
#54 C:/Users/Monami Sadhu/Music/🏫 Campus Lost & Found Portal – Authentication, CRUD, Search/vendor/phpunit/phpunit/src/Framework/TestCase.php(365): PHPUnit/Framework/TestRunner->run()
#55 C:/Users/Monami Sadhu/Music/🏫 Campus Lost & Found Portal – Authentication, CRUD, Search/vendor/phpunit/phpunit/src/Framework/TestSuite.php(369): PHPUnit/Framework/TestCase->run()
#56 C:/Users/Monami Sadhu/Music/🏫 Campus Lost & Found Portal – Authentication, CRUD, Search/vendor/phpunit/phpunit/src/Framework/TestSuite.php(369): PHPUnit/Framework/TestSuite->run()
#57 C:/Users/Monami Sadhu/Music/🏫 Campus Lost & Found Portal – Authentication, CRUD, Search/vendor/phpunit/phpunit/src/Framework/TestSuite.php(369): PHPUnit/Framework/TestSuite->run()
#58 C:/Users/Monami Sadhu/Music/🏫 Campus Lost & Found Portal – Authentication, CRUD, Search/vendor/phpunit/phpunit/src/TextUI/TestRunner.php(64): PHPUnit/Framework/TestSuite->run()
#59 C:/Users/Monami Sadhu/Music/🏫 Campus Lost & Found Portal – Authentication, CRUD, Search/vendor/phpunit/phpunit/src/TextUI/Application.php(211): PHPUnit/TextUI/TestRunner->run()
#60 C:/Users/Monami Sadhu/Music/🏫 Campus Lost & Found Portal – Authentication, CRUD, Search/vendor/phpunit/phpunit/phpunit(104): PHPUnit/TextUI/Application->run()
#61 {main}
"} 
[2026-08-04 15:26:37] production.ERROR: file_get_contents(C:\Users\Monami Sadhu\Music\🏫 Campus Lost & Found Portal – Authentication, CRUD, Search\.env): Failed to open stream: No such file or directory {"exception":"[object] (ErrorException(code: 0): file_get_contents(C:\\Users\\Monami Sadhu\\Music\\🏫 Campus Lost & Found Portal – Authentication, CRUD, Search\\.env): Failed to open stream: No such file or directory at C:/Users/Monami Sadhu/Music/🏫 Campus Lost & Found Portal – Authentication, CRUD, Search/vendor/laravel/framework/src/Illuminate/Foundation/Console/KeyGenerateCommand.php:100)
[stacktrace]
#0 C:/Users/Monami Sadhu/Music/🏫 Campus Lost & Found Portal – Authentication, CRUD, Search/vendor/laravel/framework/src/Illuminate/Foundation/Bootstrap/HandleExceptions.php(262): Illuminate/Foundation/Bootstrap/HandleExceptions->handleError()
#1 [internal function]: Illuminate/Foundation/Bootstrap/HandleExceptions->{closure:Illuminate/Foundation/Bootstrap/HandleExceptions::forwardsTo():261}()
#2 C:/Users/Monami Sadhu/Music/🏫 Campus Lost & Found Portal – Authentication, CRUD, Search/vendor/laravel/framework/src/Illuminate/Foundation/Console/KeyGenerateCommand.php(100): file_get_contents()
#3 C:/Users/Monami Sadhu/Music/🏫 Campus Lost & Found Portal – Authentication, CRUD, Search/vendor/laravel/framework/src/Illuminate/Foundation/Console/KeyGenerateCommand.php(82): Illuminate/Foundation/Console/KeyGenerateCommand->writeNewEnvironmentFileWith()
#4 C:/Users/Monami Sadhu/Music/🏫 Campus Lost & Found Portal – Authentication, CRUD, Search/vendor/laravel/framework/src/Illuminate/Foundation/Console/KeyGenerateCommand.php(47): Illuminate/Foundation/Console/KeyGenerateCommand->setKeyInEnvironmentFile()
#5 C:/Users/Monami Sadhu/Music/🏫 Campus Lost & Found Portal – Authentication, CRUD, Search/vendor/laravel/framework/src/Illuminate/Container/BoundMethod.php(36): Illuminate/Foundation/Console/KeyGenerateCommand->handle()
#6 C:/Users/Monami Sadhu/Music/🏫 Campus Lost & Found Portal – Authentication, CRUD, Search/vendor/laravel/framework/src/Illuminate/Container/Util.php(43): Illuminate/Container/BoundMethod::{closure:Illuminate/Container/BoundMethod::call():35}()
#7 C:/Users/Monami Sadhu/Music/🏫 Campus Lost & Found Portal – Authentication, CRUD, Search/vendor/laravel/framework/src/Illuminate/Container/BoundMethod.php(96): Illuminate/Container/Util::unwrapIfClosure()
#8 C:/Users/Monami Sadhu/Music/🏫 Campus Lost & Found Portal – Authentication, CRUD, Search/vendor/laravel/framework/src/Illuminate/Container/BoundMethod.php(35): Illuminate/Container/BoundMethod::callBoundMethod()
#9 C:/Users/Monami Sadhu/Music/🏫 Campus Lost & Found Portal – Authentication, CRUD, Search/vendor/laravel/framework/src/Illuminate/Container/Container.php(799): Illuminate/Container/BoundMethod::call()
#10 C:/Users/Monami Sadhu/Music/🏫 Campus Lost & Found Portal – Authentication, CRUD, Search/vendor/laravel/framework/src/Illuminate/Console/Command.php(211): Illuminate/Container/Container->call()
#11 C:/Users/Monami Sadhu/Music/🏫 Campus Lost & Found Portal – Authentication, CRUD, Search/vendor/symfony/console/Command/Command.php(341): Illuminate/Console/Command->execute()
#12 C:/Users/Monami Sadhu/Music/🏫 Campus Lost & Found Portal – Authentication, CRUD, Search/vendor/laravel/framework/src/Illuminate/Console/Command.php(180): Symfony/Component/Console/Command/Command->run()
#13 C:/Users/Monami Sadhu/Music/🏫 Campus Lost & Found Portal – Authentication, CRUD, Search/vendor/symfony/console/Application.php(1117): Illuminate/Console/Command->run()
#14 C:/Users/Monami Sadhu/Music/🏫 Campus Lost & Found Portal – Authentication, CRUD, Search/vendor/symfony/console/Application.php(356): Symfony/Component/Console/Application->doRunCommand()
#15 C:/Users/Monami Sadhu/Music/🏫 Campus Lost & Found Portal – Authentication, CRUD, Search/vendor/symfony/console/Application.php(195): Symfony/Component/Console/Application->doRun()
#16 C:/Users/Monami Sadhu/Music/🏫 Campus Lost & Found Portal – Authentication, CRUD, Search/vendor/laravel/framework/src/Illuminate/Foundation/Console/Kernel.php(198): Symfony/Component/Console/Application->run()
#17 C:/Users/Monami Sadhu/Music/🏫 Campus Lost & Found Portal – Authentication, CRUD, Search/artisan(10): Illuminate/Foundation/Console/Kernel->handle()
#18 {main}
"} 
[2026-08-04 15:26:56] local.ERROR: SQLSTATE[HY000] [1045] Access denied for user 'root'@'localhost' (using password: NO) (Connection: mysql, Host: 127.0.0.1, Port: 3306, Database: campus_lost_found, SQL: select * from `items` order by `created_at` desc limit 6) {"exception":"[object] (Illuminate\\Database\\QueryException(code: 1045): SQLSTATE[HY000] [1045] Access denied for user 'root'@'localhost' (using password: NO) (Connection: mysql, Host: 127.0.0.1, Port: 3306, Database: campus_lost_found, SQL: select * from `items` order by `created_at` desc limit 6) at C:/Users/Monami Sadhu/Music/🏫 Campus Lost & Found Portal – Authentication, CRUD, Search/vendor/laravel/framework/src/Illuminate/Database/Connection.php:838)
[stacktrace]
#0 C:/Users/Monami Sadhu/Music/🏫 Campus Lost & Found Portal – Authentication, CRUD, Search/vendor/laravel/framework/src/Illuminate/Database/Connection.php(999): Illuminate/Database/Connection->runQueryCallback()
#1 C:/Users/Monami Sadhu/Music/🏫 Campus Lost & Found Portal – Authentication, CRUD, Search/vendor/laravel/framework/src/Illuminate/Database/Connection.php(978): Illuminate/Database/Connection->tryAgainIfCausedByLostConnection()
#2 C:/Users/Monami Sadhu/Music/🏫 Campus Lost & Found Portal – Authentication, CRUD, Search/vendor/laravel/framework/src/Illuminate/Database/Connection.php(796): Illuminate/Database/Connection->handleQueryException()
#3 C:/Users/Monami Sadhu/Music/🏫 Campus Lost & Found Portal – Authentication, CRUD, Search/vendor/laravel/framework/src/Illuminate/Database/Connection.php(411): Illuminate/Database/Connection->run()
#4 C:/Users/Monami Sadhu/Music/🏫 Campus Lost & Found Portal – Authentication, CRUD, Search/vendor/laravel/framework/src/Illuminate/Database/Query/Builder.php(3505): Illuminate/Database/Connection->select()
#5 C:/Users/Monami Sadhu/Music/🏫 Campus Lost & Found Portal – Authentication, CRUD, Search/vendor/laravel/framework/src/Illuminate/Database/Query/Builder.php(3490): Illuminate/Database/Query/Builder->runSelect()
#6 C:/Users/Monami Sadhu/Music/🏫 Campus Lost & Found Portal – Authentication, CRUD, Search/vendor/laravel/framework/src/Illuminate/Database/Query/Builder.php(4080): Illuminate/Database/Query/Builder->{closure:Illuminate/Database/Query/Builder::get():3489}()
#7 C:/Users/Monami Sadhu/Music/🏫 Campus Lost & Found Portal – Authentication, CRUD, Search/vendor/laravel/framework/src/Illuminate/Database/Query/Builder.php(3489): Illuminate/Database/Query/Builder->onceWithColumns()
#8 C:/Users/Monami Sadhu/Music/🏫 Campus Lost & Found Portal – Authentication, CRUD, Search/vendor/laravel/framework/src/Illuminate/Database/Eloquent/Builder.php(902): Illuminate/Database/Query/Builder->get()
#9 C:/Users/Monami Sadhu/Music/🏫 Campus Lost & Found Portal – Authentication, CRUD, Search/vendor/laravel/framework/src/Illuminate/Database/Eloquent/Builder.php(884): Illuminate/Database/Eloquent/Builder->getModels()
#10 C:/Users/Monami Sadhu/Music/🏫 Campus Lost & Found Portal – Authentication, CRUD, Search/app/Http/Controllers/PageController.php(11): Illuminate/Database/Eloquent/Builder->get()
#11 C:/Users/Monami Sadhu/Music/🏫 Campus Lost & Found Portal – Authentication, CRUD, Search/vendor/laravel/framework/src/Illuminate/Routing/Controller.php(54): App/Http/Controllers/PageController->home()
#12 C:/Users/Monami Sadhu/Music/🏫 Campus Lost & Found Portal – Authentication, CRUD, Search/vendor/laravel/framework/src/Illuminate/Routing/ControllerDispatcher.php(43): Illuminate/Routing/Controller->callAction()
#13 C:/Users/Monami Sadhu/Music/🏫 Campus Lost & Found Portal – Authentication, CRUD, Search/vendor/laravel/framework/src/Illuminate/Routing/Route.php(265): Illuminate/Routing/ControllerDispatcher->dispatch()
#14 C:/Users/Monami Sadhu/Music/🏫 Campus Lost & Found Portal – Authentication, CRUD, Search/vendor/laravel/framework/src/Illuminate/Routing/Route.php(211): Illuminate/Routing/Route->runController()
#15 C:/Users/Monami Sadhu/Music/🏫 Campus Lost & Found Portal – Authentication, CRUD, Search/vendor/laravel/framework/src/Illuminate/Routing/Router.php(822): Illuminate/Routing/Route->run()
#16 C:/Users/Monami Sadhu/Music/🏫 Campus Lost & Found Portal – Authentication, CRUD, Search/vendor/laravel/framework/src/Illuminate/Pipeline/Pipeline.php(180): Illuminate/Routing/Router->{closure:Illuminate/Routing/Router::runRouteWithinStack():821}()
#17 C:/Users/Monami Sadhu/Music/🏫 Campus Lost & Found Portal – Authentication, CRUD, Search/vendor/laravel/framework/src/Illuminate/Routing/Middleware/SubstituteBindings.php(50): Illuminate/Pipeline/Pipeline->{closure:Illuminate/Pipeline/Pipeline::prepareDestination():178}()
#18 C:/Users/Monami Sadhu/Music/🏫 Campus Lost & Found Portal – Authentication, CRUD, Search/vendor/laravel/framework/src/Illuminate/Pipeline/Pipeline.php(219): Illuminate/Routing/Middleware/SubstituteBindings->handle()
#19 C:/Users/Monami Sadhu/Music/🏫 Campus Lost & Found Portal – Authentication, CRUD, Search/vendor/laravel/framework/src/Illuminate/Foundation/Http/Middleware/VerifyCsrfToken.php(87): Illuminate/Pipeline/Pipeline->{closure:{closure:Illuminate/Pipeline/Pipeline::carry():194}:195}()
#20 C:/Users/Monami Sadhu/Music/🏫 Campus Lost & Found Portal – Authentication, CRUD, Search/vendor/laravel/framework/src/Illuminate/Pipeline/Pipeline.php(219): Illuminate/Foundation/Http/Middleware/VerifyCsrfToken->handle()
#21 C:/Users/Monami Sadhu/Music/🏫 Campus Lost & Found Portal – Authentication, CRUD, Search/vendor/laravel/framework/src/Illuminate/View/Middleware/ShareErrorsFromSession.php(48): Illuminate/Pipeline/Pipeline->{closure:{closure:Illuminate/Pipeline/Pipeline::carry():194}:195}()
#22 C:/Users/Monami Sadhu/Music/🏫 Campus Lost & Found Portal – Authentication, CRUD, Search/vendor/laravel/framework/src/Illuminate/Pipeline/Pipeline.php(219): Illuminate/View/Middleware/ShareErrorsFromSession->handle()
#23 C:/Users/Monami Sadhu/Music/🏫 Campus Lost & Found Portal – Authentication, CRUD, Search/vendor/laravel/framework/src/Illuminate/Session/Middleware/StartSession.php(120): Illuminate/Pipeline/Pipeline->{closure:{closure:Illuminate/Pipeline/Pipeline::carry():194}:195}()
#24 C:/Users/Monami Sadhu/Music/🏫 Campus Lost & Found Portal – Authentication, CRUD, Search/vendor/laravel/framework/src/Illuminate/Session/Middleware/StartSession.php(63): Illuminate/Session/Middleware/StartSession->handleStatefulRequest()
#25 C:/Users/Monami Sadhu/Music/🏫 Campus Lost & Found Portal – Authentication, CRUD, Search/vendor/laravel/framework/src/Illuminate/Pipeline/Pipeline.php(219): Illuminate/Session/Middleware/StartSession->handle()
#26 C:/Users/Monami Sadhu/Music/🏫 Campus Lost & Found Portal – Authentication, CRUD, Search/vendor/laravel/framework/src/Illuminate/Cookie/Middleware/AddQueuedCookiesToResponse.php(36): Illuminate/Pipeline/Pipeline->{closure:{closure:Illuminate/Pipeline/Pipeline::carry():194}:195}()
#27 C:/Users/Monami Sadhu/Music/🏫 Campus Lost & Found Portal – Authentication, CRUD, Search/vendor/laravel/framework/src/Illuminate/Pipeline/Pipeline.php(219): Illuminate/Cookie/Middleware/AddQueuedCookiesToResponse->handle()
#28 C:/Users/Monami Sadhu/Music/🏫 Campus Lost & Found Portal – Authentication, CRUD, Search/vendor/laravel/framework/src/Illuminate/Cookie/Middleware/EncryptCookies.php(74): Illuminate/Pipeline/Pipeline->{closure:{closure:Illuminate/Pipeline/Pipeline::carry():194}:195}()
#29 C:/Users/Monami Sadhu/Music/🏫 Campus Lost & Found Portal – Authentication, CRUD, Search/vendor/laravel/framework/src/Illuminate/Pipeline/Pipeline.php(219): Illuminate/Cookie/Middleware/EncryptCookies->handle()
#30 C:/Users/Monami Sadhu/Music/🏫 Campus Lost & Found Portal – Authentication, CRUD, Search/vendor/laravel/framework/src/Illuminate/Pipeline/Pipeline.php(137): Illuminate/Pipeline/Pipeline->{closure:{closure:Illuminate/Pipeline/Pipeline::carry():194}:195}()
#31 C:/Users/Monami Sadhu/Music/🏫 Campus Lost & Found Portal – Authentication, CRUD, Search/vendor/laravel/framework/src/Illuminate/Routing/Router.php(821): Illuminate/Pipeline/Pipeline->then()
#32 C:/Users/Monami Sadhu/Music/🏫 Campus Lost & Found Portal – Authentication, CRUD, Search/vendor/laravel/framework/src/Illuminate/Routing/Router.php(800): Illuminate/Routing/Router->runRouteWithinStack()
#33 C:/Users/Monami Sadhu/Music/🏫 Campus Lost & Found Portal – Authentication, CRUD, Search/vendor/laravel/framework/src/Illuminate/Routing/Router.php(764): Illuminate/Routing/Router->runRoute()
#34 C:/Users/Monami Sadhu/Music/🏫 Campus Lost & Found Portal – Authentication, CRUD, Search/vendor/laravel/framework/src/Illuminate/Routing/Router.php(753): Illuminate/Routing/Router->dispatchToRoute()
#35 C:/Users/Monami Sadhu/Music/🏫 Campus Lost & Found Portal – Authentication, CRUD, Search/vendor/laravel/framework/src/Illuminate/Foundation/Http/Kernel.php(200): Illuminate/Routing/Router->dispatch()
#36 C:/Users/Monami Sadhu/Music/🏫 Campus Lost & Found Portal – Authentication, CRUD, Search/vendor/laravel/framework/src/Illuminate/Pipeline/Pipeline.php(180): Illuminate/Foundation/Http/Kernel->{closure:Illuminate/Foundation/Http/Kernel::dispatchToRouter():197}()
#37 C:/Users/Monami Sadhu/Music/🏫 Campus Lost & Found Portal – Authentication, CRUD, Search/vendor/laravel/framework/src/Illuminate/Foundation/Http/Middleware/TransformsRequest.php(21): Illuminate/Pipeline/Pipeline->{closure:Illuminate/Pipeline/Pipeline::prepareDestination():178}()
#38 C:/Users/Monami Sadhu/Music/🏫 Campus Lost & Found Portal – Authentication, CRUD, Search/vendor/laravel/framework/src/Illuminate/Foundation/Http/Middleware/ConvertEmptyStringsToNull.php(31): Illuminate/Foundation/Http/Middleware/TransformsRequest->handle()
#39 C:/Users/Monami Sadhu/Music/🏫 Campus Lost & Found Portal – Authentication, CRUD, Search/vendor/laravel/framework/src/Illuminate/Pipeline/Pipeline.php(219): Illuminate/Foundation/Http/Middleware/ConvertEmptyStringsToNull->handle()
#40 C:/Users/Monami Sadhu/Music/🏫 Campus Lost & Found Portal – Authentication, CRUD, Search/vendor/laravel/framework/src/Illuminate/Foundation/Http/Middleware/TransformsRequest.php(21): Illuminate/Pipeline/Pipeline->{closure:{closure:Illuminate/Pipeline/Pipeline::carry():194}:195}()
#41 C:/Users/Monami Sadhu/Music/🏫 Campus Lost & Found Portal – Authentication, CRUD, Search/vendor/laravel/framework/src/Illuminate/Foundation/Http/Middleware/TrimStrings.php(51): Illuminate/Foundation/Http/Middleware/TransformsRequest->handle()
#42 C:/Users/Monami Sadhu/Music/🏫 Campus Lost & Found Portal – Authentication, CRUD, Search/vendor/laravel/framework/src/Illuminate/Pipeline/Pipeline.php(219): Illuminate/Foundation/Http/Middleware/TrimStrings->handle()
#43 C:/Users/Monami Sadhu/Music/🏫 Campus Lost & Found Portal – Authentication, CRUD, Search/vendor/laravel/framework/src/Illuminate/Http/Middleware/ValidatePostSize.php(27): Illuminate/Pipeline/Pipeline->{closure:{closure:Illuminate/Pipeline/Pipeline::carry():194}:195}()
#44 C:/Users/Monami Sadhu/Music/🏫 Campus Lost & Found Portal – Authentication, CRUD, Search/vendor/laravel/framework/src/Illuminate/Pipeline/Pipeline.php(219): Illuminate/Http/Middleware/ValidatePostSize->handle()
#45 C:/Users/Monami Sadhu/Music/🏫 Campus Lost & Found Portal – Authentication, CRUD, Search/vendor/laravel/framework/src/Illuminate/Foundation/Http/Middleware/PreventRequestsDuringMaintenance.php(109): Illuminate/Pipeline/Pipeline->{closure:{closure:Illuminate/Pipeline/Pipeline::carry():194}:195}()
#46 C:/Users/Monami Sadhu/Music/🏫 Campus Lost & Found Portal – Authentication, CRUD, Search/vendor/laravel/framework/src/Illuminate/Pipeline/Pipeline.php(219): Illuminate/Foundation/Http/Middleware/PreventRequestsDuringMaintenance->handle()
#47 C:/Users/Monami Sadhu/Music/🏫 Campus Lost & Found Portal – Authentication, CRUD, Search/vendor/laravel/framework/src/Illuminate/Http/Middleware/HandleCors.php(61): Illuminate/Pipeline/Pipeline->{closure:{closure:Illuminate/Pipeline/Pipeline::carry():194}:195}()
#48 C:/Users/Monami Sadhu/Music/🏫 Campus Lost & Found Portal – Authentication, CRUD, Search/vendor/laravel/framework/src/Illuminate/Pipeline/Pipeline.php(219): Illuminate/Http/Middleware/HandleCors->handle()
#49 C:/Users/Monami Sadhu/Music/🏫 Campus Lost & Found Portal – Authentication, CRUD, Search/vendor/laravel/framework/src/Illuminate/Http/Middleware/TrustProxies.php(58): Illuminate/Pipeline/Pipeline->{closure:{closure:Illuminate/Pipeline/Pipeline::carry():194}:195}()
#50 C:/Users/Monami Sadhu/Music/🏫 Campus Lost & Found Portal – Authentication, CRUD, Search/vendor/laravel/framework/src/Illuminate/Pipeline/Pipeline.php(219): Illuminate/Http/Middleware/TrustProxies->handle()
#51 C:/Users/Monami Sadhu/Music/🏫 Campus Lost & Found Portal – Authentication, CRUD, Search/vendor/laravel/framework/src/Illuminate/Foundation/Http/Middleware/InvokeDeferredCallbacks.php(22): Illuminate/Pipeline/Pipeline->{closure:{closure:Illuminate/Pipeline/Pipeline::carry():194}:195}()
#52 C:/Users/Monami Sadhu/Music/🏫 Campus Lost & Found Portal – Authentication, CRUD, Search/vendor/laravel/framework/src/Illuminate/Pipeline/Pipeline.php(219): Illuminate/Foundation/Http/Middleware/InvokeDeferredCallbacks->handle()
#53 C:/Users/Monami Sadhu/Music/🏫 Campus Lost & Found Portal – Authentication, CRUD, Search/vendor/laravel/framework/src/Illuminate/Http/Middleware/ValidatePathEncoding.php(26): Illuminate/Pipeline/Pipeline->{closure:{closure:Illuminate/Pipeline/Pipeline::carry():194}:195}()
#54 C:/Users/Monami Sadhu/Music/🏫 Campus Lost & Found Portal – Authentication, CRUD, Search/vendor/laravel/framework/src/Illuminate/Pipeline/Pipeline.php(219): Illuminate/Http/Middleware/ValidatePathEncoding->handle()
#55 C:/Users/Monami Sadhu/Music/🏫 Campus Lost & Found Portal – Authentication, CRUD, Search/vendor/laravel/framework/src/Illuminate/Pipeline/Pipeline.php(137): Illuminate/Pipeline/Pipeline->{closure:{closure:Illuminate/Pipeline/Pipeline::carry():194}:195}()
#56 C:/Users/Monami Sadhu/Music/🏫 Campus Lost & Found Portal – Authentication, CRUD, Search/vendor/laravel/framework/src/Illuminate/Foundation/Http/Kernel.php(175): Illuminate/Pipeline/Pipeline->then()
#57 C:/Users/Monami Sadhu/Music/🏫 Campus Lost & Found Portal – Authentication, CRUD, Search/vendor/laravel/framework/src/Illuminate/Foundation/Http/Kernel.php(144): Illuminate/Foundation/Http/Kernel->sendRequestThroughRouter()
#58 C:/Users/Monami Sadhu/Music/🏫 Campus Lost & Found Portal – Authentication, CRUD, Search/vendor/laravel/framework/src/Illuminate/Foundation/Testing/Concerns/MakesHttpRequests.php(607): Illuminate/Foundation/Http/Kernel->handle()
#59 C:/Users/Monami Sadhu/Music/🏫 Campus Lost & Found Portal – Authentication, CRUD, Search/vendor/laravel/framework/src/Illuminate/Foundation/Testing/Concerns/MakesHttpRequests.php(368): Illuminate/Foundation/Testing/TestCase->call()
#60 C:/Users/Monami Sadhu/Music/🏫 Campus Lost & Found Portal – Authentication, CRUD, Search/tests/Feature/HomePageTest.php(11): Illuminate/Foundation/Testing/TestCase->get()
#61 C:/Users/Monami Sadhu/Music/🏫 Campus Lost & Found Portal – Authentication, CRUD, Search/vendor/phpunit/phpunit/src/Framework/TestCase.php(1667): Tests/Feature/HomePageTest->test_home_page_is_accessible()
#62 C:/Users/Monami Sadhu/Music/🏫 Campus Lost & Found Portal – Authentication, CRUD, Search/vendor/phpunit/phpunit/src/Framework/TestCase.php(519): PHPUnit/Framework/TestCase->runTest()
#63 C:/Users/Monami Sadhu/Music/🏫 Campus Lost & Found Portal – Authentication, CRUD, Search/vendor/phpunit/phpunit/src/Framework/TestRunner/TestRunner.php(87): PHPUnit/Framework/TestCase->runBare()
#64 C:/Users/Monami Sadhu/Music/🏫 Campus Lost & Found Portal – Authentication, CRUD, Search/vendor/phpunit/phpunit/src/Framework/TestCase.php(365): PHPUnit/Framework/TestRunner->run()
#65 C:/Users/Monami Sadhu/Music/🏫 Campus Lost & Found Portal – Authentication, CRUD, Search/vendor/phpunit/phpunit/src/Framework/TestSuite.php(369): PHPUnit/Framework/TestCase->run()
#66 C:/Users/Monami Sadhu/Music/🏫 Campus Lost & Found Portal – Authentication, CRUD, Search/vendor/phpunit/phpunit/src/Framework/TestSuite.php(369): PHPUnit/Framework/TestSuite->run()
#67 C:/Users/Monami Sadhu/Music/🏫 Campus Lost & Found Portal – Authentication, CRUD, Search/vendor/phpunit/phpunit/src/Framework/TestSuite.php(369): PHPUnit/Framework/TestSuite->run()
#68 C:/Users/Monami Sadhu/Music/🏫 Campus Lost & Found Portal – Authentication, CRUD, Search/vendor/phpunit/phpunit/src/TextUI/TestRunner.php(64): PHPUnit/Framework/TestSuite->run()
#69 C:/Users/Monami Sadhu/Music/🏫 Campus Lost & Found Portal – Authentication, CRUD, Search/vendor/phpunit/phpunit/src/TextUI/Application.php(211): PHPUnit/TextUI/TestRunner->run()
#70 C:/Users/Monami Sadhu/Music/🏫 Campus Lost & Found Portal – Authentication, CRUD, Search/vendor/phpunit/phpunit/phpunit(104): PHPUnit/TextUI/Application->run()
#71 {main}

[previous exception] [object] (PDOException(code: 1045): SQLSTATE[HY000] [1045] Access denied for user 'root'@'localhost' (using password: NO) at C:/Users/Monami Sadhu/Music/🏫 Campus Lost & Found Portal – Authentication, CRUD, Search/vendor/laravel/framework/src/Illuminate/Database/Connectors/Connector.php:67)
[stacktrace]
#0 C:/Users/Monami Sadhu/Music/🏫 Campus Lost & Found Portal – Authentication, CRUD, Search/vendor/laravel/framework/src/Illuminate/Database/Connectors/Connector.php(67): PDO::connect()
#1 C:/Users/Monami Sadhu/Music/🏫 Campus Lost & Found Portal – Authentication, CRUD, Search/vendor/laravel/framework/src/Illuminate/Database/Connectors/Connector.php(85): Illuminate/Database/Connectors/Connector->createPdoConnection()
#2 C:/Users/Monami Sadhu/Music/🏫 Campus Lost & Found Portal – Authentication, CRUD, Search/vendor/laravel/framework/src/Illuminate/Database/Connectors/Connector.php(48): Illuminate/Database/Connectors/Connector->tryAgainIfCausedByLostConnection()
#3 C:/Users/Monami Sadhu/Music/🏫 Campus Lost & Found Portal – Authentication, CRUD, Search/vendor/laravel/framework/src/Illuminate/Database/Connectors/MySqlConnector.php(24): Illuminate/Database/Connectors/Connector->createConnection()
#4 C:/Users/Monami Sadhu/Music/🏫 Campus Lost & Found Portal – Authentication, CRUD, Search/vendor/laravel/framework/src/Illuminate/Database/Connectors/ConnectionFactory.php(186): Illuminate/Database/Connectors/MySqlConnector->connect()
#5 [internal function]: Illuminate/Database/Connectors/ConnectionFactory->{closure:Illuminate/Database/Connectors/ConnectionFactory::createPdoResolverWithHosts():181}()
#6 C:/Users/Monami Sadhu/Music/🏫 Campus Lost & Found Portal – Authentication, CRUD, Search/vendor/laravel/framework/src/Illuminate/Database/Connection.php(1257): call_user_func()
#7 C:/Users/Monami Sadhu/Music/🏫 Campus Lost & Found Portal – Authentication, CRUD, Search/vendor/laravel/framework/src/Illuminate/Database/Connection.php(1295): Illuminate/Database/Connection->getPdo()
#8 C:/Users/Monami Sadhu/Music/🏫 Campus Lost & Found Portal – Authentication, CRUD, Search/vendor/laravel/framework/src/Illuminate/Database/Connection.php(525): Illuminate/Database/Connection->getReadPdo()
#9 C:/Users/Monami Sadhu/Music/🏫 Campus Lost & Found Portal – Authentication, CRUD, Search/vendor/laravel/framework/src/Illuminate/Database/Connection.php(420): Illuminate/Database/Connection->getPdoForSelect()
#10 C:/Users/Monami Sadhu/Music/🏫 Campus Lost & Found Portal – Authentication, CRUD, Search/vendor/laravel/framework/src/Illuminate/Database/Connection.php(827): Illuminate/Database/Connection->{closure:Illuminate/Database/Connection::select():411}()
#11 C:/Users/Monami Sadhu/Music/🏫 Campus Lost & Found Portal – Authentication, CRUD, Search/vendor/laravel/framework/src/Illuminate/Database/Connection.php(999): Illuminate/Database/Connection->runQueryCallback()
#12 C:/Users/Monami Sadhu/Music/🏫 Campus Lost & Found Portal – Authentication, CRUD, Search/vendor/laravel/framework/src/Illuminate/Database/Connection.php(978): Illuminate/Database/Connection->tryAgainIfCausedByLostConnection()
#13 C:/Users/Monami Sadhu/Music/🏫 Campus Lost & Found Portal – Authentication, CRUD, Search/vendor/laravel/framework/src/Illuminate/Database/Connection.php(796): Illuminate/Database/Connection->handleQueryException()
#14 C:/Users/Monami Sadhu/Music/🏫 Campus Lost & Found Portal – Authentication, CRUD, Search/vendor/laravel/framework/src/Illuminate/Database/Connection.php(411): Illuminate/Database/Connection->run()
#15 C:/Users/Monami Sadhu/Music/🏫 Campus Lost & Found Portal – Authentication, CRUD, Search/vendor/laravel/framework/src/Illuminate/Database/Query/Builder.php(3505): Illuminate/Database/Connection->select()
#16 C:/Users/Monami Sadhu/Music/🏫 Campus Lost & Found Portal – Authentication, CRUD, Search/vendor/laravel/framework/src/Illuminate/Database/Query/Builder.php(3490): Illuminate/Database/Query/Builder->runSelect()
#17 C:/Users/Monami Sadhu/Music/🏫 Campus Lost & Found Portal – Authentication, CRUD, Search/vendor/laravel/framework/src/Illuminate/Database/Query/Builder.php(4080): Illuminate/Database/Query/Builder->{closure:Illuminate/Database/Query/Builder::get():3489}()
#18 C:/Users/Monami Sadhu/Music/🏫 Campus Lost & Found Portal – Authentication, CRUD, Search/vendor/laravel/framework/src/Illuminate/Database/Query/Builder.php(3489): Illuminate/Database/Query/Builder->onceWithColumns()
#19 C:/Users/Monami Sadhu/Music/🏫 Campus Lost & Found Portal – Authentication, CRUD, Search/vendor/laravel/framework/src/Illuminate/Database/Eloquent/Builder.php(902): Illuminate/Database/Query/Builder->get()
#20 C:/Users/Monami Sadhu/Music/🏫 Campus Lost & Found Portal – Authentication, CRUD, Search/vendor/laravel/framework/src/Illuminate/Database/Eloquent/Builder.php(884): Illuminate/Database/Eloquent/Builder->getModels()
#21 C:/Users/Monami Sadhu/Music/🏫 Campus Lost & Found Portal – Authentication, CRUD, Search/app/Http/Controllers/PageController.php(11): Illuminate/Database/Eloquent/Builder->get()
#22 C:/Users/Monami Sadhu/Music/🏫 Campus Lost & Found Portal – Authentication, CRUD, Search/vendor/laravel/framework/src/Illuminate/Routing/Controller.php(54): App/Http/Controllers/PageController->home()
#23 C:/Users/Monami Sadhu/Music/🏫 Campus Lost & Found Portal – Authentication, CRUD, Search/vendor/laravel/framework/src/Illuminate/Routing/ControllerDispatcher.php(43): Illuminate/Routing/Controller->callAction()
#24 C:/Users/Monami Sadhu/Music/🏫 Campus Lost & Found Portal – Authentication, CRUD, Search/vendor/laravel/framework/src/Illuminate/Routing/Route.php(265): Illuminate/Routing/ControllerDispatcher->dispatch()
#25 C:/Users/Monami Sadhu/Music/🏫 Campus Lost & Found Portal – Authentication, CRUD, Search/vendor/laravel/framework/src/Illuminate/Routing/Route.php(211): Illuminate/Routing/Route->runController()
#26 C:/Users/Monami Sadhu/Music/🏫 Campus Lost & Found Portal – Authentication, CRUD, Search/vendor/laravel/framework/src/Illuminate/Routing/Router.php(822): Illuminate/Routing/Route->run()
#27 C:/Users/Monami Sadhu/Music/🏫 Campus Lost & Found Portal – Authentication, CRUD, Search/vendor/laravel/framework/src/Illuminate/Pipeline/Pipeline.php(180): Illuminate/Routing/Router->{closure:Illuminate/Routing/Router::runRouteWithinStack():821}()
#28 C:/Users/Monami Sadhu/Music/🏫 Campus Lost & Found Portal – Authentication, CRUD, Search/vendor/laravel/framework/src/Illuminate/Routing/Middleware/SubstituteBindings.php(50): Illuminate/Pipeline/Pipeline->{closure:Illuminate/Pipeline/Pipeline::prepareDestination():178}()
#29 C:/Users/Monami Sadhu/Music/🏫 Campus Lost & Found Portal – Authentication, CRUD, Search/vendor/laravel/framework/src/Illuminate/Pipeline/Pipeline.php(219): Illuminate/Routing/Middleware/SubstituteBindings->handle()
#30 C:/Users/Monami Sadhu/Music/🏫 Campus Lost & Found Portal – Authentication, CRUD, Search/vendor/laravel/framework/src/Illuminate/Foundation/Http/Middleware/VerifyCsrfToken.php(87): Illuminate/Pipeline/Pipeline->{closure:{closure:Illuminate/Pipeline/Pipeline::carry():194}:195}()
#31 C:/Users/Monami Sadhu/Music/🏫 Campus Lost & Found Portal – Authentication, CRUD, Search/vendor/laravel/framework/src/Illuminate/Pipeline/Pipeline.php(219): Illuminate/Foundation/Http/Middleware/VerifyCsrfToken->handle()
#32 C:/Users/Monami Sadhu/Music/🏫 Campus Lost & Found Portal – Authentication, CRUD, Search/vendor/laravel/framework/src/Illuminate/View/Middleware/ShareErrorsFromSession.php(48): Illuminate/Pipeline/Pipeline->{closure:{closure:Illuminate/Pipeline/Pipeline::carry():194}:195}()
#33 C:/Users/Monami Sadhu/Music/🏫 Campus Lost & Found Portal – Authentication, CRUD, Search/vendor/laravel/framework/src/Illuminate/Pipeline/Pipeline.php(219): Illuminate/View/Middleware/ShareErrorsFromSession->handle()
#34 C:/Users/Monami Sadhu/Music/🏫 Campus Lost & Found Portal – Authentication, CRUD, Search/vendor/laravel/framework/src/Illuminate/Session/Middleware/StartSession.php(120): Illuminate/Pipeline/Pipeline->{closure:{closure:Illuminate/Pipeline/Pipeline::carry():194}:195}()
#35 C:/Users/Monami Sadhu/Music/🏫 Campus Lost & Found Portal – Authentication, CRUD, Search/vendor/laravel/framework/src/Illuminate/Session/Middleware/StartSession.php(63): Illuminate/Session/Middleware/StartSession->handleStatefulRequest()
#36 C:/Users/Monami Sadhu/Music/🏫 Campus Lost & Found Portal – Authentication, CRUD, Search/vendor/laravel/framework/src/Illuminate/Pipeline/Pipeline.php(219): Illuminate/Session/Middleware/StartSession->handle()
#37 C:/Users/Monami Sadhu/Music/🏫 Campus Lost & Found Portal – Authentication, CRUD, Search/vendor/laravel/framework/src/Illuminate/Cookie/Middleware/AddQueuedCookiesToResponse.php(36): Illuminate/Pipeline/Pipeline->{closure:{closure:Illuminate/Pipeline/Pipeline::carry():194}:195}()
#38 C:/Users/Monami Sadhu/Music/🏫 Campus Lost & Found Portal – Authentication, CRUD, Search/vendor/laravel/framework/src/Illuminate/Pipeline/Pipeline.php(219): Illuminate/Cookie/Middleware/AddQueuedCookiesToResponse->handle()
#39 C:/Users/Monami Sadhu/Music/🏫 Campus Lost & Found Portal – Authentication, CRUD, Search/vendor/laravel/framework/src/Illuminate/Cookie/Middleware/EncryptCookies.php(74): Illuminate/Pipeline/Pipeline->{closure:{closure:Illuminate/Pipeline/Pipeline::carry():194}:195}()
#40 C:/Users/Monami Sadhu/Music/🏫 Campus Lost & Found Portal – Authentication, CRUD, Search/vendor/laravel/framework/src/Illuminate/Pipeline/Pipeline.php(219): Illuminate/Cookie/Middleware/EncryptCookies->handle()
#41 C:/Users/Monami Sadhu/Music/🏫 Campus Lost & Found Portal – Authentication, CRUD, Search/vendor/laravel/framework/src/Illuminate/Pipeline/Pipeline.php(137): Illuminate/Pipeline/Pipeline->{closure:{closure:Illuminate/Pipeline/Pipeline::carry():194}:195}()
#42 C:/Users/Monami Sadhu/Music/🏫 Campus Lost & Found Portal – Authentication, CRUD, Search/vendor/laravel/framework/src/Illuminate/Routing/Router.php(821): Illuminate/Pipeline/Pipeline->then()
#43 C:/Users/Monami Sadhu/Music/🏫 Campus Lost & Found Portal – Authentication, CRUD, Search/vendor/laravel/framework/src/Illuminate/Routing/Router.php(800): Illuminate/Routing/Router->runRouteWithinStack()
#44 C:/Users/Monami Sadhu/Music/🏫 Campus Lost & Found Portal – Authentication, CRUD, Search/vendor/laravel/framework/src/Illuminate/Routing/Router.php(764): Illuminate/Routing/Router->runRoute()
#45 C:/Users/Monami Sadhu/Music/🏫 Campus Lost & Found Portal – Authentication, CRUD, Search/vendor/laravel/framework/src/Illuminate/Routing/Router.php(753): Illuminate/Routing/Router->dispatchToRoute()
#46 C:/Users/Monami Sadhu/Music/🏫 Campus Lost & Found Portal – Authentication, CRUD, Search/vendor/laravel/framework/src/Illuminate/Foundation/Http/Kernel.php(200): Illuminate/Routing/Router->dispatch()
#47 C:/Users/Monami Sadhu/Music/🏫 Campus Lost & Found Portal – Authentication, CRUD, Search/vendor/laravel/framework/src/Illuminate/Pipeline/Pipeline.php(180): Illuminate/Foundation/Http/Kernel->{closure:Illuminate/Foundation/Http/Kernel::dispatchToRouter():197}()
#48 C:/Users/Monami Sadhu/Music/🏫 Campus Lost & Found Portal – Authentication, CRUD, Search/vendor/laravel/framework/src/Illuminate/Foundation/Http/Middleware/TransformsRequest.php(21): Illuminate/Pipeline/Pipeline->{closure:Illuminate/Pipeline/Pipeline::prepareDestination():178}()
#49 C:/Users/Monami Sadhu/Music/🏫 Campus Lost & Found Portal – Authentication, CRUD, Search/vendor/laravel/framework/src/Illuminate/Foundation/Http/Middleware/ConvertEmptyStringsToNull.php(31): Illuminate/Foundation/Http/Middleware/TransformsRequest->handle()
#50 C:/Users/Monami Sadhu/Music/🏫 Campus Lost & Found Portal – Authentication, CRUD, Search/vendor/laravel/framework/src/Illuminate/Pipeline/Pipeline.php(219): Illuminate/Foundation/Http/Middleware/ConvertEmptyStringsToNull->handle()
#51 C:/Users/Monami Sadhu/Music/🏫 Campus Lost & Found Portal – Authentication, CRUD, Search/vendor/laravel/framework/src/Illuminate/Foundation/Http/Middleware/TransformsRequest.php(21): Illuminate/Pipeline/Pipeline->{closure:{closure:Illuminate/Pipeline/Pipeline::carry():194}:195}()
#52 C:/Users/Monami Sadhu/Music/🏫 Campus Lost & Found Portal – Authentication, CRUD, Search/vendor/laravel/framework/src/Illuminate/Foundation/Http/Middleware/TrimStrings.php(51): Illuminate/Foundation/Http/Middleware/TransformsRequest->handle()
#53 C:/Users/Monami Sadhu/Music/🏫 Campus Lost & Found Portal – Authentication, CRUD, Search/vendor/laravel/framework/src/Illuminate/Pipeline/Pipeline.php(219): Illuminate/Foundation/Http/Middleware/TrimStrings->handle()
#54 C:/Users/Monami Sadhu/Music/🏫 Campus Lost & Found Portal – Authentication, CRUD, Search/vendor/laravel/framework/src/Illuminate/Http/Middleware/ValidatePostSize.php(27): Illuminate/Pipeline/Pipeline->{closure:{closure:Illuminate/Pipeline/Pipeline::carry():194}:195}()
#55 C:/Users/Monami Sadhu/Music/🏫 Campus Lost & Found Portal – Authentication, CRUD, Search/vendor/laravel/framework/src/Illuminate/Pipeline/Pipeline.php(219): Illuminate/Http/Middleware/ValidatePostSize->handle()
#56 C:/Users/Monami Sadhu/Music/🏫 Campus Lost & Found Portal – Authentication, CRUD, Search/vendor/laravel/framework/src/Illuminate/Foundation/Http/Middleware/PreventRequestsDuringMaintenance.php(109): Illuminate/Pipeline/Pipeline->{closure:{closure:Illuminate/Pipeline/Pipeline::carry():194}:195}()
#57 C:/Users/Monami Sadhu/Music/🏫 Campus Lost & Found Portal – Authentication, CRUD, Search/vendor/laravel/framework/src/Illuminate/Pipeline/Pipeline.php(219): Illuminate/Foundation/Http/Middleware/PreventRequestsDuringMaintenance->handle()
#58 C:/Users/Monami Sadhu/Music/🏫 Campus Lost & Found Portal – Authentication, CRUD, Search/vendor/laravel/framework/src/Illuminate/Http/Middleware/HandleCors.php(61): Illuminate/Pipeline/Pipeline->{closure:{closure:Illuminate/Pipeline/Pipeline::carry():194}:195}()
#59 C:/Users/Monami Sadhu/Music/🏫 Campus Lost & Found Portal – Authentication, CRUD, Search/vendor/laravel/framework/src/Illuminate/Pipeline/Pipeline.php(219): Illuminate/Http/Middleware/HandleCors->handle()
#60 C:/Users/Monami Sadhu/Music/🏫 Campus Lost & Found Portal – Authentication, CRUD, Search/vendor/laravel/framework/src/Illuminate/Http/Middleware/TrustProxies.php(58): Illuminate/Pipeline/Pipeline->{closure:{closure:Illuminate/Pipeline/Pipeline::carry():194}:195}()
#61 C:/Users/Monami Sadhu/Music/🏫 Campus Lost & Found Portal – Authentication, CRUD, Search/vendor/laravel/framework/src/Illuminate/Pipeline/Pipeline.php(219): Illuminate/Http/Middleware/TrustProxies->handle()
#62 C:/Users/Monami Sadhu/Music/🏫 Campus Lost & Found Portal – Authentication, CRUD, Search/vendor/laravel/framework/src/Illuminate/Foundation/Http/Middleware/InvokeDeferredCallbacks.php(22): Illuminate/Pipeline/Pipeline->{closure:{closure:Illuminate/Pipeline/Pipeline::carry():194}:195}()
#63 C:/Users/Monami Sadhu/Music/🏫 Campus Lost & Found Portal – Authentication, CRUD, Search/vendor/laravel/framework/src/Illuminate/Pipeline/Pipeline.php(219): Illuminate/Foundation/Http/Middleware/InvokeDeferredCallbacks->handle()
#64 C:/Users/Monami Sadhu/Music/🏫 Campus Lost & Found Portal – Authentication, CRUD, Search/vendor/laravel/framework/src/Illuminate/Http/Middleware/ValidatePathEncoding.php(26): Illuminate/Pipeline/Pipeline->{closure:{closure:Illuminate/Pipeline/Pipeline::carry():194}:195}()
#65 C:/Users/Monami Sadhu/Music/🏫 Campus Lost & Found Portal – Authentication, CRUD, Search/vendor/laravel/framework/src/Illuminate/Pipeline/Pipeline.php(219): Illuminate/Http/Middleware/ValidatePathEncoding->handle()
#66 C:/Users/Monami Sadhu/Music/🏫 Campus Lost & Found Portal – Authentication, CRUD, Search/vendor/laravel/framework/src/Illuminate/Pipeline/Pipeline.php(137): Illuminate/Pipeline/Pipeline->{closure:{closure:Illuminate/Pipeline/Pipeline::carry():194}:195}()
#67 C:/Users/Monami Sadhu/Music/🏫 Campus Lost & Found Portal – Authentication, CRUD, Search/vendor/laravel/framework/src/Illuminate/Foundation/Http/Kernel.php(175): Illuminate/Pipeline/Pipeline->then()
#68 C:/Users/Monami Sadhu/Music/🏫 Campus Lost & Found Portal – Authentication, CRUD, Search/vendor/laravel/framework/src/Illuminate/Foundation/Http/Kernel.php(144): Illuminate/Foundation/Http/Kernel->sendRequestThroughRouter()
#69 C:/Users/Monami Sadhu/Music/🏫 Campus Lost & Found Portal – Authentication, CRUD, Search/vendor/laravel/framework/src/Illuminate/Foundation/Testing/Concerns/MakesHttpRequests.php(607): Illuminate/Foundation/Http/Kernel->handle()
#70 C:/Users/Monami Sadhu/Music/🏫 Campus Lost & Found Portal – Authentication, CRUD, Search/vendor/laravel/framework/src/Illuminate/Foundation/Testing/Concerns/MakesHttpRequests.php(368): Illuminate/Foundation/Testing/TestCase->call()
#71 C:/Users/Monami Sadhu/Music/🏫 Campus Lost & Found Portal – Authentication, CRUD, Search/tests/Feature/HomePageTest.php(11): Illuminate/Foundation/Testing/TestCase->get()
#72 C:/Users/Monami Sadhu/Music/🏫 Campus Lost & Found Portal – Authentication, CRUD, Search/vendor/phpunit/phpunit/src/Framework/TestCase.php(1667): Tests/Feature/HomePageTest->test_home_page_is_accessible()
#73 C:/Users/Monami Sadhu/Music/🏫 Campus Lost & Found Portal – Authentication, CRUD, Search/vendor/phpunit/phpunit/src/Framework/TestCase.php(519): PHPUnit/Framework/TestCase->runTest()
#74 C:/Users/Monami Sadhu/Music/🏫 Campus Lost & Found Portal – Authentication, CRUD, Search/vendor/phpunit/phpunit/src/Framework/TestRunner/TestRunner.php(87): PHPUnit/Framework/TestCase->runBare()
#75 C:/Users/Monami Sadhu/Music/🏫 Campus Lost & Found Portal – Authentication, CRUD, Search/vendor/phpunit/phpunit/src/Framework/TestCase.php(365): PHPUnit/Framework/TestRunner->run()
#76 C:/Users/Monami Sadhu/Music/🏫 Campus Lost & Found Portal – Authentication, CRUD, Search/vendor/phpunit/phpunit/src/Framework/TestSuite.php(369): PHPUnit/Framework/TestCase->run()
#77 C:/Users/Monami Sadhu/Music/🏫 Campus Lost & Found Portal – Authentication, CRUD, Search/vendor/phpunit/phpunit/src/Framework/TestSuite.php(369): PHPUnit/Framework/TestSuite->run()
#78 C:/Users/Monami Sadhu/Music/🏫 Campus Lost & Found Portal – Authentication, CRUD, Search/vendor/phpunit/phpunit/src/Framework/TestSuite.php(369): PHPUnit/Framework/TestSuite->run()
#79 C:/Users/Monami Sadhu/Music/🏫 Campus Lost & Found Portal – Authentication, CRUD, Search/vendor/phpunit/phpunit/src/TextUI/TestRunner.php(64): PHPUnit/Framework/TestSuite->run()
#80 C:/Users/Monami Sadhu/Music/🏫 Campus Lost & Found Portal – Authentication, CRUD, Search/vendor/phpunit/phpunit/src/TextUI/Application.php(211): PHPUnit/TextUI/TestRunner->run()
#81 C:/Users/Monami Sadhu/Music/🏫 Campus Lost & Found Portal – Authentication, CRUD, Search/vendor/phpunit/phpunit/phpunit(104): PHPUnit/TextUI/Application->run()
#82 {main}
"} 
[2026-08-04 15:26:56] local.ERROR: file_put_contents(C:\Users\Monami Sadhu\Music\🏫 Campus Lost & Found Portal – Authentication, CRUD, Search\storage\framework/sessions/R3jEJfzYmuBQDWVDPqs8Oc31YCLOcI8kftKg6We6): Failed to open stream: No such file or directory {"exception":"[object] (ErrorException(code: 0): file_put_contents(C:\\Users\\Monami Sadhu\\Music\\🏫 Campus Lost & Found Portal – Authentication, CRUD, Search\\storage\\framework/sessions/R3jEJfzYmuBQDWVDPqs8Oc31YCLOcI8kftKg6We6): Failed to open stream: No such file or directory at C:/Users/Monami Sadhu/Music/🏫 Campus Lost & Found Portal – Authentication, CRUD, Search/vendor/laravel/framework/src/Illuminate/Filesystem/Filesystem.php:204)
[stacktrace]
#0 C:/Users/Monami Sadhu/Music/🏫 Campus Lost & Found Portal – Authentication, CRUD, Search/vendor/laravel/framework/src/Illuminate/Foundation/Bootstrap/HandleExceptions.php(262): Illuminate/Foundation/Bootstrap/HandleExceptions->handleError()
#1 [internal function]: Illuminate/Foundation/Bootstrap/HandleExceptions->{closure:Illuminate/Foundation/Bootstrap/HandleExceptions::forwardsTo():261}()
#2 C:/Users/Monami Sadhu/Music/🏫 Campus Lost & Found Portal – Authentication, CRUD, Search/vendor/laravel/framework/src/Illuminate/Filesystem/Filesystem.php(204): file_put_contents()
#3 C:/Users/Monami Sadhu/Music/🏫 Campus Lost & Found Portal – Authentication, CRUD, Search/vendor/laravel/framework/src/Illuminate/Session/FileSessionHandler.php(89): Illuminate/Filesystem/Filesystem->put()
#4 C:/Users/Monami Sadhu/Music/🏫 Campus Lost & Found Portal – Authentication, CRUD, Search/vendor/laravel/framework/src/Illuminate/Session/Store.php(187): Illuminate/Session/FileSessionHandler->write()
#5 C:/Users/Monami Sadhu/Music/🏫 Campus Lost & Found Portal – Authentication, CRUD, Search/vendor/laravel/framework/src/Illuminate/Session/Middleware/StartSession.php(248): Illuminate/Session/Store->save()
#6 C:/Users/Monami Sadhu/Music/🏫 Campus Lost & Found Portal – Authentication, CRUD, Search/vendor/laravel/framework/src/Illuminate/Session/Middleware/StartSession.php(129): Illuminate/Session/Middleware/StartSession->saveSession()
#7 C:/Users/Monami Sadhu/Music/🏫 Campus Lost & Found Portal – Authentication, CRUD, Search/vendor/laravel/framework/src/Illuminate/Session/Middleware/StartSession.php(63): Illuminate/Session/Middleware/StartSession->handleStatefulRequest()
#8 C:/Users/Monami Sadhu/Music/🏫 Campus Lost & Found Portal – Authentication, CRUD, Search/vendor/laravel/framework/src/Illuminate/Pipeline/Pipeline.php(219): Illuminate/Session/Middleware/StartSession->handle()
#9 C:/Users/Monami Sadhu/Music/🏫 Campus Lost & Found Portal – Authentication, CRUD, Search/vendor/laravel/framework/src/Illuminate/Cookie/Middleware/AddQueuedCookiesToResponse.php(36): Illuminate/Pipeline/Pipeline->{closure:{closure:Illuminate/Pipeline/Pipeline::carry():194}:195}()
#10 C:/Users/Monami Sadhu/Music/🏫 Campus Lost & Found Portal – Authentication, CRUD, Search/vendor/laravel/framework/src/Illuminate/Pipeline/Pipeline.php(219): Illuminate/Cookie/Middleware/AddQueuedCookiesToResponse->handle()
#11 C:/Users/Monami Sadhu/Music/🏫 Campus Lost & Found Portal – Authentication, CRUD, Search/vendor/laravel/framework/src/Illuminate/Cookie/Middleware/EncryptCookies.php(74): Illuminate/Pipeline/Pipeline->{closure:{closure:Illuminate/Pipeline/Pipeline::carry():194}:195}()
#12 C:/Users/Monami Sadhu/Music/🏫 Campus Lost & Found Portal – Authentication, CRUD, Search/vendor/laravel/framework/src/Illuminate/Pipeline/Pipeline.php(219): Illuminate/Cookie/Middleware/EncryptCookies->handle()
#13 C:/Users/Monami Sadhu/Music/🏫 Campus Lost & Found Portal – Authentication, CRUD, Search/vendor/laravel/framework/src/Illuminate/Pipeline/Pipeline.php(137): Illuminate/Pipeline/Pipeline->{closure:{closure:Illuminate/Pipeline/Pipeline::carry():194}:195}()
#14 C:/Users/Monami Sadhu/Music/🏫 Campus Lost & Found Portal – Authentication, CRUD, Search/vendor/laravel/framework/src/Illuminate/Routing/Router.php(821): Illuminate/Pipeline/Pipeline->then()
#15 C:/Users/Monami Sadhu/Music/🏫 Campus Lost & Found Portal – Authentication, CRUD, Search/vendor/laravel/framework/src/Illuminate/Routing/Router.php(800): Illuminate/Routing/Router->runRouteWithinStack()
#16 C:/Users/Monami Sadhu/Music/🏫 Campus Lost & Found Portal – Authentication, CRUD, Search/vendor/laravel/framework/src/Illuminate/Routing/Router.php(764): Illuminate/Routing/Router->runRoute()
#17 C:/Users/Monami Sadhu/Music/🏫 Campus Lost & Found Portal – Authentication, CRUD, Search/vendor/laravel/framework/src/Illuminate/Routing/Router.php(753): Illuminate/Routing/Router->dispatchToRoute()
#18 C:/Users/Monami Sadhu/Music/🏫 Campus Lost & Found Portal – Authentication, CRUD, Search/vendor/laravel/framework/src/Illuminate/Foundation/Http/Kernel.php(200): Illuminate/Routing/Router->dispatch()
#19 C:/Users/Monami Sadhu/Music/🏫 Campus Lost & Found Portal – Authentication, CRUD, Search/vendor/laravel/framework/src/Illuminate/Pipeline/Pipeline.php(180): Illuminate/Foundation/Http/Kernel->{closure:Illuminate/Foundation/Http/Kernel::dispatchToRouter():197}()
#20 C:/Users/Monami Sadhu/Music/🏫 Campus Lost & Found Portal – Authentication, CRUD, Search/vendor/laravel/framework/src/Illuminate/Foundation/Http/Middleware/TransformsRequest.php(21): Illuminate/Pipeline/Pipeline->{closure:Illuminate/Pipeline/Pipeline::prepareDestination():178}()
#21 C:/Users/Monami Sadhu/Music/🏫 Campus Lost & Found Portal – Authentication, CRUD, Search/vendor/laravel/framework/src/Illuminate/Foundation/Http/Middleware/ConvertEmptyStringsToNull.php(31): Illuminate/Foundation/Http/Middleware/TransformsRequest->handle()
#22 C:/Users/Monami Sadhu/Music/🏫 Campus Lost & Found Portal – Authentication, CRUD, Search/vendor/laravel/framework/src/Illuminate/Pipeline/Pipeline.php(219): Illuminate/Foundation/Http/Middleware/ConvertEmptyStringsToNull->handle()
#23 C:/Users/Monami Sadhu/Music/🏫 Campus Lost & Found Portal – Authentication, CRUD, Search/vendor/laravel/framework/src/Illuminate/Foundation/Http/Middleware/TransformsRequest.php(21): Illuminate/Pipeline/Pipeline->{closure:{closure:Illuminate/Pipeline/Pipeline::carry():194}:195}()
#24 C:/Users/Monami Sadhu/Music/🏫 Campus Lost & Found Portal – Authentication, CRUD, Search/vendor/laravel/framework/src/Illuminate/Foundation/Http/Middleware/TrimStrings.php(51): Illuminate/Foundation/Http/Middleware/TransformsRequest->handle()
#25 C:/Users/Monami Sadhu/Music/🏫 Campus Lost & Found Portal – Authentication, CRUD, Search/vendor/laravel/framework/src/Illuminate/Pipeline/Pipeline.php(219): Illuminate/Foundation/Http/Middleware/TrimStrings->handle()
#26 C:/Users/Monami Sadhu/Music/🏫 Campus Lost & Found Portal – Authentication, CRUD, Search/vendor/laravel/framework/src/Illuminate/Http/Middleware/ValidatePostSize.php(27): Illuminate/Pipeline/Pipeline->{closure:{closure:Illuminate/Pipeline/Pipeline::carry():194}:195}()
#27 C:/Users/Monami Sadhu/Music/🏫 Campus Lost & Found Portal – Authentication, CRUD, Search/vendor/laravel/framework/src/Illuminate/Pipeline/Pipeline.php(219): Illuminate/Http/Middleware/ValidatePostSize->handle()
#28 C:/Users/Monami Sadhu/Music/🏫 Campus Lost & Found Portal – Authentication, CRUD, Search/vendor/laravel/framework/src/Illuminate/Foundation/Http/Middleware/PreventRequestsDuringMaintenance.php(109): Illuminate/Pipeline/Pipeline->{closure:{closure:Illuminate/Pipeline/Pipeline::carry():194}:195}()
#29 C:/Users/Monami Sadhu/Music/🏫 Campus Lost & Found Portal – Authentication, CRUD, Search/vendor/laravel/framework/src/Illuminate/Pipeline/Pipeline.php(219): Illuminate/Foundation/Http/Middleware/PreventRequestsDuringMaintenance->handle()
#30 C:/Users/Monami Sadhu/Music/🏫 Campus Lost & Found Portal – Authentication, CRUD, Search/vendor/laravel/framework/src/Illuminate/Http/Middleware/HandleCors.php(61): Illuminate/Pipeline/Pipeline->{closure:{closure:Illuminate/Pipeline/Pipeline::carry():194}:195}()
#31 C:/Users/Monami Sadhu/Music/🏫 Campus Lost & Found Portal – Authentication, CRUD, Search/vendor/laravel/framework/src/Illuminate/Pipeline/Pipeline.php(219): Illuminate/Http/Middleware/HandleCors->handle()
#32 C:/Users/Monami Sadhu/Music/🏫 Campus Lost & Found Portal – Authentication, CRUD, Search/vendor/laravel/framework/src/Illuminate/Http/Middleware/TrustProxies.php(58): Illuminate/Pipeline/Pipeline->{closure:{closure:Illuminate/Pipeline/Pipeline::carry():194}:195}()
#33 C:/Users/Monami Sadhu/Music/🏫 Campus Lost & Found Portal – Authentication, CRUD, Search/vendor/laravel/framework/src/Illuminate/Pipeline/Pipeline.php(219): Illuminate/Http/Middleware/TrustProxies->handle()
#34 C:/Users/Monami Sadhu/Music/🏫 Campus Lost & Found Portal – Authentication, CRUD, Search/vendor/laravel/framework/src/Illuminate/Foundation/Http/Middleware/InvokeDeferredCallbacks.php(22): Illuminate/Pipeline/Pipeline->{closure:{closure:Illuminate/Pipeline/Pipeline::carry():194}:195}()
#35 C:/Users/Monami Sadhu/Music/🏫 Campus Lost & Found Portal – Authentication, CRUD, Search/vendor/laravel/framework/src/Illuminate/Pipeline/Pipeline.php(219): Illuminate/Foundation/Http/Middleware/InvokeDeferredCallbacks->handle()
#36 C:/Users/Monami Sadhu/Music/🏫 Campus Lost & Found Portal – Authentication, CRUD, Search/vendor/laravel/framework/src/Illuminate/Http/Middleware/ValidatePathEncoding.php(26): Illuminate/Pipeline/Pipeline->{closure:{closure:Illuminate/Pipeline/Pipeline::carry():194}:195}()
#37 C:/Users/Monami Sadhu/Music/🏫 Campus Lost & Found Portal – Authentication, CRUD, Search/vendor/laravel/framework/src/Illuminate/Pipeline/Pipeline.php(219): Illuminate/Http/Middleware/ValidatePathEncoding->handle()
#38 C:/Users/Monami Sadhu/Music/🏫 Campus Lost & Found Portal – Authentication, CRUD, Search/vendor/laravel/framework/src/Illuminate/Pipeline/Pipeline.php(137): Illuminate/Pipeline/Pipeline->{closure:{closure:Illuminate/Pipeline/Pipeline::carry():194}:195}()
#39 C:/Users/Monami Sadhu/Music/🏫 Campus Lost & Found Portal – Authentication, CRUD, Search/vendor/laravel/framework/src/Illuminate/Foundation/Http/Kernel.php(175): Illuminate/Pipeline/Pipeline->then()
#40 C:/Users/Monami Sadhu/Music/🏫 Campus Lost & Found Portal – Authentication, CRUD, Search/vendor/laravel/framework/src/Illuminate/Foundation/Http/Kernel.php(144): Illuminate/Foundation/Http/Kernel->sendRequestThroughRouter()
#41 C:/Users/Monami Sadhu/Music/🏫 Campus Lost & Found Portal – Authentication, CRUD, Search/vendor/laravel/framework/src/Illuminate/Foundation/Testing/Concerns/MakesHttpRequests.php(607): Illuminate/Foundation/Http/Kernel->handle()
#42 C:/Users/Monami Sadhu/Music/🏫 Campus Lost & Found Portal – Authentication, CRUD, Search/vendor/laravel/framework/src/Illuminate/Foundation/Testing/Concerns/MakesHttpRequests.php(368): Illuminate/Foundation/Testing/TestCase->call()
#43 C:/Users/Monami Sadhu/Music/🏫 Campus Lost & Found Portal – Authentication, CRUD, Search/tests/Feature/HomePageTest.php(11): Illuminate/Foundation/Testing/TestCase->get()
#44 C:/Users/Monami Sadhu/Music/🏫 Campus Lost & Found Portal – Authentication, CRUD, Search/vendor/phpunit/phpunit/src/Framework/TestCase.php(1667): Tests/Feature/HomePageTest->test_home_page_is_accessible()
#45 C:/Users/Monami Sadhu/Music/🏫 Campus Lost & Found Portal – Authentication, CRUD, Search/vendor/phpunit/phpunit/src/Framework/TestCase.php(519): PHPUnit/Framework/TestCase->runTest()
#46 C:/Users/Monami Sadhu/Music/🏫 Campus Lost & Found Portal – Authentication, CRUD, Search/vendor/phpunit/phpunit/src/Framework/TestRunner/TestRunner.php(87): PHPUnit/Framework/TestCase->runBare()
#47 C:/Users/Monami Sadhu/Music/🏫 Campus Lost & Found Portal – Authentication, CRUD, Search/vendor/phpunit/phpunit/src/Framework/TestCase.php(365): PHPUnit/Framework/TestRunner->run()
#48 C:/Users/Monami Sadhu/Music/🏫 Campus Lost & Found Portal – Authentication, CRUD, Search/vendor/phpunit/phpunit/src/Framework/TestSuite.php(369): PHPUnit/Framework/TestCase->run()
#49 C:/Users/Monami Sadhu/Music/🏫 Campus Lost & Found Portal – Authentication, CRUD, Search/vendor/phpunit/phpunit/src/Framework/TestSuite.php(369): PHPUnit/Framework/TestSuite->run()
#50 C:/Users/Monami Sadhu/Music/🏫 Campus Lost & Found Portal – Authentication, CRUD, Search/vendor/phpunit/phpunit/src/Framework/TestSuite.php(369): PHPUnit/Framework/TestSuite->run()
#51 C:/Users/Monami Sadhu/Music/🏫 Campus Lost & Found Portal – Authentication, CRUD, Search/vendor/phpunit/phpunit/src/TextUI/TestRunner.php(64): PHPUnit/Framework/TestSuite->run()
#52 C:/Users/Monami Sadhu/Music/🏫 Campus Lost & Found Portal – Authentication, CRUD, Search/vendor/phpunit/phpunit/src/TextUI/Application.php(211): PHPUnit/TextUI/TestRunner->run()
#53 C:/Users/Monami Sadhu/Music/🏫 Campus Lost & Found Portal – Authentication, CRUD, Search/vendor/phpunit/phpunit/phpunit(104): PHPUnit/TextUI/Application->run()
#54 {main}
"} 
[2026-08-04 15:35:49] local.ERROR: View path not found. {"exception":"[object] (RuntimeException(code: 0): View path not found. at C:/Users/Monami Sadhu/Music/🏫 Campus Lost & Found Portal – Authentication, CRUD, Search/vendor/laravel/framework/src/Illuminate/Foundation/Console/ViewClearCommand.php:58)
[stacktrace]
#0 C:/Users/Monami Sadhu/Music/🏫 Campus Lost & Found Portal – Authentication, CRUD, Search/vendor/laravel/framework/src/Illuminate/Container/BoundMethod.php(36): Illuminate/Foundation/Console/ViewClearCommand->handle()
#1 C:/Users/Monami Sadhu/Music/🏫 Campus Lost & Found Portal – Authentication, CRUD, Search/vendor/laravel/framework/src/Illuminate/Container/Util.php(43): Illuminate/Container/BoundMethod::{closure:Illuminate/Container/BoundMethod::call():35}()
#2 C:/Users/Monami Sadhu/Music/🏫 Campus Lost & Found Portal – Authentication, CRUD, Search/vendor/laravel/framework/src/Illuminate/Container/BoundMethod.php(96): Illuminate/Container/Util::unwrapIfClosure()
#3 C:/Users/Monami Sadhu/Music/🏫 Campus Lost & Found Portal – Authentication, CRUD, Search/vendor/laravel/framework/src/Illuminate/Container/BoundMethod.php(35): Illuminate/Container/BoundMethod::callBoundMethod()
#4 C:/Users/Monami Sadhu/Music/🏫 Campus Lost & Found Portal – Authentication, CRUD, Search/vendor/laravel/framework/src/Illuminate/Container/Container.php(799): Illuminate/Container/BoundMethod::call()
#5 C:/Users/Monami Sadhu/Music/🏫 Campus Lost & Found Portal – Authentication, CRUD, Search/vendor/laravel/framework/src/Illuminate/Console/Command.php(211): Illuminate/Container/Container->call()
#6 C:/Users/Monami Sadhu/Music/🏫 Campus Lost & Found Portal – Authentication, CRUD, Search/vendor/symfony/console/Command/Command.php(341): Illuminate/Console/Command->execute()
#7 C:/Users/Monami Sadhu/Music/🏫 Campus Lost & Found Portal – Authentication, CRUD, Search/vendor/laravel/framework/src/Illuminate/Console/Command.php(180): Symfony/Component/Console/Command/Command->run()
#8 C:/Users/Monami Sadhu/Music/🏫 Campus Lost & Found Portal – Authentication, CRUD, Search/vendor/symfony/console/Application.php(1117): Illuminate/Console/Command->run()
#9 C:/Users/Monami Sadhu/Music/🏫 Campus Lost & Found Portal – Authentication, CRUD, Search/vendor/symfony/console/Application.php(356): Symfony/Component/Console/Application->doRunCommand()
#10 C:/Users/Monami Sadhu/Music/🏫 Campus Lost & Found Portal – Authentication, CRUD, Search/vendor/symfony/console/Application.php(195): Symfony/Component/Console/Application->doRun()
#11 C:/Users/Monami Sadhu/Music/🏫 Campus Lost & Found Portal – Authentication, CRUD, Search/vendor/laravel/framework/src/Illuminate/Foundation/Console/Kernel.php(198): Symfony/Component/Console/Application->run()
#12 C:/Users/Monami Sadhu/Music/🏫 Campus Lost & Found Portal – Authentication, CRUD, Search/artisan(10): Illuminate/Foundation/Console/Kernel->handle()
#13 {main}
"} 
[2026-08-04 15:35:51] local.ERROR: SQLSTATE[HY000] [1045] Access denied for user 'root'@'localhost' (using password: NO) (Connection: mysql, Host: 127.0.0.1, Port: 3306, Database: campus_lost_found, SQL: delete from `cache`) {"exception":"[object] (Illuminate\\Database\\QueryException(code: 1045): SQLSTATE[HY000] [1045] Access denied for user 'root'@'localhost' (using password: NO) (Connection: mysql, Host: 127.0.0.1, Port: 3306, Database: campus_lost_found, SQL: delete from `cache`) at C:/Users/Monami Sadhu/Music/🏫 Campus Lost & Found Portal – Authentication, CRUD, Search/vendor/laravel/framework/src/Illuminate/Database/Connection.php:838)
[stacktrace]
#0 C:/Users/Monami Sadhu/Music/🏫 Campus Lost & Found Portal – Authentication, CRUD, Search/vendor/laravel/framework/src/Illuminate/Database/Connection.php(999): Illuminate/Database/Connection->runQueryCallback()
#1 C:/Users/Monami Sadhu/Music/🏫 Campus Lost & Found Portal – Authentication, CRUD, Search/vendor/laravel/framework/src/Illuminate/Database/Connection.php(978): Illuminate/Database/Connection->tryAgainIfCausedByLostConnection()
#2 C:/Users/Monami Sadhu/Music/🏫 Campus Lost & Found Portal – Authentication, CRUD, Search/vendor/laravel/framework/src/Illuminate/Database/Connection.php(796): Illuminate/Database/Connection->handleQueryException()
#3 C:/Users/Monami Sadhu/Music/🏫 Campus Lost & Found Portal – Authentication, CRUD, Search/vendor/laravel/framework/src/Illuminate/Database/Connection.php(597): Illuminate/Database/Connection->run()
#4 C:/Users/Monami Sadhu/Music/🏫 Campus Lost & Found Portal – Authentication, CRUD, Search/vendor/laravel/framework/src/Illuminate/Database/Connection.php(561): Illuminate/Database/Connection->affectingStatement()
#5 C:/Users/Monami Sadhu/Music/🏫 Campus Lost & Found Portal – Authentication, CRUD, Search/vendor/laravel/framework/src/Illuminate/Database/Query/Builder.php(4426): Illuminate/Database/Connection->delete()
#6 C:/Users/Monami Sadhu/Music/🏫 Campus Lost & Found Portal – Authentication, CRUD, Search/vendor/laravel/framework/src/Illuminate/Cache/DatabaseStore.php(433): Illuminate/Database/Query/Builder->delete()
#7 C:/Users/Monami Sadhu/Music/🏫 Campus Lost & Found Portal – Authentication, CRUD, Search/vendor/laravel/framework/src/Illuminate/Cache/Repository.php(979): Illuminate/Cache/DatabaseStore->flush()
#8 C:/Users/Monami Sadhu/Music/🏫 Campus Lost & Found Portal – Authentication, CRUD, Search/vendor/laravel/framework/src/Illuminate/Cache/Console/ClearCommand.php(68): Illuminate/Cache/Repository->__call()
#9 C:/Users/Monami Sadhu/Music/🏫 Campus Lost & Found Portal – Authentication, CRUD, Search/vendor/laravel/framework/src/Illuminate/Container/BoundMethod.php(36): Illuminate/Cache/Console/ClearCommand->handle()
#10 C:/Users/Monami Sadhu/Music/🏫 Campus Lost & Found Portal – Authentication, CRUD, Search/vendor/laravel/framework/src/Illuminate/Container/Util.php(43): Illuminate/Container/BoundMethod::{closure:Illuminate/Container/BoundMethod::call():35}()
#11 C:/Users/Monami Sadhu/Music/🏫 Campus Lost & Found Portal – Authentication, CRUD, Search/vendor/laravel/framework/src/Illuminate/Container/BoundMethod.php(96): Illuminate/Container/Util::unwrapIfClosure()
#12 C:/Users/Monami Sadhu/Music/🏫 Campus Lost & Found Portal – Authentication, CRUD, Search/vendor/laravel/framework/src/Illuminate/Container/BoundMethod.php(35): Illuminate/Container/BoundMethod::callBoundMethod()
#13 C:/Users/Monami Sadhu/Music/🏫 Campus Lost & Found Portal – Authentication, CRUD, Search/vendor/laravel/framework/src/Illuminate/Container/Container.php(799): Illuminate/Container/BoundMethod::call()
#14 C:/Users/Monami Sadhu/Music/🏫 Campus Lost & Found Portal – Authentication, CRUD, Search/vendor/laravel/framework/src/Illuminate/Console/Command.php(211): Illuminate/Container/Container->call()
#15 C:/Users/Monami Sadhu/Music/🏫 Campus Lost & Found Portal – Authentication, CRUD, Search/vendor/symfony/console/Command/Command.php(341): Illuminate/Console/Command->execute()
#16 C:/Users/Monami Sadhu/Music/🏫 Campus Lost & Found Portal – Authentication, CRUD, Search/vendor/laravel/framework/src/Illuminate/Console/Command.php(180): Symfony/Component/Console/Command/Command->run()
#17 C:/Users/Monami Sadhu/Music/🏫 Campus Lost & Found Portal – Authentication, CRUD, Search/vendor/symfony/console/Application.php(1117): Illuminate/Console/Command->run()
#18 C:/Users/Monami Sadhu/Music/🏫 Campus Lost & Found Portal – Authentication, CRUD, Search/vendor/symfony/console/Application.php(356): Symfony/Component/Console/Application->doRunCommand()
#19 C:/Users/Monami Sadhu/Music/🏫 Campus Lost & Found Portal – Authentication, CRUD, Search/vendor/symfony/console/Application.php(195): Symfony/Component/Console/Application->doRun()
#20 C:/Users/Monami Sadhu/Music/🏫 Campus Lost & Found Portal – Authentication, CRUD, Search/vendor/laravel/framework/src/Illuminate/Foundation/Console/Kernel.php(198): Symfony/Component/Console/Application->run()
#21 C:/Users/Monami Sadhu/Music/🏫 Campus Lost & Found Portal – Authentication, CRUD, Search/artisan(10): Illuminate/Foundation/Console/Kernel->handle()
#22 {main}

[previous exception] [object] (PDOException(code: 1045): SQLSTATE[HY000] [1045] Access denied for user 'root'@'localhost' (using password: NO) at C:/Users/Monami Sadhu/Music/🏫 Campus Lost & Found Portal – Authentication, CRUD, Search/vendor/laravel/framework/src/Illuminate/Database/Connectors/Connector.php:67)
[stacktrace]
#0 C:/Users/Monami Sadhu/Music/🏫 Campus Lost & Found Portal – Authentication, CRUD, Search/vendor/laravel/framework/src/Illuminate/Database/Connectors/Connector.php(67): PDO::connect()
#1 C:/Users/Monami Sadhu/Music/🏫 Campus Lost & Found Portal – Authentication, CRUD, Search/vendor/laravel/framework/src/Illuminate/Database/Connectors/Connector.php(85): Illuminate/Database/Connectors/Connector->createPdoConnection()
#2 C:/Users/Monami Sadhu/Music/🏫 Campus Lost & Found Portal – Authentication, CRUD, Search/vendor/laravel/framework/src/Illuminate/Database/Connectors/Connector.php(48): Illuminate/Database/Connectors/Connector->tryAgainIfCausedByLostConnection()
#3 C:/Users/Monami Sadhu/Music/🏫 Campus Lost & Found Portal – Authentication, CRUD, Search/vendor/laravel/framework/src/Illuminate/Database/Connectors/MySqlConnector.php(24): Illuminate/Database/Connectors/Connector->createConnection()
#4 C:/Users/Monami Sadhu/Music/🏫 Campus Lost & Found Portal – Authentication, CRUD, Search/vendor/laravel/framework/src/Illuminate/Database/Connectors/ConnectionFactory.php(186): Illuminate/Database/Connectors/MySqlConnector->connect()
#5 [internal function]: Illuminate/Database/Connectors/ConnectionFactory->{closure:Illuminate/Database/Connectors/ConnectionFactory::createPdoResolverWithHosts():181}()
#6 C:/Users/Monami Sadhu/Music/🏫 Campus Lost & Found Portal – Authentication, CRUD, Search/vendor/laravel/framework/src/Illuminate/Database/Connection.php(1257): call_user_func()
#7 C:/Users/Monami Sadhu/Music/🏫 Campus Lost & Found Portal – Authentication, CRUD, Search/vendor/laravel/framework/src/Illuminate/Database/Connection.php(605): Illuminate/Database/Connection->getPdo()
#8 C:/Users/Monami Sadhu/Music/🏫 Campus Lost & Found Portal – Authentication, CRUD, Search/vendor/laravel/framework/src/Illuminate/Database/Connection.php(827): Illuminate/Database/Connection->{closure:Illuminate/Database/Connection::affectingStatement():597}()
#9 C:/Users/Monami Sadhu/Music/🏫 Campus Lost & Found Portal – Authentication, CRUD, Search/vendor/laravel/framework/src/Illuminate/Database/Connection.php(999): Illuminate/Database/Connection->runQueryCallback()
#10 C:/Users/Monami Sadhu/Music/🏫 Campus Lost & Found Portal – Authentication, CRUD, Search/vendor/laravel/framework/src/Illuminate/Database/Connection.php(978): Illuminate/Database/Connection->tryAgainIfCausedByLostConnection()
#11 C:/Users/Monami Sadhu/Music/🏫 Campus Lost & Found Portal – Authentication, CRUD, Search/vendor/laravel/framework/src/Illuminate/Database/Connection.php(796): Illuminate/Database/Connection->handleQueryException()
#12 C:/Users/Monami Sadhu/Music/🏫 Campus Lost & Found Portal – Authentication, CRUD, Search/vendor/laravel/framework/src/Illuminate/Database/Connection.php(597): Illuminate/Database/Connection->run()
#13 C:/Users/Monami Sadhu/Music/🏫 Campus Lost & Found Portal – Authentication, CRUD, Search/vendor/laravel/framework/src/Illuminate/Database/Connection.php(561): Illuminate/Database/Connection->affectingStatement()
#14 C:/Users/Monami Sadhu/Music/🏫 Campus Lost & Found Portal – Authentication, CRUD, Search/vendor/laravel/framework/src/Illuminate/Database/Query/Builder.php(4426): Illuminate/Database/Connection->delete()
#15 C:/Users/Monami Sadhu/Music/🏫 Campus Lost & Found Portal – Authentication, CRUD, Search/vendor/laravel/framework/src/Illuminate/Cache/DatabaseStore.php(433): Illuminate/Database/Query/Builder->delete()
#16 C:/Users/Monami Sadhu/Music/🏫 Campus Lost & Found Portal – Authentication, CRUD, Search/vendor/laravel/framework/src/Illuminate/Cache/Repository.php(979): Illuminate/Cache/DatabaseStore->flush()
#17 C:/Users/Monami Sadhu/Music/🏫 Campus Lost & Found Portal – Authentication, CRUD, Search/vendor/laravel/framework/src/Illuminate/Cache/Console/ClearCommand.php(68): Illuminate/Cache/Repository->__call()
#18 C:/Users/Monami Sadhu/Music/🏫 Campus Lost & Found Portal – Authentication, CRUD, Search/vendor/laravel/framework/src/Illuminate/Container/BoundMethod.php(36): Illuminate/Cache/Console/ClearCommand->handle()
#19 C:/Users/Monami Sadhu/Music/🏫 Campus Lost & Found Portal – Authentication, CRUD, Search/vendor/laravel/framework/src/Illuminate/Container/Util.php(43): Illuminate/Container/BoundMethod::{closure:Illuminate/Container/BoundMethod::call():35}()
#20 C:/Users/Monami Sadhu/Music/🏫 Campus Lost & Found Portal – Authentication, CRUD, Search/vendor/laravel/framework/src/Illuminate/Container/BoundMethod.php(96): Illuminate/Container/Util::unwrapIfClosure()
#21 C:/Users/Monami Sadhu/Music/🏫 Campus Lost & Found Portal – Authentication, CRUD, Search/vendor/laravel/framework/src/Illuminate/Container/BoundMethod.php(35): Illuminate/Container/BoundMethod::callBoundMethod()
#22 C:/Users/Monami Sadhu/Music/🏫 Campus Lost & Found Portal – Authentication, CRUD, Search/vendor/laravel/framework/src/Illuminate/Container/Container.php(799): Illuminate/Container/BoundMethod::call()
#23 C:/Users/Monami Sadhu/Music/🏫 Campus Lost & Found Portal – Authentication, CRUD, Search/vendor/laravel/framework/src/Illuminate/Console/Command.php(211): Illuminate/Container/Container->call()
#24 C:/Users/Monami Sadhu/Music/🏫 Campus Lost & Found Portal – Authentication, CRUD, Search/vendor/symfony/console/Command/Command.php(341): Illuminate/Console/Command->execute()
#25 C:/Users/Monami Sadhu/Music/🏫 Campus Lost & Found Portal – Authentication, CRUD, Search/vendor/laravel/framework/src/Illuminate/Console/Command.php(180): Symfony/Component/Console/Command/Command->run()
#26 C:/Users/Monami Sadhu/Music/🏫 Campus Lost & Found Portal – Authentication, CRUD, Search/vendor/symfony/console/Application.php(1117): Illuminate/Console/Command->run()
#27 C:/Users/Monami Sadhu/Music/🏫 Campus Lost & Found Portal – Authentication, CRUD, Search/vendor/symfony/console/Application.php(356): Symfony/Component/Console/Application->doRunCommand()
#28 C:/Users/Monami Sadhu/Music/🏫 Campus Lost & Found Portal – Authentication, CRUD, Search/vendor/symfony/console/Application.php(195): Symfony/Component/Console/Application->doRun()
#29 C:/Users/Monami Sadhu/Music/🏫 Campus Lost & Found Portal – Authentication, CRUD, Search/vendor/laravel/framework/src/Illuminate/Foundation/Console/Kernel.php(198): Symfony/Component/Console/Application->run()
#30 C:/Users/Monami Sadhu/Music/🏫 Campus Lost & Found Portal – Authentication, CRUD, Search/artisan(10): Illuminate/Foundation/Console/Kernel->handle()
#31 {main}
"} 
[2026-08-04 15:36:20] local.ERROR: SQLSTATE[HY000] [1045] Access denied for user 'root'@'localhost' (using password: NO) (Connection: mysql, Host: 127.0.0.1, Port: 3306, Database: campus_lost_found, SQL: select * from `items` order by `created_at` desc limit 6) {"exception":"[object] (Illuminate\\Database\\QueryException(code: 1045): SQLSTATE[HY000] [1045] Access denied for user 'root'@'localhost' (using password: NO) (Connection: mysql, Host: 127.0.0.1, Port: 3306, Database: campus_lost_found, SQL: select * from `items` order by `created_at` desc limit 6) at C:/Users/Monami Sadhu/Music/🏫 Campus Lost & Found Portal – Authentication, CRUD, Search/vendor/laravel/framework/src/Illuminate/Database/Connection.php:838)
[stacktrace]
#0 C:/Users/Monami Sadhu/Music/🏫 Campus Lost & Found Portal – Authentication, CRUD, Search/vendor/laravel/framework/src/Illuminate/Database/Connection.php(999): Illuminate/Database/Connection->runQueryCallback()
#1 C:/Users/Monami Sadhu/Music/🏫 Campus Lost & Found Portal – Authentication, CRUD, Search/vendor/laravel/framework/src/Illuminate/Database/Connection.php(978): Illuminate/Database/Connection->tryAgainIfCausedByLostConnection()
#2 C:/Users/Monami Sadhu/Music/🏫 Campus Lost & Found Portal – Authentication, CRUD, Search/vendor/laravel/framework/src/Illuminate/Database/Connection.php(796): Illuminate/Database/Connection->handleQueryException()
#3 C:/Users/Monami Sadhu/Music/🏫 Campus Lost & Found Portal – Authentication, CRUD, Search/vendor/laravel/framework/src/Illuminate/Database/Connection.php(411): Illuminate/Database/Connection->run()
#4 C:/Users/Monami Sadhu/Music/🏫 Campus Lost & Found Portal – Authentication, CRUD, Search/vendor/laravel/framework/src/Illuminate/Database/Query/Builder.php(3505): Illuminate/Database/Connection->select()
#5 C:/Users/Monami Sadhu/Music/🏫 Campus Lost & Found Portal – Authentication, CRUD, Search/vendor/laravel/framework/src/Illuminate/Database/Query/Builder.php(3490): Illuminate/Database/Query/Builder->runSelect()
#6 C:/Users/Monami Sadhu/Music/🏫 Campus Lost & Found Portal – Authentication, CRUD, Search/vendor/laravel/framework/src/Illuminate/Database/Query/Builder.php(4080): Illuminate/Database/Query/Builder->{closure:Illuminate/Database/Query/Builder::get():3489}()
#7 C:/Users/Monami Sadhu/Music/🏫 Campus Lost & Found Portal – Authentication, CRUD, Search/vendor/laravel/framework/src/Illuminate/Database/Query/Builder.php(3489): Illuminate/Database/Query/Builder->onceWithColumns()
#8 C:/Users/Monami Sadhu/Music/🏫 Campus Lost & Found Portal – Authentication, CRUD, Search/vendor/laravel/framework/src/Illuminate/Database/Eloquent/Builder.php(902): Illuminate/Database/Query/Builder->get()
#9 C:/Users/Monami Sadhu/Music/🏫 Campus Lost & Found Portal – Authentication, CRUD, Search/vendor/laravel/framework/src/Illuminate/Database/Eloquent/Builder.php(884): Illuminate/Database/Eloquent/Builder->getModels()
#10 C:/Users/Monami Sadhu/Music/🏫 Campus Lost & Found Portal – Authentication, CRUD, Search/app/Http/Controllers/PageController.php(11): Illuminate/Database/Eloquent/Builder->get()
#11 C:/Users/Monami Sadhu/Music/🏫 Campus Lost & Found Portal – Authentication, CRUD, Search/vendor/laravel/framework/src/Illuminate/Routing/Controller.php(54): App/Http/Controllers/PageController->home()
#12 C:/Users/Monami Sadhu/Music/🏫 Campus Lost & Found Portal – Authentication, CRUD, Search/vendor/laravel/framework/src/Illuminate/Routing/ControllerDispatcher.php(43): Illuminate/Routing/Controller->callAction()
#13 C:/Users/Monami Sadhu/Music/🏫 Campus Lost & Found Portal – Authentication, CRUD, Search/vendor/laravel/framework/src/Illuminate/Routing/Route.php(265): Illuminate/Routing/ControllerDispatcher->dispatch()
#14 C:/Users/Monami Sadhu/Music/🏫 Campus Lost & Found Portal – Authentication, CRUD, Search/vendor/laravel/framework/src/Illuminate/Routing/Route.php(211): Illuminate/Routing/Route->runController()
#15 C:/Users/Monami Sadhu/Music/🏫 Campus Lost & Found Portal – Authentication, CRUD, Search/vendor/laravel/framework/src/Illuminate/Routing/Router.php(822): Illuminate/Routing/Route->run()
#16 C:/Users/Monami Sadhu/Music/🏫 Campus Lost & Found Portal – Authentication, CRUD, Search/vendor/laravel/framework/src/Illuminate/Pipeline/Pipeline.php(180): Illuminate/Routing/Router->{closure:Illuminate/Routing/Router::runRouteWithinStack():821}()
#17 C:/Users/Monami Sadhu/Music/🏫 Campus Lost & Found Portal – Authentication, CRUD, Search/vendor/laravel/framework/src/Illuminate/Routing/Middleware/SubstituteBindings.php(50): Illuminate/Pipeline/Pipeline->{closure:Illuminate/Pipeline/Pipeline::prepareDestination():178}()
#18 C:/Users/Monami Sadhu/Music/🏫 Campus Lost & Found Portal – Authentication, CRUD, Search/vendor/laravel/framework/src/Illuminate/Pipeline/Pipeline.php(219): Illuminate/Routing/Middleware/SubstituteBindings->handle()
#19 C:/Users/Monami Sadhu/Music/🏫 Campus Lost & Found Portal – Authentication, CRUD, Search/vendor/laravel/framework/src/Illuminate/Foundation/Http/Middleware/VerifyCsrfToken.php(87): Illuminate/Pipeline/Pipeline->{closure:{closure:Illuminate/Pipeline/Pipeline::carry():194}:195}()
#20 C:/Users/Monami Sadhu/Music/🏫 Campus Lost & Found Portal – Authentication, CRUD, Search/vendor/laravel/framework/src/Illuminate/Pipeline/Pipeline.php(219): Illuminate/Foundation/Http/Middleware/VerifyCsrfToken->handle()
#21 C:/Users/Monami Sadhu/Music/🏫 Campus Lost & Found Portal – Authentication, CRUD, Search/vendor/laravel/framework/src/Illuminate/View/Middleware/ShareErrorsFromSession.php(48): Illuminate/Pipeline/Pipeline->{closure:{closure:Illuminate/Pipeline/Pipeline::carry():194}:195}()
#22 C:/Users/Monami Sadhu/Music/🏫 Campus Lost & Found Portal – Authentication, CRUD, Search/vendor/laravel/framework/src/Illuminate/Pipeline/Pipeline.php(219): Illuminate/View/Middleware/ShareErrorsFromSession->handle()
#23 C:/Users/Monami Sadhu/Music/🏫 Campus Lost & Found Portal – Authentication, CRUD, Search/vendor/laravel/framework/src/Illuminate/Session/Middleware/StartSession.php(120): Illuminate/Pipeline/Pipeline->{closure:{closure:Illuminate/Pipeline/Pipeline::carry():194}:195}()
#24 C:/Users/Monami Sadhu/Music/🏫 Campus Lost & Found Portal – Authentication, CRUD, Search/vendor/laravel/framework/src/Illuminate/Session/Middleware/StartSession.php(63): Illuminate/Session/Middleware/StartSession->handleStatefulRequest()
#25 C:/Users/Monami Sadhu/Music/🏫 Campus Lost & Found Portal – Authentication, CRUD, Search/vendor/laravel/framework/src/Illuminate/Pipeline/Pipeline.php(219): Illuminate/Session/Middleware/StartSession->handle()
#26 C:/Users/Monami Sadhu/Music/🏫 Campus Lost & Found Portal – Authentication, CRUD, Search/vendor/laravel/framework/src/Illuminate/Cookie/Middleware/AddQueuedCookiesToResponse.php(36): Illuminate/Pipeline/Pipeline->{closure:{closure:Illuminate/Pipeline/Pipeline::carry():194}:195}()
#27 C:/Users/Monami Sadhu/Music/🏫 Campus Lost & Found Portal – Authentication, CRUD, Search/vendor/laravel/framework/src/Illuminate/Pipeline/Pipeline.php(219): Illuminate/Cookie/Middleware/AddQueuedCookiesToResponse->handle()
#28 C:/Users/Monami Sadhu/Music/🏫 Campus Lost & Found Portal – Authentication, CRUD, Search/vendor/laravel/framework/src/Illuminate/Cookie/Middleware/EncryptCookies.php(74): Illuminate/Pipeline/Pipeline->{closure:{closure:Illuminate/Pipeline/Pipeline::carry():194}:195}()
#29 C:/Users/Monami Sadhu/Music/🏫 Campus Lost & Found Portal – Authentication, CRUD, Search/vendor/laravel/framework/src/Illuminate/Pipeline/Pipeline.php(219): Illuminate/Cookie/Middleware/EncryptCookies->handle()
#30 C:/Users/Monami Sadhu/Music/🏫 Campus Lost & Found Portal – Authentication, CRUD, Search/vendor/laravel/framework/src/Illuminate/Pipeline/Pipeline.php(137): Illuminate/Pipeline/Pipeline->{closure:{closure:Illuminate/Pipeline/Pipeline::carry():194}:195}()
#31 C:/Users/Monami Sadhu/Music/🏫 Campus Lost & Found Portal – Authentication, CRUD, Search/vendor/laravel/framework/src/Illuminate/Routing/Router.php(821): Illuminate/Pipeline/Pipeline->then()
#32 C:/Users/Monami Sadhu/Music/🏫 Campus Lost & Found Portal – Authentication, CRUD, Search/vendor/laravel/framework/src/Illuminate/Routing/Router.php(800): Illuminate/Routing/Router->runRouteWithinStack()
#33 C:/Users/Monami Sadhu/Music/🏫 Campus Lost & Found Portal – Authentication, CRUD, Search/vendor/laravel/framework/src/Illuminate/Routing/Router.php(764): Illuminate/Routing/Router->runRoute()
#34 C:/Users/Monami Sadhu/Music/🏫 Campus Lost & Found Portal – Authentication, CRUD, Search/vendor/laravel/framework/src/Illuminate/Routing/Router.php(753): Illuminate/Routing/Router->dispatchToRoute()
#35 C:/Users/Monami Sadhu/Music/🏫 Campus Lost & Found Portal – Authentication, CRUD, Search/vendor/laravel/framework/src/Illuminate/Foundation/Http/Kernel.php(200): Illuminate/Routing/Router->dispatch()
#36 C:/Users/Monami Sadhu/Music/🏫 Campus Lost & Found Portal – Authentication, CRUD, Search/vendor/laravel/framework/src/Illuminate/Pipeline/Pipeline.php(180): Illuminate/Foundation/Http/Kernel->{closure:Illuminate/Foundation/Http/Kernel::dispatchToRouter():197}()
#37 C:/Users/Monami Sadhu/Music/🏫 Campus Lost & Found Portal – Authentication, CRUD, Search/vendor/laravel/framework/src/Illuminate/Foundation/Http/Middleware/TransformsRequest.php(21): Illuminate/Pipeline/Pipeline->{closure:Illuminate/Pipeline/Pipeline::prepareDestination():178}()
#38 C:/Users/Monami Sadhu/Music/🏫 Campus Lost & Found Portal – Authentication, CRUD, Search/vendor/laravel/framework/src/Illuminate/Foundation/Http/Middleware/ConvertEmptyStringsToNull.php(31): Illuminate/Foundation/Http/Middleware/TransformsRequest->handle()
#39 C:/Users/Monami Sadhu/Music/🏫 Campus Lost & Found Portal – Authentication, CRUD, Search/vendor/laravel/framework/src/Illuminate/Pipeline/Pipeline.php(219): Illuminate/Foundation/Http/Middleware/ConvertEmptyStringsToNull->handle()
#40 C:/Users/Monami Sadhu/Music/🏫 Campus Lost & Found Portal – Authentication, CRUD, Search/vendor/laravel/framework/src/Illuminate/Foundation/Http/Middleware/TransformsRequest.php(21): Illuminate/Pipeline/Pipeline->{closure:{closure:Illuminate/Pipeline/Pipeline::carry():194}:195}()
#41 C:/Users/Monami Sadhu/Music/🏫 Campus Lost & Found Portal – Authentication, CRUD, Search/vendor/laravel/framework/src/Illuminate/Foundation/Http/Middleware/TrimStrings.php(51): Illuminate/Foundation/Http/Middleware/TransformsRequest->handle()
#42 C:/Users/Monami Sadhu/Music/🏫 Campus Lost & Found Portal – Authentication, CRUD, Search/vendor/laravel/framework/src/Illuminate/Pipeline/Pipeline.php(219): Illuminate/Foundation/Http/Middleware/TrimStrings->handle()
#43 C:/Users/Monami Sadhu/Music/🏫 Campus Lost & Found Portal – Authentication, CRUD, Search/vendor/laravel/framework/src/Illuminate/Http/Middleware/ValidatePostSize.php(27): Illuminate/Pipeline/Pipeline->{closure:{closure:Illuminate/Pipeline/Pipeline::carry():194}:195}()
#44 C:/Users/Monami Sadhu/Music/🏫 Campus Lost & Found Portal – Authentication, CRUD, Search/vendor/laravel/framework/src/Illuminate/Pipeline/Pipeline.php(219): Illuminate/Http/Middleware/ValidatePostSize->handle()
#45 C:/Users/Monami Sadhu/Music/🏫 Campus Lost & Found Portal – Authentication, CRUD, Search/vendor/laravel/framework/src/Illuminate/Foundation/Http/Middleware/PreventRequestsDuringMaintenance.php(109): Illuminate/Pipeline/Pipeline->{closure:{closure:Illuminate/Pipeline/Pipeline::carry():194}:195}()
#46 C:/Users/Monami Sadhu/Music/🏫 Campus Lost & Found Portal – Authentication, CRUD, Search/vendor/laravel/framework/src/Illuminate/Pipeline/Pipeline.php(219): Illuminate/Foundation/Http/Middleware/PreventRequestsDuringMaintenance->handle()
#47 C:/Users/Monami Sadhu/Music/🏫 Campus Lost & Found Portal – Authentication, CRUD, Search/vendor/laravel/framework/src/Illuminate/Http/Middleware/HandleCors.php(61): Illuminate/Pipeline/Pipeline->{closure:{closure:Illuminate/Pipeline/Pipeline::carry():194}:195}()
#48 C:/Users/Monami Sadhu/Music/🏫 Campus Lost & Found Portal – Authentication, CRUD, Search/vendor/laravel/framework/src/Illuminate/Pipeline/Pipeline.php(219): Illuminate/Http/Middleware/HandleCors->handle()
#49 C:/Users/Monami Sadhu/Music/🏫 Campus Lost & Found Portal – Authentication, CRUD, Search/vendor/laravel/framework/src/Illuminate/Http/Middleware/TrustProxies.php(58): Illuminate/Pipeline/Pipeline->{closure:{closure:Illuminate/Pipeline/Pipeline::carry():194}:195}()
#50 C:/Users/Monami Sadhu/Music/🏫 Campus Lost & Found Portal – Authentication, CRUD, Search/vendor/laravel/framework/src/Illuminate/Pipeline/Pipeline.php(219): Illuminate/Http/Middleware/TrustProxies->handle()
#51 C:/Users/Monami Sadhu/Music/🏫 Campus Lost & Found Portal – Authentication, CRUD, Search/vendor/laravel/framework/src/Illuminate/Foundation/Http/Middleware/InvokeDeferredCallbacks.php(22): Illuminate/Pipeline/Pipeline->{closure:{closure:Illuminate/Pipeline/Pipeline::carry():194}:195}()
#52 C:/Users/Monami Sadhu/Music/🏫 Campus Lost & Found Portal – Authentication, CRUD, Search/vendor/laravel/framework/src/Illuminate/Pipeline/Pipeline.php(219): Illuminate/Foundation/Http/Middleware/InvokeDeferredCallbacks->handle()
#53 C:/Users/Monami Sadhu/Music/🏫 Campus Lost & Found Portal – Authentication, CRUD, Search/vendor/laravel/framework/src/Illuminate/Http/Middleware/ValidatePathEncoding.php(26): Illuminate/Pipeline/Pipeline->{closure:{closure:Illuminate/Pipeline/Pipeline::carry():194}:195}()
#54 C:/Users/Monami Sadhu/Music/🏫 Campus Lost & Found Portal – Authentication, CRUD, Search/vendor/laravel/framework/src/Illuminate/Pipeline/Pipeline.php(219): Illuminate/Http/Middleware/ValidatePathEncoding->handle()
#55 C:/Users/Monami Sadhu/Music/🏫 Campus Lost & Found Portal – Authentication, CRUD, Search/vendor/laravel/framework/src/Illuminate/Pipeline/Pipeline.php(137): Illuminate/Pipeline/Pipeline->{closure:{closure:Illuminate/Pipeline/Pipeline::carry():194}:195}()
#56 C:/Users/Monami Sadhu/Music/🏫 Campus Lost & Found Portal – Authentication, CRUD, Search/vendor/laravel/framework/src/Illuminate/Foundation/Http/Kernel.php(175): Illuminate/Pipeline/Pipeline->then()
#57 C:/Users/Monami Sadhu/Music/🏫 Campus Lost & Found Portal – Authentication, CRUD, Search/vendor/laravel/framework/src/Illuminate/Foundation/Http/Kernel.php(144): Illuminate/Foundation/Http/Kernel->sendRequestThroughRouter()
#58 C:/Users/Monami Sadhu/Music/🏫 Campus Lost & Found Portal – Authentication, CRUD, Search/vendor/laravel/framework/src/Illuminate/Foundation/Testing/Concerns/MakesHttpRequests.php(607): Illuminate/Foundation/Http/Kernel->handle()
#59 C:/Users/Monami Sadhu/Music/🏫 Campus Lost & Found Portal – Authentication, CRUD, Search/vendor/laravel/framework/src/Illuminate/Foundation/Testing/Concerns/MakesHttpRequests.php(368): Illuminate/Foundation/Testing/TestCase->call()
#60 C:/Users/Monami Sadhu/Music/🏫 Campus Lost & Found Portal – Authentication, CRUD, Search/tests/Feature/HomePageTest.php(11): Illuminate/Foundation/Testing/TestCase->get()
#61 C:/Users/Monami Sadhu/Music/🏫 Campus Lost & Found Portal – Authentication, CRUD, Search/vendor/phpunit/phpunit/src/Framework/TestCase.php(1667): Tests/Feature/HomePageTest->test_home_page_is_accessible()
#62 C:/Users/Monami Sadhu/Music/🏫 Campus Lost & Found Portal – Authentication, CRUD, Search/vendor/phpunit/phpunit/src/Framework/TestCase.php(519): PHPUnit/Framework/TestCase->runTest()
#63 C:/Users/Monami Sadhu/Music/🏫 Campus Lost & Found Portal – Authentication, CRUD, Search/vendor/phpunit/phpunit/src/Framework/TestRunner/TestRunner.php(87): PHPUnit/Framework/TestCase->runBare()
#64 C:/Users/Monami Sadhu/Music/🏫 Campus Lost & Found Portal – Authentication, CRUD, Search/vendor/phpunit/phpunit/src/Framework/TestCase.php(365): PHPUnit/Framework/TestRunner->run()
#65 C:/Users/Monami Sadhu/Music/🏫 Campus Lost & Found Portal – Authentication, CRUD, Search/vendor/phpunit/phpunit/src/Framework/TestSuite.php(369): PHPUnit/Framework/TestCase->run()
#66 C:/Users/Monami Sadhu/Music/🏫 Campus Lost & Found Portal – Authentication, CRUD, Search/vendor/phpunit/phpunit/src/Framework/TestSuite.php(369): PHPUnit/Framework/TestSuite->run()
#67 C:/Users/Monami Sadhu/Music/🏫 Campus Lost & Found Portal – Authentication, CRUD, Search/vendor/phpunit/phpunit/src/Framework/TestSuite.php(369): PHPUnit/Framework/TestSuite->run()
#68 C:/Users/Monami Sadhu/Music/🏫 Campus Lost & Found Portal – Authentication, CRUD, Search/vendor/phpunit/phpunit/src/TextUI/TestRunner.php(64): PHPUnit/Framework/TestSuite->run()
#69 C:/Users/Monami Sadhu/Music/🏫 Campus Lost & Found Portal – Authentication, CRUD, Search/vendor/phpunit/phpunit/src/TextUI/Application.php(211): PHPUnit/TextUI/TestRunner->run()
#70 C:/Users/Monami Sadhu/Music/🏫 Campus Lost & Found Portal – Authentication, CRUD, Search/vendor/phpunit/phpunit/phpunit(104): PHPUnit/TextUI/Application->run()
#71 {main}

[previous exception] [object] (PDOException(code: 1045): SQLSTATE[HY000] [1045] Access denied for user 'root'@'localhost' (using password: NO) at C:/Users/Monami Sadhu/Music/🏫 Campus Lost & Found Portal – Authentication, CRUD, Search/vendor/laravel/framework/src/Illuminate/Database/Connectors/Connector.php:67)
[stacktrace]
#0 C:/Users/Monami Sadhu/Music/🏫 Campus Lost & Found Portal – Authentication, CRUD, Search/vendor/laravel/framework/src/Illuminate/Database/Connectors/Connector.php(67): PDO::connect()
#1 C:/Users/Monami Sadhu/Music/🏫 Campus Lost & Found Portal – Authentication, CRUD, Search/vendor/laravel/framework/src/Illuminate/Database/Connectors/Connector.php(85): Illuminate/Database/Connectors/Connector->createPdoConnection()
#2 C:/Users/Monami Sadhu/Music/🏫 Campus Lost & Found Portal – Authentication, CRUD, Search/vendor/laravel/framework/src/Illuminate/Database/Connectors/Connector.php(48): Illuminate/Database/Connectors/Connector->tryAgainIfCausedByLostConnection()
#3 C:/Users/Monami Sadhu/Music/🏫 Campus Lost & Found Portal – Authentication, CRUD, Search/vendor/laravel/framework/src/Illuminate/Database/Connectors/MySqlConnector.php(24): Illuminate/Database/Connectors/Connector->createConnection()
#4 C:/Users/Monami Sadhu/Music/🏫 Campus Lost & Found Portal – Authentication, CRUD, Search/vendor/laravel/framework/src/Illuminate/Database/Connectors/ConnectionFactory.php(186): Illuminate/Database/Connectors/MySqlConnector->connect()
#5 [internal function]: Illuminate/Database/Connectors/ConnectionFactory->{closure:Illuminate/Database/Connectors/ConnectionFactory::createPdoResolverWithHosts():181}()
#6 C:/Users/Monami Sadhu/Music/🏫 Campus Lost & Found Portal – Authentication, CRUD, Search/vendor/laravel/framework/src/Illuminate/Database/Connection.php(1257): call_user_func()
#7 C:/Users/Monami Sadhu/Music/🏫 Campus Lost & Found Portal – Authentication, CRUD, Search/vendor/laravel/framework/src/Illuminate/Database/Connection.php(1295): Illuminate/Database/Connection->getPdo()
#8 C:/Users/Monami Sadhu/Music/🏫 Campus Lost & Found Portal – Authentication, CRUD, Search/vendor/laravel/framework/src/Illuminate/Database/Connection.php(525): Illuminate/Database/Connection->getReadPdo()
#9 C:/Users/Monami Sadhu/Music/🏫 Campus Lost & Found Portal – Authentication, CRUD, Search/vendor/laravel/framework/src/Illuminate/Database/Connection.php(420): Illuminate/Database/Connection->getPdoForSelect()
#10 C:/Users/Monami Sadhu/Music/🏫 Campus Lost & Found Portal – Authentication, CRUD, Search/vendor/laravel/framework/src/Illuminate/Database/Connection.php(827): Illuminate/Database/Connection->{closure:Illuminate/Database/Connection::select():411}()
#11 C:/Users/Monami Sadhu/Music/🏫 Campus Lost & Found Portal – Authentication, CRUD, Search/vendor/laravel/framework/src/Illuminate/Database/Connection.php(999): Illuminate/Database/Connection->runQueryCallback()
#12 C:/Users/Monami Sadhu/Music/🏫 Campus Lost & Found Portal – Authentication, CRUD, Search/vendor/laravel/framework/src/Illuminate/Database/Connection.php(978): Illuminate/Database/Connection->tryAgainIfCausedByLostConnection()
#13 C:/Users/Monami Sadhu/Music/🏫 Campus Lost & Found Portal – Authentication, CRUD, Search/vendor/laravel/framework/src/Illuminate/Database/Connection.php(796): Illuminate/Database/Connection->handleQueryException()
#14 C:/Users/Monami Sadhu/Music/🏫 Campus Lost & Found Portal – Authentication, CRUD, Search/vendor/laravel/framework/src/Illuminate/Database/Connection.php(411): Illuminate/Database/Connection->run()
#15 C:/Users/Monami Sadhu/Music/🏫 Campus Lost & Found Portal – Authentication, CRUD, Search/vendor/laravel/framework/src/Illuminate/Database/Query/Builder.php(3505): Illuminate/Database/Connection->select()
#16 C:/Users/Monami Sadhu/Music/🏫 Campus Lost & Found Portal – Authentication, CRUD, Search/vendor/laravel/framework/src/Illuminate/Database/Query/Builder.php(3490): Illuminate/Database/Query/Builder->runSelect()
#17 C:/Users/Monami Sadhu/Music/🏫 Campus Lost & Found Portal – Authentication, CRUD, Search/vendor/laravel/framework/src/Illuminate/Database/Query/Builder.php(4080): Illuminate/Database/Query/Builder->{closure:Illuminate/Database/Query/Builder::get():3489}()
#18 C:/Users/Monami Sadhu/Music/🏫 Campus Lost & Found Portal – Authentication, CRUD, Search/vendor/laravel/framework/src/Illuminate/Database/Query/Builder.php(3489): Illuminate/Database/Query/Builder->onceWithColumns()
#19 C:/Users/Monami Sadhu/Music/🏫 Campus Lost & Found Portal – Authentication, CRUD, Search/vendor/laravel/framework/src/Illuminate/Database/Eloquent/Builder.php(902): Illuminate/Database/Query/Builder->get()
#20 C:/Users/Monami Sadhu/Music/🏫 Campus Lost & Found Portal – Authentication, CRUD, Search/vendor/laravel/framework/src/Illuminate/Database/Eloquent/Builder.php(884): Illuminate/Database/Eloquent/Builder->getModels()
#21 C:/Users/Monami Sadhu/Music/🏫 Campus Lost & Found Portal – Authentication, CRUD, Search/app/Http/Controllers/PageController.php(11): Illuminate/Database/Eloquent/Builder->get()
#22 C:/Users/Monami Sadhu/Music/🏫 Campus Lost & Found Portal – Authentication, CRUD, Search/vendor/laravel/framework/src/Illuminate/Routing/Controller.php(54): App/Http/Controllers/PageController->home()
#23 C:/Users/Monami Sadhu/Music/🏫 Campus Lost & Found Portal – Authentication, CRUD, Search/vendor/laravel/framework/src/Illuminate/Routing/ControllerDispatcher.php(43): Illuminate/Routing/Controller->callAction()
#24 C:/Users/Monami Sadhu/Music/🏫 Campus Lost & Found Portal – Authentication, CRUD, Search/vendor/laravel/framework/src/Illuminate/Routing/Route.php(265): Illuminate/Routing/ControllerDispatcher->dispatch()
#25 C:/Users/Monami Sadhu/Music/🏫 Campus Lost & Found Portal – Authentication, CRUD, Search/vendor/laravel/framework/src/Illuminate/Routing/Route.php(211): Illuminate/Routing/Route->runController()
#26 C:/Users/Monami Sadhu/Music/🏫 Campus Lost & Found Portal – Authentication, CRUD, Search/vendor/laravel/framework/src/Illuminate/Routing/Router.php(822): Illuminate/Routing/Route->run()
#27 C:/Users/Monami Sadhu/Music/🏫 Campus Lost & Found Portal – Authentication, CRUD, Search/vendor/laravel/framework/src/Illuminate/Pipeline/Pipeline.php(180): Illuminate/Routing/Router->{closure:Illuminate/Routing/Router::runRouteWithinStack():821}()
#28 C:/Users/Monami Sadhu/Music/🏫 Campus Lost & Found Portal – Authentication, CRUD, Search/vendor/laravel/framework/src/Illuminate/Routing/Middleware/SubstituteBindings.php(50): Illuminate/Pipeline/Pipeline->{closure:Illuminate/Pipeline/Pipeline::prepareDestination():178}()
#29 C:/Users/Monami Sadhu/Music/🏫 Campus Lost & Found Portal – Authentication, CRUD, Search/vendor/laravel/framework/src/Illuminate/Pipeline/Pipeline.php(219): Illuminate/Routing/Middleware/SubstituteBindings->handle()
#30 C:/Users/Monami Sadhu/Music/🏫 Campus Lost & Found Portal – Authentication, CRUD, Search/vendor/laravel/framework/src/Illuminate/Foundation/Http/Middleware/VerifyCsrfToken.php(87): Illuminate/Pipeline/Pipeline->{closure:{closure:Illuminate/Pipeline/Pipeline::carry():194}:195}()
#31 C:/Users/Monami Sadhu/Music/🏫 Campus Lost & Found Portal – Authentication, CRUD, Search/vendor/laravel/framework/src/Illuminate/Pipeline/Pipeline.php(219): Illuminate/Foundation/Http/Middleware/VerifyCsrfToken->handle()
#32 C:/Users/Monami Sadhu/Music/🏫 Campus Lost & Found Portal – Authentication, CRUD, Search/vendor/laravel/framework/src/Illuminate/View/Middleware/ShareErrorsFromSession.php(48): Illuminate/Pipeline/Pipeline->{closure:{closure:Illuminate/Pipeline/Pipeline::carry():194}:195}()
#33 C:/Users/Monami Sadhu/Music/🏫 Campus Lost & Found Portal – Authentication, CRUD, Search/vendor/laravel/framework/src/Illuminate/Pipeline/Pipeline.php(219): Illuminate/View/Middleware/ShareErrorsFromSession->handle()
#34 C:/Users/Monami Sadhu/Music/🏫 Campus Lost & Found Portal – Authentication, CRUD, Search/vendor/laravel/framework/src/Illuminate/Session/Middleware/StartSession.php(120): Illuminate/Pipeline/Pipeline->{closure:{closure:Illuminate/Pipeline/Pipeline::carry():194}:195}()
#35 C:/Users/Monami Sadhu/Music/🏫 Campus Lost & Found Portal – Authentication, CRUD, Search/vendor/laravel/framework/src/Illuminate/Session/Middleware/StartSession.php(63): Illuminate/Session/Middleware/StartSession->handleStatefulRequest()
#36 C:/Users/Monami Sadhu/Music/🏫 Campus Lost & Found Portal – Authentication, CRUD, Search/vendor/laravel/framework/src/Illuminate/Pipeline/Pipeline.php(219): Illuminate/Session/Middleware/StartSession->handle()
#37 C:/Users/Monami Sadhu/Music/🏫 Campus Lost & Found Portal – Authentication, CRUD, Search/vendor/laravel/framework/src/Illuminate/Cookie/Middleware/AddQueuedCookiesToResponse.php(36): Illuminate/Pipeline/Pipeline->{closure:{closure:Illuminate/Pipeline/Pipeline::carry():194}:195}()
#38 C:/Users/Monami Sadhu/Music/🏫 Campus Lost & Found Portal – Authentication, CRUD, Search/vendor/laravel/framework/src/Illuminate/Pipeline/Pipeline.php(219): Illuminate/Cookie/Middleware/AddQueuedCookiesToResponse->handle()
#39 C:/Users/Monami Sadhu/Music/🏫 Campus Lost & Found Portal – Authentication, CRUD, Search/vendor/laravel/framework/src/Illuminate/Cookie/Middleware/EncryptCookies.php(74): Illuminate/Pipeline/Pipeline->{closure:{closure:Illuminate/Pipeline/Pipeline::carry():194}:195}()
#40 C:/Users/Monami Sadhu/Music/🏫 Campus Lost & Found Portal – Authentication, CRUD, Search/vendor/laravel/framework/src/Illuminate/Pipeline/Pipeline.php(219): Illuminate/Cookie/Middleware/EncryptCookies->handle()
#41 C:/Users/Monami Sadhu/Music/🏫 Campus Lost & Found Portal – Authentication, CRUD, Search/vendor/laravel/framework/src/Illuminate/Pipeline/Pipeline.php(137): Illuminate/Pipeline/Pipeline->{closure:{closure:Illuminate/Pipeline/Pipeline::carry():194}:195}()
#42 C:/Users/Monami Sadhu/Music/🏫 Campus Lost & Found Portal – Authentication, CRUD, Search/vendor/laravel/framework/src/Illuminate/Routing/Router.php(821): Illuminate/Pipeline/Pipeline->then()
#43 C:/Users/Monami Sadhu/Music/🏫 Campus Lost & Found Portal – Authentication, CRUD, Search/vendor/laravel/framework/src/Illuminate/Routing/Router.php(800): Illuminate/Routing/Router->runRouteWithinStack()
#44 C:/Users/Monami Sadhu/Music/🏫 Campus Lost & Found Portal – Authentication, CRUD, Search/vendor/laravel/framework/src/Illuminate/Routing/Router.php(764): Illuminate/Routing/Router->runRoute()
#45 C:/Users/Monami Sadhu/Music/🏫 Campus Lost & Found Portal – Authentication, CRUD, Search/vendor/laravel/framework/src/Illuminate/Routing/Router.php(753): Illuminate/Routing/Router->dispatchToRoute()
#46 C:/Users/Monami Sadhu/Music/🏫 Campus Lost & Found Portal – Authentication, CRUD, Search/vendor/laravel/framework/src/Illuminate/Foundation/Http/Kernel.php(200): Illuminate/Routing/Router->dispatch()
#47 C:/Users/Monami Sadhu/Music/🏫 Campus Lost & Found Portal – Authentication, CRUD, Search/vendor/laravel/framework/src/Illuminate/Pipeline/Pipeline.php(180): Illuminate/Foundation/Http/Kernel->{closure:Illuminate/Foundation/Http/Kernel::dispatchToRouter():197}()
#48 C:/Users/Monami Sadhu/Music/🏫 Campus Lost & Found Portal – Authentication, CRUD, Search/vendor/laravel/framework/src/Illuminate/Foundation/Http/Middleware/TransformsRequest.php(21): Illuminate/Pipeline/Pipeline->{closure:Illuminate/Pipeline/Pipeline::prepareDestination():178}()
#49 C:/Users/Monami Sadhu/Music/🏫 Campus Lost & Found Portal – Authentication, CRUD, Search/vendor/laravel/framework/src/Illuminate/Foundation/Http/Middleware/ConvertEmptyStringsToNull.php(31): Illuminate/Foundation/Http/Middleware/TransformsRequest->handle()
#50 C:/Users/Monami Sadhu/Music/🏫 Campus Lost & Found Portal – Authentication, CRUD, Search/vendor/laravel/framework/src/Illuminate/Pipeline/Pipeline.php(219): Illuminate/Foundation/Http/Middleware/ConvertEmptyStringsToNull->handle()
#51 C:/Users/Monami Sadhu/Music/🏫 Campus Lost & Found Portal – Authentication, CRUD, Search/vendor/laravel/framework/src/Illuminate/Foundation/Http/Middleware/TransformsRequest.php(21): Illuminate/Pipeline/Pipeline->{closure:{closure:Illuminate/Pipeline/Pipeline::carry():194}:195}()
#52 C:/Users/Monami Sadhu/Music/🏫 Campus Lost & Found Portal – Authentication, CRUD, Search/vendor/laravel/framework/src/Illuminate/Foundation/Http/Middleware/TrimStrings.php(51): Illuminate/Foundation/Http/Middleware/TransformsRequest->handle()
#53 C:/Users/Monami Sadhu/Music/🏫 Campus Lost & Found Portal – Authentication, CRUD, Search/vendor/laravel/framework/src/Illuminate/Pipeline/Pipeline.php(219): Illuminate/Foundation/Http/Middleware/TrimStrings->handle()
#54 C:/Users/Monami Sadhu/Music/🏫 Campus Lost & Found Portal – Authentication, CRUD, Search/vendor/laravel/framework/src/Illuminate/Http/Middleware/ValidatePostSize.php(27): Illuminate/Pipeline/Pipeline->{closure:{closure:Illuminate/Pipeline/Pipeline::carry():194}:195}()
#55 C:/Users/Monami Sadhu/Music/🏫 Campus Lost & Found Portal – Authentication, CRUD, Search/vendor/laravel/framework/src/Illuminate/Pipeline/Pipeline.php(219): Illuminate/Http/Middleware/ValidatePostSize->handle()
#56 C:/Users/Monami Sadhu/Music/🏫 Campus Lost & Found Portal – Authentication, CRUD, Search/vendor/laravel/framework/src/Illuminate/Foundation/Http/Middleware/PreventRequestsDuringMaintenance.php(109): Illuminate/Pipeline/Pipeline->{closure:{closure:Illuminate/Pipeline/Pipeline::carry():194}:195}()
#57 C:/Users/Monami Sadhu/Music/🏫 Campus Lost & Found Portal – Authentication, CRUD, Search/vendor/laravel/framework/src/Illuminate/Pipeline/Pipeline.php(219): Illuminate/Foundation/Http/Middleware/PreventRequestsDuringMaintenance->handle()
#58 C:/Users/Monami Sadhu/Music/🏫 Campus Lost & Found Portal – Authentication, CRUD, Search/vendor/laravel/framework/src/Illuminate/Http/Middleware/HandleCors.php(61): Illuminate/Pipeline/Pipeline->{closure:{closure:Illuminate/Pipeline/Pipeline::carry():194}:195}()
#59 C:/Users/Monami Sadhu/Music/🏫 Campus Lost & Found Portal – Authentication, CRUD, Search/vendor/laravel/framework/src/Illuminate/Pipeline/Pipeline.php(219): Illuminate/Http/Middleware/HandleCors->handle()
#60 C:/Users/Monami Sadhu/Music/🏫 Campus Lost & Found Portal – Authentication, CRUD, Search/vendor/laravel/framework/src/Illuminate/Http/Middleware/TrustProxies.php(58): Illuminate/Pipeline/Pipeline->{closure:{closure:Illuminate/Pipeline/Pipeline::carry():194}:195}()
#61 C:/Users/Monami Sadhu/Music/🏫 Campus Lost & Found Portal – Authentication, CRUD, Search/vendor/laravel/framework/src/Illuminate/Pipeline/Pipeline.php(219): Illuminate/Http/Middleware/TrustProxies->handle()
#62 C:/Users/Monami Sadhu/Music/🏫 Campus Lost & Found Portal – Authentication, CRUD, Search/vendor/laravel/framework/src/Illuminate/Foundation/Http/Middleware/InvokeDeferredCallbacks.php(22): Illuminate/Pipeline/Pipeline->{closure:{closure:Illuminate/Pipeline/Pipeline::carry():194}:195}()
#63 C:/Users/Monami Sadhu/Music/🏫 Campus Lost & Found Portal – Authentication, CRUD, Search/vendor/laravel/framework/src/Illuminate/Pipeline/Pipeline.php(219): Illuminate/Foundation/Http/Middleware/InvokeDeferredCallbacks->handle()
#64 C:/Users/Monami Sadhu/Music/🏫 Campus Lost & Found Portal – Authentication, CRUD, Search/vendor/laravel/framework/src/Illuminate/Http/Middleware/ValidatePathEncoding.php(26): Illuminate/Pipeline/Pipeline->{closure:{closure:Illuminate/Pipeline/Pipeline::carry():194}:195}()
#65 C:/Users/Monami Sadhu/Music/🏫 Campus Lost & Found Portal – Authentication, CRUD, Search/vendor/laravel/framework/src/Illuminate/Pipeline/Pipeline.php(219): Illuminate/Http/Middleware/ValidatePathEncoding->handle()
#66 C:/Users/Monami Sadhu/Music/🏫 Campus Lost & Found Portal – Authentication, CRUD, Search/vendor/laravel/framework/src/Illuminate/Pipeline/Pipeline.php(137): Illuminate/Pipeline/Pipeline->{closure:{closure:Illuminate/Pipeline/Pipeline::carry():194}:195}()
#67 C:/Users/Monami Sadhu/Music/🏫 Campus Lost & Found Portal – Authentication, CRUD, Search/vendor/laravel/framework/src/Illuminate/Foundation/Http/Kernel.php(175): Illuminate/Pipeline/Pipeline->then()
#68 C:/Users/Monami Sadhu/Music/🏫 Campus Lost & Found Portal – Authentication, CRUD, Search/vendor/laravel/framework/src/Illuminate/Foundation/Http/Kernel.php(144): Illuminate/Foundation/Http/Kernel->sendRequestThroughRouter()
#69 C:/Users/Monami Sadhu/Music/🏫 Campus Lost & Found Portal – Authentication, CRUD, Search/vendor/laravel/framework/src/Illuminate/Foundation/Testing/Concerns/MakesHttpRequests.php(607): Illuminate/Foundation/Http/Kernel->handle()
#70 C:/Users/Monami Sadhu/Music/🏫 Campus Lost & Found Portal – Authentication, CRUD, Search/vendor/laravel/framework/src/Illuminate/Foundation/Testing/Concerns/MakesHttpRequests.php(368): Illuminate/Foundation/Testing/TestCase->call()
#71 C:/Users/Monami Sadhu/Music/🏫 Campus Lost & Found Portal – Authentication, CRUD, Search/tests/Feature/HomePageTest.php(11): Illuminate/Foundation/Testing/TestCase->get()
#72 C:/Users/Monami Sadhu/Music/🏫 Campus Lost & Found Portal – Authentication, CRUD, Search/vendor/phpunit/phpunit/src/Framework/TestCase.php(1667): Tests/Feature/HomePageTest->test_home_page_is_accessible()
#73 C:/Users/Monami Sadhu/Music/🏫 Campus Lost & Found Portal – Authentication, CRUD, Search/vendor/phpunit/phpunit/src/Framework/TestCase.php(519): PHPUnit/Framework/TestCase->runTest()
#74 C:/Users/Monami Sadhu/Music/🏫 Campus Lost & Found Portal – Authentication, CRUD, Search/vendor/phpunit/phpunit/src/Framework/TestRunner/TestRunner.php(87): PHPUnit/Framework/TestCase->runBare()
#75 C:/Users/Monami Sadhu/Music/🏫 Campus Lost & Found Portal – Authentication, CRUD, Search/vendor/phpunit/phpunit/src/Framework/TestCase.php(365): PHPUnit/Framework/TestRunner->run()
#76 C:/Users/Monami Sadhu/Music/🏫 Campus Lost & Found Portal – Authentication, CRUD, Search/vendor/phpunit/phpunit/src/Framework/TestSuite.php(369): PHPUnit/Framework/TestCase->run()
#77 C:/Users/Monami Sadhu/Music/🏫 Campus Lost & Found Portal – Authentication, CRUD, Search/vendor/phpunit/phpunit/src/Framework/TestSuite.php(369): PHPUnit/Framework/TestSuite->run()
#78 C:/Users/Monami Sadhu/Music/🏫 Campus Lost & Found Portal – Authentication, CRUD, Search/vendor/phpunit/phpunit/src/Framework/TestSuite.php(369): PHPUnit/Framework/TestSuite->run()
#79 C:/Users/Monami Sadhu/Music/🏫 Campus Lost & Found Portal – Authentication, CRUD, Search/vendor/phpunit/phpunit/src/TextUI/TestRunner.php(64): PHPUnit/Framework/TestSuite->run()
#80 C:/Users/Monami Sadhu/Music/🏫 Campus Lost & Found Portal – Authentication, CRUD, Search/vendor/phpunit/phpunit/src/TextUI/Application.php(211): PHPUnit/TextUI/TestRunner->run()
#81 C:/Users/Monami Sadhu/Music/🏫 Campus Lost & Found Portal – Authentication, CRUD, Search/vendor/phpunit/phpunit/phpunit(104): PHPUnit/TextUI/Application->run()
#82 {main}
"} 
[2026-08-04 15:36:36] local.ERROR: file_put_contents(C:\Users\Monami Sadhu\Music\🏫 Campus Lost & Found Portal – Authentication, CRUD, Search\storage\framework/sessions/O4pMrih1tAq6mH3lAkh1uKJ1Ggc44pxzqlf8zlGb): Failed to open stream: No such file or directory {"exception":"[object] (ErrorException(code: 0): file_put_contents(C:\\Users\\Monami Sadhu\\Music\\🏫 Campus Lost & Found Portal – Authentication, CRUD, Search\\storage\\framework/sessions/O4pMrih1tAq6mH3lAkh1uKJ1Ggc44pxzqlf8zlGb): Failed to open stream: No such file or directory at C:/Users/Monami Sadhu/Music/🏫 Campus Lost & Found Portal – Authentication, CRUD, Search/vendor/laravel/framework/src/Illuminate/Filesystem/Filesystem.php:204)
[stacktrace]
#0 C:/Users/Monami Sadhu/Music/🏫 Campus Lost & Found Portal – Authentication, CRUD, Search/vendor/laravel/framework/src/Illuminate/Foundation/Bootstrap/HandleExceptions.php(262): Illuminate/Foundation/Bootstrap/HandleExceptions->handleError()
#1 [internal function]: Illuminate/Foundation/Bootstrap/HandleExceptions->{closure:Illuminate/Foundation/Bootstrap/HandleExceptions::forwardsTo():261}()
#2 C:/Users/Monami Sadhu/Music/🏫 Campus Lost & Found Portal – Authentication, CRUD, Search/vendor/laravel/framework/src/Illuminate/Filesystem/Filesystem.php(204): file_put_contents()
#3 C:/Users/Monami Sadhu/Music/🏫 Campus Lost & Found Portal – Authentication, CRUD, Search/vendor/laravel/framework/src/Illuminate/Session/FileSessionHandler.php(89): Illuminate/Filesystem/Filesystem->put()
#4 C:/Users/Monami Sadhu/Music/🏫 Campus Lost & Found Portal – Authentication, CRUD, Search/vendor/laravel/framework/src/Illuminate/Session/Store.php(187): Illuminate/Session/FileSessionHandler->write()
#5 C:/Users/Monami Sadhu/Music/🏫 Campus Lost & Found Portal – Authentication, CRUD, Search/vendor/laravel/framework/src/Illuminate/Session/Middleware/StartSession.php(248): Illuminate/Session/Store->save()
#6 C:/Users/Monami Sadhu/Music/🏫 Campus Lost & Found Portal – Authentication, CRUD, Search/vendor/laravel/framework/src/Illuminate/Session/Middleware/StartSession.php(129): Illuminate/Session/Middleware/StartSession->saveSession()
#7 C:/Users/Monami Sadhu/Music/🏫 Campus Lost & Found Portal – Authentication, CRUD, Search/vendor/laravel/framework/src/Illuminate/Session/Middleware/StartSession.php(63): Illuminate/Session/Middleware/StartSession->handleStatefulRequest()
#8 C:/Users/Monami Sadhu/Music/🏫 Campus Lost & Found Portal – Authentication, CRUD, Search/vendor/laravel/framework/src/Illuminate/Pipeline/Pipeline.php(219): Illuminate/Session/Middleware/StartSession->handle()
#9 C:/Users/Monami Sadhu/Music/🏫 Campus Lost & Found Portal – Authentication, CRUD, Search/vendor/laravel/framework/src/Illuminate/Cookie/Middleware/AddQueuedCookiesToResponse.php(36): Illuminate/Pipeline/Pipeline->{closure:{closure:Illuminate/Pipeline/Pipeline::carry():194}:195}()
#10 C:/Users/Monami Sadhu/Music/🏫 Campus Lost & Found Portal – Authentication, CRUD, Search/vendor/laravel/framework/src/Illuminate/Pipeline/Pipeline.php(219): Illuminate/Cookie/Middleware/AddQueuedCookiesToResponse->handle()
#11 C:/Users/Monami Sadhu/Music/🏫 Campus Lost & Found Portal – Authentication, CRUD, Search/vendor/laravel/framework/src/Illuminate/Cookie/Middleware/EncryptCookies.php(74): Illuminate/Pipeline/Pipeline->{closure:{closure:Illuminate/Pipeline/Pipeline::carry():194}:195}()
#12 C:/Users/Monami Sadhu/Music/🏫 Campus Lost & Found Portal – Authentication, CRUD, Search/vendor/laravel/framework/src/Illuminate/Pipeline/Pipeline.php(219): Illuminate/Cookie/Middleware/EncryptCookies->handle()
#13 C:/Users/Monami Sadhu/Music/🏫 Campus Lost & Found Portal – Authentication, CRUD, Search/vendor/laravel/framework/src/Illuminate/Pipeline/Pipeline.php(137): Illuminate/Pipeline/Pipeline->{closure:{closure:Illuminate/Pipeline/Pipeline::carry():194}:195}()
#14 C:/Users/Monami Sadhu/Music/🏫 Campus Lost & Found Portal – Authentication, CRUD, Search/vendor/laravel/framework/src/Illuminate/Routing/Router.php(821): Illuminate/Pipeline/Pipeline->then()
#15 C:/Users/Monami Sadhu/Music/🏫 Campus Lost & Found Portal – Authentication, CRUD, Search/vendor/laravel/framework/src/Illuminate/Routing/Router.php(800): Illuminate/Routing/Router->runRouteWithinStack()
#16 C:/Users/Monami Sadhu/Music/🏫 Campus Lost & Found Portal – Authentication, CRUD, Search/vendor/laravel/framework/src/Illuminate/Routing/Router.php(764): Illuminate/Routing/Router->runRoute()
#17 C:/Users/Monami Sadhu/Music/🏫 Campus Lost & Found Portal – Authentication, CRUD, Search/vendor/laravel/framework/src/Illuminate/Routing/Router.php(753): Illuminate/Routing/Router->dispatchToRoute()
#18 C:/Users/Monami Sadhu/Music/🏫 Campus Lost & Found Portal – Authentication, CRUD, Search/vendor/laravel/framework/src/Illuminate/Foundation/Http/Kernel.php(200): Illuminate/Routing/Router->dispatch()
#19 C:/Users/Monami Sadhu/Music/🏫 Campus Lost & Found Portal – Authentication, CRUD, Search/vendor/laravel/framework/src/Illuminate/Pipeline/Pipeline.php(180): Illuminate/Foundation/Http/Kernel->{closure:Illuminate/Foundation/Http/Kernel::dispatchToRouter():197}()
#20 C:/Users/Monami Sadhu/Music/🏫 Campus Lost & Found Portal – Authentication, CRUD, Search/vendor/laravel/framework/src/Illuminate/Foundation/Http/Middleware/TransformsRequest.php(21): Illuminate/Pipeline/Pipeline->{closure:Illuminate/Pipeline/Pipeline::prepareDestination():178}()
#21 C:/Users/Monami Sadhu/Music/🏫 Campus Lost & Found Portal – Authentication, CRUD, Search/vendor/laravel/framework/src/Illuminate/Foundation/Http/Middleware/ConvertEmptyStringsToNull.php(31): Illuminate/Foundation/Http/Middleware/TransformsRequest->handle()
#22 C:/Users/Monami Sadhu/Music/🏫 Campus Lost & Found Portal – Authentication, CRUD, Search/vendor/laravel/framework/src/Illuminate/Pipeline/Pipeline.php(219): Illuminate/Foundation/Http/Middleware/ConvertEmptyStringsToNull->handle()
#23 C:/Users/Monami Sadhu/Music/🏫 Campus Lost & Found Portal – Authentication, CRUD, Search/vendor/laravel/framework/src/Illuminate/Foundation/Http/Middleware/TransformsRequest.php(21): Illuminate/Pipeline/Pipeline->{closure:{closure:Illuminate/Pipeline/Pipeline::carry():194}:195}()
#24 C:/Users/Monami Sadhu/Music/🏫 Campus Lost & Found Portal – Authentication, CRUD, Search/vendor/laravel/framework/src/Illuminate/Foundation/Http/Middleware/TrimStrings.php(51): Illuminate/Foundation/Http/Middleware/TransformsRequest->handle()
#25 C:/Users/Monami Sadhu/Music/🏫 Campus Lost & Found Portal – Authentication, CRUD, Search/vendor/laravel/framework/src/Illuminate/Pipeline/Pipeline.php(219): Illuminate/Foundation/Http/Middleware/TrimStrings->handle()
#26 C:/Users/Monami Sadhu/Music/🏫 Campus Lost & Found Portal – Authentication, CRUD, Search/vendor/laravel/framework/src/Illuminate/Http/Middleware/ValidatePostSize.php(27): Illuminate/Pipeline/Pipeline->{closure:{closure:Illuminate/Pipeline/Pipeline::carry():194}:195}()
#27 C:/Users/Monami Sadhu/Music/🏫 Campus Lost & Found Portal – Authentication, CRUD, Search/vendor/laravel/framework/src/Illuminate/Pipeline/Pipeline.php(219): Illuminate/Http/Middleware/ValidatePostSize->handle()
#28 C:/Users/Monami Sadhu/Music/🏫 Campus Lost & Found Portal – Authentication, CRUD, Search/vendor/laravel/framework/src/Illuminate/Foundation/Http/Middleware/PreventRequestsDuringMaintenance.php(109): Illuminate/Pipeline/Pipeline->{closure:{closure:Illuminate/Pipeline/Pipeline::carry():194}:195}()
#29 C:/Users/Monami Sadhu/Music/🏫 Campus Lost & Found Portal – Authentication, CRUD, Search/vendor/laravel/framework/src/Illuminate/Pipeline/Pipeline.php(219): Illuminate/Foundation/Http/Middleware/PreventRequestsDuringMaintenance->handle()
#30 C:/Users/Monami Sadhu/Music/🏫 Campus Lost & Found Portal – Authentication, CRUD, Search/vendor/laravel/framework/src/Illuminate/Http/Middleware/HandleCors.php(61): Illuminate/Pipeline/Pipeline->{closure:{closure:Illuminate/Pipeline/Pipeline::carry():194}:195}()
#31 C:/Users/Monami Sadhu/Music/🏫 Campus Lost & Found Portal – Authentication, CRUD, Search/vendor/laravel/framework/src/Illuminate/Pipeline/Pipeline.php(219): Illuminate/Http/Middleware/HandleCors->handle()
#32 C:/Users/Monami Sadhu/Music/🏫 Campus Lost & Found Portal – Authentication, CRUD, Search/vendor/laravel/framework/src/Illuminate/Http/Middleware/TrustProxies.php(58): Illuminate/Pipeline/Pipeline->{closure:{closure:Illuminate/Pipeline/Pipeline::carry():194}:195}()
#33 C:/Users/Monami Sadhu/Music/🏫 Campus Lost & Found Portal – Authentication, CRUD, Search/vendor/laravel/framework/src/Illuminate/Pipeline/Pipeline.php(219): Illuminate/Http/Middleware/TrustProxies->handle()
#34 C:/Users/Monami Sadhu/Music/🏫 Campus Lost & Found Portal – Authentication, CRUD, Search/vendor/laravel/framework/src/Illuminate/Foundation/Http/Middleware/InvokeDeferredCallbacks.php(22): Illuminate/Pipeline/Pipeline->{closure:{closure:Illuminate/Pipeline/Pipeline::carry():194}:195}()
#35 C:/Users/Monami Sadhu/Music/🏫 Campus Lost & Found Portal – Authentication, CRUD, Search/vendor/laravel/framework/src/Illuminate/Pipeline/Pipeline.php(219): Illuminate/Foundation/Http/Middleware/InvokeDeferredCallbacks->handle()
#36 C:/Users/Monami Sadhu/Music/🏫 Campus Lost & Found Portal – Authentication, CRUD, Search/vendor/laravel/framework/src/Illuminate/Http/Middleware/ValidatePathEncoding.php(26): Illuminate/Pipeline/Pipeline->{closure:{closure:Illuminate/Pipeline/Pipeline::carry():194}:195}()
#37 C:/Users/Monami Sadhu/Music/🏫 Campus Lost & Found Portal – Authentication, CRUD, Search/vendor/laravel/framework/src/Illuminate/Pipeline/Pipeline.php(219): Illuminate/Http/Middleware/ValidatePathEncoding->handle()
#38 C:/Users/Monami Sadhu/Music/🏫 Campus Lost & Found Portal – Authentication, CRUD, Search/vendor/laravel/framework/src/Illuminate/Pipeline/Pipeline.php(137): Illuminate/Pipeline/Pipeline->{closure:{closure:Illuminate/Pipeline/Pipeline::carry():194}:195}()
#39 C:/Users/Monami Sadhu/Music/🏫 Campus Lost & Found Portal – Authentication, CRUD, Search/vendor/laravel/framework/src/Illuminate/Foundation/Http/Kernel.php(175): Illuminate/Pipeline/Pipeline->then()
#40 C:/Users/Monami Sadhu/Music/🏫 Campus Lost & Found Portal – Authentication, CRUD, Search/vendor/laravel/framework/src/Illuminate/Foundation/Http/Kernel.php(144): Illuminate/Foundation/Http/Kernel->sendRequestThroughRouter()
#41 C:/Users/Monami Sadhu/Music/🏫 Campus Lost & Found Portal – Authentication, CRUD, Search/vendor/laravel/framework/src/Illuminate/Foundation/Testing/Concerns/MakesHttpRequests.php(607): Illuminate/Foundation/Http/Kernel->handle()
#42 C:/Users/Monami Sadhu/Music/🏫 Campus Lost & Found Portal – Authentication, CRUD, Search/vendor/laravel/framework/src/Illuminate/Foundation/Testing/Concerns/MakesHttpRequests.php(368): Illuminate/Foundation/Testing/TestCase->call()
#43 C:/Users/Monami Sadhu/Music/🏫 Campus Lost & Found Portal – Authentication, CRUD, Search/tests/Feature/HomePageTest.php(11): Illuminate/Foundation/Testing/TestCase->get()
#44 C:/Users/Monami Sadhu/Music/🏫 Campus Lost & Found Portal – Authentication, CRUD, Search/vendor/phpunit/phpunit/src/Framework/TestCase.php(1667): Tests/Feature/HomePageTest->test_home_page_is_accessible()
#45 C:/Users/Monami Sadhu/Music/🏫 Campus Lost & Found Portal – Authentication, CRUD, Search/vendor/phpunit/phpunit/src/Framework/TestCase.php(519): PHPUnit/Framework/TestCase->runTest()
#46 C:/Users/Monami Sadhu/Music/🏫 Campus Lost & Found Portal – Authentication, CRUD, Search/vendor/phpunit/phpunit/src/Framework/TestRunner/TestRunner.php(87): PHPUnit/Framework/TestCase->runBare()
#47 C:/Users/Monami Sadhu/Music/🏫 Campus Lost & Found Portal – Authentication, CRUD, Search/vendor/phpunit/phpunit/src/Framework/TestCase.php(365): PHPUnit/Framework/TestRunner->run()
#48 C:/Users/Monami Sadhu/Music/🏫 Campus Lost & Found Portal – Authentication, CRUD, Search/vendor/phpunit/phpunit/src/Framework/TestSuite.php(369): PHPUnit/Framework/TestCase->run()
#49 C:/Users/Monami Sadhu/Music/🏫 Campus Lost & Found Portal – Authentication, CRUD, Search/vendor/phpunit/phpunit/src/Framework/TestSuite.php(369): PHPUnit/Framework/TestSuite->run()
#50 C:/Users/Monami Sadhu/Music/🏫 Campus Lost & Found Portal – Authentication, CRUD, Search/vendor/phpunit/phpunit/src/Framework/TestSuite.php(369): PHPUnit/Framework/TestSuite->run()
#51 C:/Users/Monami Sadhu/Music/🏫 Campus Lost & Found Portal – Authentication, CRUD, Search/vendor/phpunit/phpunit/src/TextUI/TestRunner.php(64): PHPUnit/Framework/TestSuite->run()
#52 C:/Users/Monami Sadhu/Music/🏫 Campus Lost & Found Portal – Authentication, CRUD, Search/vendor/phpunit/phpunit/src/TextUI/Application.php(211): PHPUnit/TextUI/TestRunner->run()
#53 C:/Users/Monami Sadhu/Music/🏫 Campus Lost & Found Portal – Authentication, CRUD, Search/vendor/phpunit/phpunit/phpunit(104): PHPUnit/TextUI/Application->run()
#54 {main}
"} 
[2026-08-04 15:36:55] local.ERROR: PHP Parse error: Syntax error, unexpected T_NS_SEPARATOR on line 1 {"exception":"[object] (Psy\\Exception\\ParseErrorException(code: 0): PHP Parse error: Syntax error, unexpected T_NS_SEPARATOR on line 1 at C:/Users/Monami Sadhu/Music/🏫 Campus Lost & Found Portal – Authentication, CRUD, Search/vendor/psy/psysh/src/Exception/ParseErrorException.php:44)
[stacktrace]
#0 C:/Users/Monami Sadhu/Music/🏫 Campus Lost & Found Portal – Authentication, CRUD, Search/vendor/psy/psysh/src/CodeCleaner.php(657): Psy/Exception/ParseErrorException::fromParseError()
#1 C:/Users/Monami Sadhu/Music/🏫 Campus Lost & Found Portal – Authentication, CRUD, Search/vendor/psy/psysh/src/CodeCleaner.php(273): Psy/CodeCleaner->parse()
#2 C:/Users/Monami Sadhu/Music/🏫 Campus Lost & Found Portal – Authentication, CRUD, Search/vendor/psy/psysh/src/Shell.php(1399): Psy/CodeCleaner->clean()
#3 C:/Users/Monami Sadhu/Music/🏫 Campus Lost & Found Portal – Authentication, CRUD, Search/vendor/psy/psysh/src/Shell.php(1506): Psy/Shell->appendCode()
#4 C:/Users/Monami Sadhu/Music/🏫 Campus Lost & Found Portal – Authentication, CRUD, Search/vendor/psy/psysh/src/Shell.php(2215): Psy/Shell->setCode()
#5 C:/Users/Monami Sadhu/Music/🏫 Campus Lost & Found Portal – Authentication, CRUD, Search/vendor/laravel/tinker/src/Console/TinkerCommand.php(77): Psy/Shell->execute()
#6 C:/Users/Monami Sadhu/Music/🏫 Campus Lost & Found Portal – Authentication, CRUD, Search/vendor/laravel/framework/src/Illuminate/Container/BoundMethod.php(36): Laravel/Tinker/Console/TinkerCommand->handle()
#7 C:/Users/Monami Sadhu/Music/🏫 Campus Lost & Found Portal – Authentication, CRUD, Search/vendor/laravel/framework/src/Illuminate/Container/Util.php(43): Illuminate/Container/BoundMethod::{closure:Illuminate/Container/BoundMethod::call():35}()
#8 C:/Users/Monami Sadhu/Music/🏫 Campus Lost & Found Portal – Authentication, CRUD, Search/vendor/laravel/framework/src/Illuminate/Container/BoundMethod.php(96): Illuminate/Container/Util::unwrapIfClosure()
#9 C:/Users/Monami Sadhu/Music/🏫 Campus Lost & Found Portal – Authentication, CRUD, Search/vendor/laravel/framework/src/Illuminate/Container/BoundMethod.php(35): Illuminate/Container/BoundMethod::callBoundMethod()
#10 C:/Users/Monami Sadhu/Music/🏫 Campus Lost & Found Portal – Authentication, CRUD, Search/vendor/laravel/framework/src/Illuminate/Container/Container.php(799): Illuminate/Container/BoundMethod::call()
#11 C:/Users/Monami Sadhu/Music/🏫 Campus Lost & Found Portal – Authentication, CRUD, Search/vendor/laravel/framework/src/Illuminate/Console/Command.php(211): Illuminate/Container/Container->call()
#12 C:/Users/Monami Sadhu/Music/🏫 Campus Lost & Found Portal – Authentication, CRUD, Search/vendor/symfony/console/Command/Command.php(341): Illuminate/Console/Command->execute()
#13 C:/Users/Monami Sadhu/Music/🏫 Campus Lost & Found Portal – Authentication, CRUD, Search/vendor/laravel/framework/src/Illuminate/Console/Command.php(180): Symfony/Component/Console/Command/Command->run()
#14 C:/Users/Monami Sadhu/Music/🏫 Campus Lost & Found Portal – Authentication, CRUD, Search/vendor/symfony/console/Application.php(1117): Illuminate/Console/Command->run()
#15 C:/Users/Monami Sadhu/Music/🏫 Campus Lost & Found Portal – Authentication, CRUD, Search/vendor/symfony/console/Application.php(356): Symfony/Component/Console/Application->doRunCommand()
#16 C:/Users/Monami Sadhu/Music/🏫 Campus Lost & Found Portal – Authentication, CRUD, Search/vendor/symfony/console/Application.php(195): Symfony/Component/Console/Application->doRun()
#17 C:/Users/Monami Sadhu/Music/🏫 Campus Lost & Found Portal – Authentication, CRUD, Search/vendor/laravel/framework/src/Illuminate/Foundation/Console/Kernel.php(198): Symfony/Component/Console/Application->run()
#18 C:/Users/Monami Sadhu/Music/🏫 Campus Lost & Found Portal – Authentication, CRUD, Search/artisan(10): Illuminate/Foundation/Console/Kernel->handle()
#19 {main}
"} 
[2026-08-04 15:37:06] local.ERROR: PHP Parse error: Syntax error, unexpected T_NAME_FULLY_QUALIFIED, expecting '{' on line 1 {"exception":"[object] (Psy\\Exception\\ParseErrorException(code: 0): PHP Parse error: Syntax error, unexpected T_NAME_FULLY_QUALIFIED, expecting '{' on line 1 at C:/Users/Monami Sadhu/Music/🏫 Campus Lost & Found Portal – Authentication, CRUD, Search/vendor/psy/psysh/src/Exception/ParseErrorException.php:44)
[stacktrace]
#0 C:/Users/Monami Sadhu/Music/🏫 Campus Lost & Found Portal – Authentication, CRUD, Search/vendor/psy/psysh/src/CodeCleaner.php(657): Psy/Exception/ParseErrorException::fromParseError()
#1 C:/Users/Monami Sadhu/Music/🏫 Campus Lost & Found Portal – Authentication, CRUD, Search/vendor/psy/psysh/src/CodeCleaner.php(273): Psy/CodeCleaner->parse()
#2 C:/Users/Monami Sadhu/Music/🏫 Campus Lost & Found Portal – Authentication, CRUD, Search/vendor/psy/psysh/src/Shell.php(1399): Psy/CodeCleaner->clean()
#3 C:/Users/Monami Sadhu/Music/🏫 Campus Lost & Found Portal – Authentication, CRUD, Search/vendor/psy/psysh/src/Shell.php(1506): Psy/Shell->appendCode()
#4 C:/Users/Monami Sadhu/Music/🏫 Campus Lost & Found Portal – Authentication, CRUD, Search/vendor/psy/psysh/src/Shell.php(2215): Psy/Shell->setCode()
#5 C:/Users/Monami Sadhu/Music/🏫 Campus Lost & Found Portal – Authentication, CRUD, Search/vendor/laravel/tinker/src/Console/TinkerCommand.php(77): Psy/Shell->execute()
#6 C:/Users/Monami Sadhu/Music/🏫 Campus Lost & Found Portal – Authentication, CRUD, Search/vendor/laravel/framework/src/Illuminate/Container/BoundMethod.php(36): Laravel/Tinker/Console/TinkerCommand->handle()
#7 C:/Users/Monami Sadhu/Music/🏫 Campus Lost & Found Portal – Authentication, CRUD, Search/vendor/laravel/framework/src/Illuminate/Container/Util.php(43): Illuminate/Container/BoundMethod::{closure:Illuminate/Container/BoundMethod::call():35}()
#8 C:/Users/Monami Sadhu/Music/🏫 Campus Lost & Found Portal – Authentication, CRUD, Search/vendor/laravel/framework/src/Illuminate/Container/BoundMethod.php(96): Illuminate/Container/Util::unwrapIfClosure()
#9 C:/Users/Monami Sadhu/Music/🏫 Campus Lost & Found Portal – Authentication, CRUD, Search/vendor/laravel/framework/src/Illuminate/Container/BoundMethod.php(35): Illuminate/Container/BoundMethod::callBoundMethod()
#10 C:/Users/Monami Sadhu/Music/🏫 Campus Lost & Found Portal – Authentication, CRUD, Search/vendor/laravel/framework/src/Illuminate/Container/Container.php(799): Illuminate/Container/BoundMethod::call()
#11 C:/Users/Monami Sadhu/Music/🏫 Campus Lost & Found Portal – Authentication, CRUD, Search/vendor/laravel/framework/src/Illuminate/Console/Command.php(211): Illuminate/Container/Container->call()
#12 C:/Users/Monami Sadhu/Music/🏫 Campus Lost & Found Portal – Authentication, CRUD, Search/vendor/symfony/console/Command/Command.php(341): Illuminate/Console/Command->execute()
#13 C:/Users/Monami Sadhu/Music/🏫 Campus Lost & Found Portal – Authentication, CRUD, Search/vendor/laravel/framework/src/Illuminate/Console/Command.php(180): Symfony/Component/Console/Command/Command->run()
#14 C:/Users/Monami Sadhu/Music/🏫 Campus Lost & Found Portal – Authentication, CRUD, Search/vendor/symfony/console/Application.php(1117): Illuminate/Console/Command->run()
#15 C:/Users/Monami Sadhu/Music/🏫 Campus Lost & Found Portal – Authentication, CRUD, Search/vendor/symfony/console/Application.php(356): Symfony/Component/Console/Application->doRunCommand()
#16 C:/Users/Monami Sadhu/Music/🏫 Campus Lost & Found Portal – Authentication, CRUD, Search/vendor/symfony/console/Application.php(195): Symfony/Component/Console/Application->doRun()
#17 C:/Users/Monami Sadhu/Music/🏫 Campus Lost & Found Portal – Authentication, CRUD, Search/vendor/laravel/framework/src/Illuminate/Foundation/Console/Kernel.php(198): Symfony/Component/Console/Application->run()
#18 C:/Users/Monami Sadhu/Music/🏫 Campus Lost & Found Portal – Authentication, CRUD, Search/artisan(10): Illuminate/Foundation/Console/Kernel->handle()
#19 {main}
"} 
[2026-08-04 15:38:05] local.ERROR: file_put_contents(C:\Users\Monami Sadhu\Music\🏫 Campus Lost & Found Portal – Authentication, CRUD, Search\storage\framework/sessions/0JqWUoiCPCczfLwmlLkYlrYTkAlOgkme9KnWFEfD): Failed to open stream: No such file or directory {"exception":"[object] (ErrorException(code: 0): file_put_contents(C:\\Users\\Monami Sadhu\\Music\\🏫 Campus Lost & Found Portal – Authentication, CRUD, Search\\storage\\framework/sessions/0JqWUoiCPCczfLwmlLkYlrYTkAlOgkme9KnWFEfD): Failed to open stream: No such file or directory at C:/Users/Monami Sadhu/Music/🏫 Campus Lost & Found Portal – Authentication, CRUD, Search/vendor/laravel/framework/src/Illuminate/Filesystem/Filesystem.php:204)
[stacktrace]
#0 C:/Users/Monami Sadhu/Music/🏫 Campus Lost & Found Portal – Authentication, CRUD, Search/vendor/laravel/framework/src/Illuminate/Foundation/Bootstrap/HandleExceptions.php(262): Illuminate/Foundation/Bootstrap/HandleExceptions->handleError()
#1 [internal function]: Illuminate/Foundation/Bootstrap/HandleExceptions->{closure:Illuminate/Foundation/Bootstrap/HandleExceptions::forwardsTo():261}()
#2 C:/Users/Monami Sadhu/Music/🏫 Campus Lost & Found Portal – Authentication, CRUD, Search/vendor/laravel/framework/src/Illuminate/Filesystem/Filesystem.php(204): file_put_contents()
#3 C:/Users/Monami Sadhu/Music/🏫 Campus Lost & Found Portal – Authentication, CRUD, Search/vendor/laravel/framework/src/Illuminate/Session/FileSessionHandler.php(89): Illuminate/Filesystem/Filesystem->put()
#4 C:/Users/Monami Sadhu/Music/🏫 Campus Lost & Found Portal – Authentication, CRUD, Search/vendor/laravel/framework/src/Illuminate/Session/Store.php(187): Illuminate/Session/FileSessionHandler->write()
#5 C:/Users/Monami Sadhu/Music/🏫 Campus Lost & Found Portal – Authentication, CRUD, Search/vendor/laravel/framework/src/Illuminate/Session/Middleware/StartSession.php(248): Illuminate/Session/Store->save()
#6 C:/Users/Monami Sadhu/Music/🏫 Campus Lost & Found Portal – Authentication, CRUD, Search/vendor/laravel/framework/src/Illuminate/Session/Middleware/StartSession.php(129): Illuminate/Session/Middleware/StartSession->saveSession()
#7 C:/Users/Monami Sadhu/Music/🏫 Campus Lost & Found Portal – Authentication, CRUD, Search/vendor/laravel/framework/src/Illuminate/Session/Middleware/StartSession.php(63): Illuminate/Session/Middleware/StartSession->handleStatefulRequest()
#8 C:/Users/Monami Sadhu/Music/🏫 Campus Lost & Found Portal – Authentication, CRUD, Search/vendor/laravel/framework/src/Illuminate/Pipeline/Pipeline.php(219): Illuminate/Session/Middleware/StartSession->handle()
#9 C:/Users/Monami Sadhu/Music/🏫 Campus Lost & Found Portal – Authentication, CRUD, Search/vendor/laravel/framework/src/Illuminate/Cookie/Middleware/AddQueuedCookiesToResponse.php(36): Illuminate/Pipeline/Pipeline->{closure:{closure:Illuminate/Pipeline/Pipeline::carry():194}:195}()
#10 C:/Users/Monami Sadhu/Music/🏫 Campus Lost & Found Portal – Authentication, CRUD, Search/vendor/laravel/framework/src/Illuminate/Pipeline/Pipeline.php(219): Illuminate/Cookie/Middleware/AddQueuedCookiesToResponse->handle()
#11 C:/Users/Monami Sadhu/Music/🏫 Campus Lost & Found Portal – Authentication, CRUD, Search/vendor/laravel/framework/src/Illuminate/Cookie/Middleware/EncryptCookies.php(74): Illuminate/Pipeline/Pipeline->{closure:{closure:Illuminate/Pipeline/Pipeline::carry():194}:195}()
#12 C:/Users/Monami Sadhu/Music/🏫 Campus Lost & Found Portal – Authentication, CRUD, Search/vendor/laravel/framework/src/Illuminate/Pipeline/Pipeline.php(219): Illuminate/Cookie/Middleware/EncryptCookies->handle()
#13 C:/Users/Monami Sadhu/Music/🏫 Campus Lost & Found Portal – Authentication, CRUD, Search/vendor/laravel/framework/src/Illuminate/Pipeline/Pipeline.php(137): Illuminate/Pipeline/Pipeline->{closure:{closure:Illuminate/Pipeline/Pipeline::carry():194}:195}()
#14 C:/Users/Monami Sadhu/Music/🏫 Campus Lost & Found Portal – Authentication, CRUD, Search/vendor/laravel/framework/src/Illuminate/Routing/Router.php(821): Illuminate/Pipeline/Pipeline->then()
#15 C:/Users/Monami Sadhu/Music/🏫 Campus Lost & Found Portal – Authentication, CRUD, Search/vendor/laravel/framework/src/Illuminate/Routing/Router.php(800): Illuminate/Routing/Router->runRouteWithinStack()
#16 C:/Users/Monami Sadhu/Music/🏫 Campus Lost & Found Portal – Authentication, CRUD, Search/vendor/laravel/framework/src/Illuminate/Routing/Router.php(764): Illuminate/Routing/Router->runRoute()
#17 C:/Users/Monami Sadhu/Music/🏫 Campus Lost & Found Portal – Authentication, CRUD, Search/vendor/laravel/framework/src/Illuminate/Routing/Router.php(753): Illuminate/Routing/Router->dispatchToRoute()
#18 C:/Users/Monami Sadhu/Music/🏫 Campus Lost & Found Portal – Authentication, CRUD, Search/vendor/laravel/framework/src/Illuminate/Foundation/Http/Kernel.php(200): Illuminate/Routing/Router->dispatch()
#19 C:/Users/Monami Sadhu/Music/🏫 Campus Lost & Found Portal – Authentication, CRUD, Search/vendor/laravel/framework/src/Illuminate/Pipeline/Pipeline.php(180): Illuminate/Foundation/Http/Kernel->{closure:Illuminate/Foundation/Http/Kernel::dispatchToRouter():197}()
#20 C:/Users/Monami Sadhu/Music/🏫 Campus Lost & Found Portal – Authentication, CRUD, Search/vendor/laravel/framework/src/Illuminate/Foundation/Http/Middleware/TransformsRequest.php(21): Illuminate/Pipeline/Pipeline->{closure:Illuminate/Pipeline/Pipeline::prepareDestination():178}()
#21 C:/Users/Monami Sadhu/Music/🏫 Campus Lost & Found Portal – Authentication, CRUD, Search/vendor/laravel/framework/src/Illuminate/Foundation/Http/Middleware/ConvertEmptyStringsToNull.php(31): Illuminate/Foundation/Http/Middleware/TransformsRequest->handle()
#22 C:/Users/Monami Sadhu/Music/🏫 Campus Lost & Found Portal – Authentication, CRUD, Search/vendor/laravel/framework/src/Illuminate/Pipeline/Pipeline.php(219): Illuminate/Foundation/Http/Middleware/ConvertEmptyStringsToNull->handle()
#23 C:/Users/Monami Sadhu/Music/🏫 Campus Lost & Found Portal – Authentication, CRUD, Search/vendor/laravel/framework/src/Illuminate/Foundation/Http/Middleware/TransformsRequest.php(21): Illuminate/Pipeline/Pipeline->{closure:{closure:Illuminate/Pipeline/Pipeline::carry():194}:195}()
#24 C:/Users/Monami Sadhu/Music/🏫 Campus Lost & Found Portal – Authentication, CRUD, Search/vendor/laravel/framework/src/Illuminate/Foundation/Http/Middleware/TrimStrings.php(51): Illuminate/Foundation/Http/Middleware/TransformsRequest->handle()
#25 C:/Users/Monami Sadhu/Music/🏫 Campus Lost & Found Portal – Authentication, CRUD, Search/vendor/laravel/framework/src/Illuminate/Pipeline/Pipeline.php(219): Illuminate/Foundation/Http/Middleware/TrimStrings->handle()
#26 C:/Users/Monami Sadhu/Music/🏫 Campus Lost & Found Portal – Authentication, CRUD, Search/vendor/laravel/framework/src/Illuminate/Http/Middleware/ValidatePostSize.php(27): Illuminate/Pipeline/Pipeline->{closure:{closure:Illuminate/Pipeline/Pipeline::carry():194}:195}()
#27 C:/Users/Monami Sadhu/Music/🏫 Campus Lost & Found Portal – Authentication, CRUD, Search/vendor/laravel/framework/src/Illuminate/Pipeline/Pipeline.php(219): Illuminate/Http/Middleware/ValidatePostSize->handle()
#28 C:/Users/Monami Sadhu/Music/🏫 Campus Lost & Found Portal – Authentication, CRUD, Search/vendor/laravel/framework/src/Illuminate/Foundation/Http/Middleware/PreventRequestsDuringMaintenance.php(109): Illuminate/Pipeline/Pipeline->{closure:{closure:Illuminate/Pipeline/Pipeline::carry():194}:195}()
#29 C:/Users/Monami Sadhu/Music/🏫 Campus Lost & Found Portal – Authentication, CRUD, Search/vendor/laravel/framework/src/Illuminate/Pipeline/Pipeline.php(219): Illuminate/Foundation/Http/Middleware/PreventRequestsDuringMaintenance->handle()
#30 C:/Users/Monami Sadhu/Music/🏫 Campus Lost & Found Portal – Authentication, CRUD, Search/vendor/laravel/framework/src/Illuminate/Http/Middleware/HandleCors.php(61): Illuminate/Pipeline/Pipeline->{closure:{closure:Illuminate/Pipeline/Pipeline::carry():194}:195}()
#31 C:/Users/Monami Sadhu/Music/🏫 Campus Lost & Found Portal – Authentication, CRUD, Search/vendor/laravel/framework/src/Illuminate/Pipeline/Pipeline.php(219): Illuminate/Http/Middleware/HandleCors->handle()
#32 C:/Users/Monami Sadhu/Music/🏫 Campus Lost & Found Portal – Authentication, CRUD, Search/vendor/laravel/framework/src/Illuminate/Http/Middleware/TrustProxies.php(58): Illuminate/Pipeline/Pipeline->{closure:{closure:Illuminate/Pipeline/Pipeline::carry():194}:195}()
#33 C:/Users/Monami Sadhu/Music/🏫 Campus Lost & Found Portal – Authentication, CRUD, Search/vendor/laravel/framework/src/Illuminate/Pipeline/Pipeline.php(219): Illuminate/Http/Middleware/TrustProxies->handle()
#34 C:/Users/Monami Sadhu/Music/🏫 Campus Lost & Found Portal – Authentication, CRUD, Search/vendor/laravel/framework/src/Illuminate/Foundation/Http/Middleware/InvokeDeferredCallbacks.php(22): Illuminate/Pipeline/Pipeline->{closure:{closure:Illuminate/Pipeline/Pipeline::carry():194}:195}()
#35 C:/Users/Monami Sadhu/Music/🏫 Campus Lost & Found Portal – Authentication, CRUD, Search/vendor/laravel/framework/src/Illuminate/Pipeline/Pipeline.php(219): Illuminate/Foundation/Http/Middleware/InvokeDeferredCallbacks->handle()
#36 C:/Users/Monami Sadhu/Music/🏫 Campus Lost & Found Portal – Authentication, CRUD, Search/vendor/laravel/framework/src/Illuminate/Http/Middleware/ValidatePathEncoding.php(26): Illuminate/Pipeline/Pipeline->{closure:{closure:Illuminate/Pipeline/Pipeline::carry():194}:195}()
#37 C:/Users/Monami Sadhu/Music/🏫 Campus Lost & Found Portal – Authentication, CRUD, Search/vendor/laravel/framework/src/Illuminate/Pipeline/Pipeline.php(219): Illuminate/Http/Middleware/ValidatePathEncoding->handle()
#38 C:/Users/Monami Sadhu/Music/🏫 Campus Lost & Found Portal – Authentication, CRUD, Search/vendor/laravel/framework/src/Illuminate/Pipeline/Pipeline.php(137): Illuminate/Pipeline/Pipeline->{closure:{closure:Illuminate/Pipeline/Pipeline::carry():194}:195}()
#39 C:/Users/Monami Sadhu/Music/🏫 Campus Lost & Found Portal – Authentication, CRUD, Search/vendor/laravel/framework/src/Illuminate/Foundation/Http/Kernel.php(175): Illuminate/Pipeline/Pipeline->then()
#40 C:/Users/Monami Sadhu/Music/🏫 Campus Lost & Found Portal – Authentication, CRUD, Search/vendor/laravel/framework/src/Illuminate/Foundation/Http/Kernel.php(144): Illuminate/Foundation/Http/Kernel->sendRequestThroughRouter()
#41 C:/Users/Monami Sadhu/Music/🏫 Campus Lost & Found Portal – Authentication, CRUD, Search/vendor/laravel/framework/src/Illuminate/Foundation/Testing/Concerns/MakesHttpRequests.php(607): Illuminate/Foundation/Http/Kernel->handle()
#42 C:/Users/Monami Sadhu/Music/🏫 Campus Lost & Found Portal – Authentication, CRUD, Search/vendor/laravel/framework/src/Illuminate/Foundation/Testing/Concerns/MakesHttpRequests.php(368): Illuminate/Foundation/Testing/TestCase->call()
#43 C:/Users/Monami Sadhu/Music/🏫 Campus Lost & Found Portal – Authentication, CRUD, Search/tests/Feature/HomePageTest.php(11): Illuminate/Foundation/Testing/TestCase->get()
#44 C:/Users/Monami Sadhu/Music/🏫 Campus Lost & Found Portal – Authentication, CRUD, Search/vendor/phpunit/phpunit/src/Framework/TestCase.php(1667): Tests/Feature/HomePageTest->test_home_page_is_accessible()
#45 C:/Users/Monami Sadhu/Music/🏫 Campus Lost & Found Portal – Authentication, CRUD, Search/vendor/phpunit/phpunit/src/Framework/TestCase.php(519): PHPUnit/Framework/TestCase->runTest()
#46 C:/Users/Monami Sadhu/Music/🏫 Campus Lost & Found Portal – Authentication, CRUD, Search/vendor/phpunit/phpunit/src/Framework/TestRunner/TestRunner.php(87): PHPUnit/Framework/TestCase->runBare()
#47 C:/Users/Monami Sadhu/Music/🏫 Campus Lost & Found Portal – Authentication, CRUD, Search/vendor/phpunit/phpunit/src/Framework/TestCase.php(365): PHPUnit/Framework/TestRunner->run()
#48 C:/Users/Monami Sadhu/Music/🏫 Campus Lost & Found Portal – Authentication, CRUD, Search/vendor/phpunit/phpunit/src/Framework/TestSuite.php(369): PHPUnit/Framework/TestCase->run()
#49 C:/Users/Monami Sadhu/Music/🏫 Campus Lost & Found Portal – Authentication, CRUD, Search/vendor/phpunit/phpunit/src/Framework/TestSuite.php(369): PHPUnit/Framework/TestSuite->run()
#50 C:/Users/Monami Sadhu/Music/🏫 Campus Lost & Found Portal – Authentication, CRUD, Search/vendor/phpunit/phpunit/src/Framework/TestSuite.php(369): PHPUnit/Framework/TestSuite->run()
#51 C:/Users/Monami Sadhu/Music/🏫 Campus Lost & Found Portal – Authentication, CRUD, Search/vendor/phpunit/phpunit/src/TextUI/TestRunner.php(64): PHPUnit/Framework/TestSuite->run()
#52 C:/Users/Monami Sadhu/Music/🏫 Campus Lost & Found Portal – Authentication, CRUD, Search/vendor/phpunit/phpunit/src/TextUI/Application.php(211): PHPUnit/TextUI/TestRunner->run()
#53 C:/Users/Monami Sadhu/Music/🏫 Campus Lost & Found Portal – Authentication, CRUD, Search/vendor/phpunit/phpunit/phpunit(104): PHPUnit/TextUI/Application->run()
#54 {main}
"} 
[2026-08-04 15:38:54] local.ERROR: file_put_contents(C:\Users\Monami Sadhu\Music\🏫 Campus Lost &amp; Found Portal – Authentication, CRUD, Search\storage\framework/sessions/zvSxVw0z9ss4D5V5zTtpF8RDLeD8hultNsjvg2A0): Failed to open stream: No such file or directory {"exception":"[object] (ErrorException(code: 0): file_put_contents(C:\\Users\\Monami Sadhu\\Music\\🏫 Campus Lost &amp; Found Portal – Authentication, CRUD, Search\\storage\\framework/sessions/zvSxVw0z9ss4D5V5zTtpF8RDLeD8hultNsjvg2A0): Failed to open stream: No such file or directory at C:/Users/Monami Sadhu/Music/🏫 Campus Lost & Found Portal – Authentication, CRUD, Search/vendor/laravel/framework/src/Illuminate/Filesystem/Filesystem.php:204)
[stacktrace]
#0 C:/Users/Monami Sadhu/Music/🏫 Campus Lost & Found Portal – Authentication, CRUD, Search/vendor/laravel/framework/src/Illuminate/Foundation/Bootstrap/HandleExceptions.php(262): Illuminate/Foundation/Bootstrap/HandleExceptions->handleError()
#1 [internal function]: Illuminate/Foundation/Bootstrap/HandleExceptions->{closure:Illuminate/Foundation/Bootstrap/HandleExceptions::forwardsTo():261}()
#2 C:/Users/Monami Sadhu/Music/🏫 Campus Lost & Found Portal – Authentication, CRUD, Search/vendor/laravel/framework/src/Illuminate/Filesystem/Filesystem.php(204): file_put_contents()
#3 C:/Users/Monami Sadhu/Music/🏫 Campus Lost & Found Portal – Authentication, CRUD, Search/vendor/laravel/framework/src/Illuminate/Session/FileSessionHandler.php(89): Illuminate/Filesystem/Filesystem->put()
#4 C:/Users/Monami Sadhu/Music/🏫 Campus Lost & Found Portal – Authentication, CRUD, Search/vendor/laravel/framework/src/Illuminate/Session/Store.php(187): Illuminate/Session/FileSessionHandler->write()
#5 C:/Users/Monami Sadhu/Music/🏫 Campus Lost & Found Portal – Authentication, CRUD, Search/vendor/laravel/framework/src/Illuminate/Session/Middleware/StartSession.php(248): Illuminate/Session/Store->save()
#6 C:/Users/Monami Sadhu/Music/🏫 Campus Lost & Found Portal – Authentication, CRUD, Search/vendor/laravel/framework/src/Illuminate/Session/Middleware/StartSession.php(129): Illuminate/Session/Middleware/StartSession->saveSession()
#7 C:/Users/Monami Sadhu/Music/🏫 Campus Lost & Found Portal – Authentication, CRUD, Search/vendor/laravel/framework/src/Illuminate/Session/Middleware/StartSession.php(63): Illuminate/Session/Middleware/StartSession->handleStatefulRequest()
#8 C:/Users/Monami Sadhu/Music/🏫 Campus Lost & Found Portal – Authentication, CRUD, Search/vendor/laravel/framework/src/Illuminate/Pipeline/Pipeline.php(219): Illuminate/Session/Middleware/StartSession->handle()
#9 C:/Users/Monami Sadhu/Music/🏫 Campus Lost & Found Portal – Authentication, CRUD, Search/vendor/laravel/framework/src/Illuminate/Cookie/Middleware/AddQueuedCookiesToResponse.php(36): Illuminate/Pipeline/Pipeline->{closure:{closure:Illuminate/Pipeline/Pipeline::carry():194}:195}()
#10 C:/Users/Monami Sadhu/Music/🏫 Campus Lost & Found Portal – Authentication, CRUD, Search/vendor/laravel/framework/src/Illuminate/Pipeline/Pipeline.php(219): Illuminate/Cookie/Middleware/AddQueuedCookiesToResponse->handle()
#11 C:/Users/Monami Sadhu/Music/🏫 Campus Lost & Found Portal – Authentication, CRUD, Search/vendor/laravel/framework/src/Illuminate/Cookie/Middleware/EncryptCookies.php(74): Illuminate/Pipeline/Pipeline->{closure:{closure:Illuminate/Pipeline/Pipeline::carry():194}:195}()
#12 C:/Users/Monami Sadhu/Music/🏫 Campus Lost & Found Portal – Authentication, CRUD, Search/vendor/laravel/framework/src/Illuminate/Pipeline/Pipeline.php(219): Illuminate/Cookie/Middleware/EncryptCookies->handle()
#13 C:/Users/Monami Sadhu/Music/🏫 Campus Lost & Found Portal – Authentication, CRUD, Search/vendor/laravel/framework/src/Illuminate/Pipeline/Pipeline.php(137): Illuminate/Pipeline/Pipeline->{closure:{closure:Illuminate/Pipeline/Pipeline::carry():194}:195}()
#14 C:/Users/Monami Sadhu/Music/🏫 Campus Lost & Found Portal – Authentication, CRUD, Search/vendor/laravel/framework/src/Illuminate/Routing/Router.php(821): Illuminate/Pipeline/Pipeline->then()
#15 C:/Users/Monami Sadhu/Music/🏫 Campus Lost & Found Portal – Authentication, CRUD, Search/vendor/laravel/framework/src/Illuminate/Routing/Router.php(800): Illuminate/Routing/Router->runRouteWithinStack()
#16 C:/Users/Monami Sadhu/Music/🏫 Campus Lost & Found Portal – Authentication, CRUD, Search/vendor/laravel/framework/src/Illuminate/Routing/Router.php(764): Illuminate/Routing/Router->runRoute()
#17 C:/Users/Monami Sadhu/Music/🏫 Campus Lost & Found Portal – Authentication, CRUD, Search/vendor/laravel/framework/src/Illuminate/Routing/Router.php(753): Illuminate/Routing/Router->dispatchToRoute()
#18 C:/Users/Monami Sadhu/Music/🏫 Campus Lost & Found Portal – Authentication, CRUD, Search/vendor/laravel/framework/src/Illuminate/Foundation/Http/Kernel.php(200): Illuminate/Routing/Router->dispatch()
#19 C:/Users/Monami Sadhu/Music/🏫 Campus Lost & Found Portal – Authentication, CRUD, Search/vendor/laravel/framework/src/Illuminate/Pipeline/Pipeline.php(180): Illuminate/Foundation/Http/Kernel->{closure:Illuminate/Foundation/Http/Kernel::dispatchToRouter():197}()
#20 C:/Users/Monami Sadhu/Music/🏫 Campus Lost & Found Portal – Authentication, CRUD, Search/vendor/laravel/framework/src/Illuminate/Foundation/Http/Middleware/TransformsRequest.php(21): Illuminate/Pipeline/Pipeline->{closure:Illuminate/Pipeline/Pipeline::prepareDestination():178}()
#21 C:/Users/Monami Sadhu/Music/🏫 Campus Lost & Found Portal – Authentication, CRUD, Search/vendor/laravel/framework/src/Illuminate/Foundation/Http/Middleware/ConvertEmptyStringsToNull.php(31): Illuminate/Foundation/Http/Middleware/TransformsRequest->handle()
#22 C:/Users/Monami Sadhu/Music/🏫 Campus Lost & Found Portal – Authentication, CRUD, Search/vendor/laravel/framework/src/Illuminate/Pipeline/Pipeline.php(219): Illuminate/Foundation/Http/Middleware/ConvertEmptyStringsToNull->handle()
#23 C:/Users/Monami Sadhu/Music/🏫 Campus Lost & Found Portal – Authentication, CRUD, Search/vendor/laravel/framework/src/Illuminate/Foundation/Http/Middleware/TransformsRequest.php(21): Illuminate/Pipeline/Pipeline->{closure:{closure:Illuminate/Pipeline/Pipeline::carry():194}:195}()
#24 C:/Users/Monami Sadhu/Music/🏫 Campus Lost & Found Portal – Authentication, CRUD, Search/vendor/laravel/framework/src/Illuminate/Foundation/Http/Middleware/TrimStrings.php(51): Illuminate/Foundation/Http/Middleware/TransformsRequest->handle()
#25 C:/Users/Monami Sadhu/Music/🏫 Campus Lost & Found Portal – Authentication, CRUD, Search/vendor/laravel/framework/src/Illuminate/Pipeline/Pipeline.php(219): Illuminate/Foundation/Http/Middleware/TrimStrings->handle()
#26 C:/Users/Monami Sadhu/Music/🏫 Campus Lost & Found Portal – Authentication, CRUD, Search/vendor/laravel/framework/src/Illuminate/Http/Middleware/ValidatePostSize.php(27): Illuminate/Pipeline/Pipeline->{closure:{closure:Illuminate/Pipeline/Pipeline::carry():194}:195}()
#27 C:/Users/Monami Sadhu/Music/🏫 Campus Lost & Found Portal – Authentication, CRUD, Search/vendor/laravel/framework/src/Illuminate/Pipeline/Pipeline.php(219): Illuminate/Http/Middleware/ValidatePostSize->handle()
#28 C:/Users/Monami Sadhu/Music/🏫 Campus Lost & Found Portal – Authentication, CRUD, Search/vendor/laravel/framework/src/Illuminate/Foundation/Http/Middleware/PreventRequestsDuringMaintenance.php(109): Illuminate/Pipeline/Pipeline->{closure:{closure:Illuminate/Pipeline/Pipeline::carry():194}:195}()
#29 C:/Users/Monami Sadhu/Music/🏫 Campus Lost & Found Portal – Authentication, CRUD, Search/vendor/laravel/framework/src/Illuminate/Pipeline/Pipeline.php(219): Illuminate/Foundation/Http/Middleware/PreventRequestsDuringMaintenance->handle()
#30 C:/Users/Monami Sadhu/Music/🏫 Campus Lost & Found Portal – Authentication, CRUD, Search/vendor/laravel/framework/src/Illuminate/Http/Middleware/HandleCors.php(61): Illuminate/Pipeline/Pipeline->{closure:{closure:Illuminate/Pipeline/Pipeline::carry():194}:195}()
#31 C:/Users/Monami Sadhu/Music/🏫 Campus Lost & Found Portal – Authentication, CRUD, Search/vendor/laravel/framework/src/Illuminate/Pipeline/Pipeline.php(219): Illuminate/Http/Middleware/HandleCors->handle()
#32 C:/Users/Monami Sadhu/Music/🏫 Campus Lost & Found Portal – Authentication, CRUD, Search/vendor/laravel/framework/src/Illuminate/Http/Middleware/TrustProxies.php(58): Illuminate/Pipeline/Pipeline->{closure:{closure:Illuminate/Pipeline/Pipeline::carry():194}:195}()
#33 C:/Users/Monami Sadhu/Music/🏫 Campus Lost & Found Portal – Authentication, CRUD, Search/vendor/laravel/framework/src/Illuminate/Pipeline/Pipeline.php(219): Illuminate/Http/Middleware/TrustProxies->handle()
#34 C:/Users/Monami Sadhu/Music/🏫 Campus Lost & Found Portal – Authentication, CRUD, Search/vendor/laravel/framework/src/Illuminate/Foundation/Http/Middleware/InvokeDeferredCallbacks.php(22): Illuminate/Pipeline/Pipeline->{closure:{closure:Illuminate/Pipeline/Pipeline::carry():194}:195}()
#35 C:/Users/Monami Sadhu/Music/🏫 Campus Lost & Found Portal – Authentication, CRUD, Search/vendor/laravel/framework/src/Illuminate/Pipeline/Pipeline.php(219): Illuminate/Foundation/Http/Middleware/InvokeDeferredCallbacks->handle()
#36 C:/Users/Monami Sadhu/Music/🏫 Campus Lost & Found Portal – Authentication, CRUD, Search/vendor/laravel/framework/src/Illuminate/Http/Middleware/ValidatePathEncoding.php(26): Illuminate/Pipeline/Pipeline->{closure:{closure:Illuminate/Pipeline/Pipeline::carry():194}:195}()
#37 C:/Users/Monami Sadhu/Music/🏫 Campus Lost & Found Portal – Authentication, CRUD, Search/vendor/laravel/framework/src/Illuminate/Pipeline/Pipeline.php(219): Illuminate/Http/Middleware/ValidatePathEncoding->handle()
#38 C:/Users/Monami Sadhu/Music/🏫 Campus Lost & Found Portal – Authentication, CRUD, Search/vendor/laravel/framework/src/Illuminate/Pipeline/Pipeline.php(137): Illuminate/Pipeline/Pipeline->{closure:{closure:Illuminate/Pipeline/Pipeline::carry():194}:195}()
#39 C:/Users/Monami Sadhu/Music/🏫 Campus Lost & Found Portal – Authentication, CRUD, Search/vendor/laravel/framework/src/Illuminate/Foundation/Http/Kernel.php(175): Illuminate/Pipeline/Pipeline->then()
#40 C:/Users/Monami Sadhu/Music/🏫 Campus Lost & Found Portal – Authentication, CRUD, Search/vendor/laravel/framework/src/Illuminate/Foundation/Http/Kernel.php(144): Illuminate/Foundation/Http/Kernel->sendRequestThroughRouter()
#41 C:/Users/Monami Sadhu/Music/🏫 Campus Lost & Found Portal – Authentication, CRUD, Search/public/index.php(9): Illuminate/Foundation/Http/Kernel->handle()
#42 C:/Users/Monami Sadhu/Music/🏫 Campus Lost & Found Portal – Authentication, CRUD, Search/vendor/laravel/framework/src/Illuminate/Foundation/resources/server.php(23): require_once('...')
#43 {main}
"} 
[2026-08-04 15:50:19] local.ERROR: SQLSTATE[HY000] [1045] Access denied for user 'root'@'localhost' (using password: NO) (Connection: mysql, Host: 127.0.0.1, Port: 3306, Database: campus_lost_found, SQL: select exists (select 1 from information_schema.tables where table_schema = schema() and table_name = 'migrations' and table_type in ('BASE TABLE', 'SYSTEM VERSIONED')) as `exists`) {"exception":"[object] (Illuminate\\Database\\QueryException(code: 1045): SQLSTATE[HY000] [1045] Access denied for user 'root'@'localhost' (using password: NO) (Connection: mysql, Host: 127.0.0.1, Port: 3306, Database: campus_lost_found, SQL: select exists (select 1 from information_schema.tables where table_schema = schema() and table_name = 'migrations' and table_type in ('BASE TABLE', 'SYSTEM VERSIONED')) as `exists`) at C:/Users/Monami Sadhu/Music/🏫 Campus Lost & Found Portal – Authentication, CRUD, Search/vendor/laravel/framework/src/Illuminate/Database/Connection.php:838)
[stacktrace]
#0 C:/Users/Monami Sadhu/Music/🏫 Campus Lost & Found Portal – Authentication, CRUD, Search/vendor/laravel/framework/src/Illuminate/Database/Connection.php(999): Illuminate/Database/Connection->runQueryCallback()
#1 C:/Users/Monami Sadhu/Music/🏫 Campus Lost & Found Portal – Authentication, CRUD, Search/vendor/laravel/framework/src/Illuminate/Database/Connection.php(978): Illuminate/Database/Connection->tryAgainIfCausedByLostConnection()
#2 C:/Users/Monami Sadhu/Music/🏫 Campus Lost & Found Portal – Authentication, CRUD, Search/vendor/laravel/framework/src/Illuminate/Database/Connection.php(796): Illuminate/Database/Connection->handleQueryException()
#3 C:/Users/Monami Sadhu/Music/🏫 Campus Lost & Found Portal – Authentication, CRUD, Search/vendor/laravel/framework/src/Illuminate/Database/Connection.php(411): Illuminate/Database/Connection->run()
#4 C:/Users/Monami Sadhu/Music/🏫 Campus Lost & Found Portal – Authentication, CRUD, Search/vendor/laravel/framework/src/Illuminate/Database/Connection.php(357): Illuminate/Database/Connection->select()
#5 C:/Users/Monami Sadhu/Music/🏫 Campus Lost & Found Portal – Authentication, CRUD, Search/vendor/laravel/framework/src/Illuminate/Database/Connection.php(374): Illuminate/Database/Connection->selectOne()
#6 C:/Users/Monami Sadhu/Music/🏫 Campus Lost & Found Portal – Authentication, CRUD, Search/vendor/laravel/framework/src/Illuminate/Database/Schema/Builder.php(176): Illuminate/Database/Connection->scalar()
#7 C:/Users/Monami Sadhu/Music/🏫 Campus Lost & Found Portal – Authentication, CRUD, Search/vendor/laravel/framework/src/Illuminate/Database/Migrations/DatabaseMigrationRepository.php(185): Illuminate/Database/Schema/Builder->hasTable()
#8 C:/Users/Monami Sadhu/Music/🏫 Campus Lost & Found Portal – Authentication, CRUD, Search/vendor/laravel/framework/src/Illuminate/Database/Migrations/Migrator.php(758): Illuminate/Database/Migrations/DatabaseMigrationRepository->repositoryExists()
#9 C:/Users/Monami Sadhu/Music/🏫 Campus Lost & Found Portal – Authentication, CRUD, Search/vendor/laravel/framework/src/Illuminate/Database/Console/Migrations/MigrateCommand.php(164): Illuminate/Database/Migrations/Migrator->repositoryExists()
#10 C:/Users/Monami Sadhu/Music/🏫 Campus Lost & Found Portal – Authentication, CRUD, Search/vendor/laravel/framework/src/Illuminate/Support/helpers.php(328): Illuminate/Database/Console/Migrations/MigrateCommand->{closure:Illuminate/Database/Console/Migrations/MigrateCommand::repositoryExists():164}()
#11 C:/Users/Monami Sadhu/Music/🏫 Campus Lost & Found Portal – Authentication, CRUD, Search/vendor/laravel/framework/src/Illuminate/Database/Console/Migrations/MigrateCommand.php(164): retry()
#12 C:/Users/Monami Sadhu/Music/🏫 Campus Lost & Found Portal – Authentication, CRUD, Search/vendor/laravel/framework/src/Illuminate/Database/Console/Migrations/MigrateCommand.php(140): Illuminate/Database/Console/Migrations/MigrateCommand->repositoryExists()
#13 C:/Users/Monami Sadhu/Music/🏫 Campus Lost & Found Portal – Authentication, CRUD, Search/vendor/laravel/framework/src/Illuminate/Database/Console/Migrations/MigrateCommand.php(110): Illuminate/Database/Console/Migrations/MigrateCommand->prepareDatabase()
#14 C:/Users/Monami Sadhu/Music/🏫 Campus Lost & Found Portal – Authentication, CRUD, Search/vendor/laravel/framework/src/Illuminate/Database/Migrations/Migrator.php(671): Illuminate/Database/Console/Migrations/MigrateCommand->{closure:Illuminate/Database/Console/Migrations/MigrateCommand::runMigrations():109}()
#15 C:/Users/Monami Sadhu/Music/🏫 Campus Lost & Found Portal – Authentication, CRUD, Search/vendor/laravel/framework/src/Illuminate/Database/Console/Migrations/MigrateCommand.php(109): Illuminate/Database/Migrations/Migrator->usingConnection()
#16 C:/Users/Monami Sadhu/Music/🏫 Campus Lost & Found Portal – Authentication, CRUD, Search/vendor/laravel/framework/src/Illuminate/Database/Console/Migrations/MigrateCommand.php(88): Illuminate/Database/Console/Migrations/MigrateCommand->runMigrations()
#17 C:/Users/Monami Sadhu/Music/🏫 Campus Lost & Found Portal – Authentication, CRUD, Search/vendor/laravel/framework/src/Illuminate/Container/BoundMethod.php(36): Illuminate/Database/Console/Migrations/MigrateCommand->handle()
#18 C:/Users/Monami Sadhu/Music/🏫 Campus Lost & Found Portal – Authentication, CRUD, Search/vendor/laravel/framework/src/Illuminate/Container/Util.php(43): Illuminate/Container/BoundMethod::{closure:Illuminate/Container/BoundMethod::call():35}()
#19 C:/Users/Monami Sadhu/Music/🏫 Campus Lost & Found Portal – Authentication, CRUD, Search/vendor/laravel/framework/src/Illuminate/Container/BoundMethod.php(96): Illuminate/Container/Util::unwrapIfClosure()
#20 C:/Users/Monami Sadhu/Music/🏫 Campus Lost & Found Portal – Authentication, CRUD, Search/vendor/laravel/framework/src/Illuminate/Container/BoundMethod.php(35): Illuminate/Container/BoundMethod::callBoundMethod()
#21 C:/Users/Monami Sadhu/Music/🏫 Campus Lost & Found Portal – Authentication, CRUD, Search/vendor/laravel/framework/src/Illuminate/Container/Container.php(799): Illuminate/Container/BoundMethod::call()
#22 C:/Users/Monami Sadhu/Music/🏫 Campus Lost & Found Portal – Authentication, CRUD, Search/vendor/laravel/framework/src/Illuminate/Console/Command.php(211): Illuminate/Container/Container->call()
#23 C:/Users/Monami Sadhu/Music/🏫 Campus Lost & Found Portal – Authentication, CRUD, Search/vendor/symfony/console/Command/Command.php(341): Illuminate/Console/Command->execute()
#24 C:/Users/Monami Sadhu/Music/🏫 Campus Lost & Found Portal – Authentication, CRUD, Search/vendor/laravel/framework/src/Illuminate/Console/Command.php(180): Symfony/Component/Console/Command/Command->run()
#25 C:/Users/Monami Sadhu/Music/🏫 Campus Lost & Found Portal – Authentication, CRUD, Search/vendor/symfony/console/Application.php(1117): Illuminate/Console/Command->run()
#26 C:/Users/Monami Sadhu/Music/🏫 Campus Lost & Found Portal – Authentication, CRUD, Search/vendor/symfony/console/Application.php(356): Symfony/Component/Console/Application->doRunCommand()
#27 C:/Users/Monami Sadhu/Music/🏫 Campus Lost & Found Portal – Authentication, CRUD, Search/vendor/symfony/console/Application.php(195): Symfony/Component/Console/Application->doRun()
#28 C:/Users/Monami Sadhu/Music/🏫 Campus Lost & Found Portal – Authentication, CRUD, Search/vendor/laravel/framework/src/Illuminate/Foundation/Console/Kernel.php(198): Symfony/Component/Console/Application->run()
#29 C:/Users/Monami Sadhu/Music/🏫 Campus Lost & Found Portal – Authentication, CRUD, Search/artisan(10): Illuminate/Foundation/Console/Kernel->handle()
#30 {main}

[previous exception] [object] (PDOException(code: 1045): SQLSTATE[HY000] [1045] Access denied for user 'root'@'localhost' (using password: NO) at C:/Users/Monami Sadhu/Music/🏫 Campus Lost & Found Portal – Authentication, CRUD, Search/vendor/laravel/framework/src/Illuminate/Database/Connectors/Connector.php:67)
[stacktrace]
#0 C:/Users/Monami Sadhu/Music/🏫 Campus Lost & Found Portal – Authentication, CRUD, Search/vendor/laravel/framework/src/Illuminate/Database/Connectors/Connector.php(67): PDO::connect()
#1 C:/Users/Monami Sadhu/Music/🏫 Campus Lost & Found Portal – Authentication, CRUD, Search/vendor/laravel/framework/src/Illuminate/Database/Connectors/Connector.php(85): Illuminate/Database/Connectors/Connector->createPdoConnection()
#2 C:/Users/Monami Sadhu/Music/🏫 Campus Lost & Found Portal – Authentication, CRUD, Search/vendor/laravel/framework/src/Illuminate/Database/Connectors/Connector.php(48): Illuminate/Database/Connectors/Connector->tryAgainIfCausedByLostConnection()
#3 C:/Users/Monami Sadhu/Music/🏫 Campus Lost & Found Portal – Authentication, CRUD, Search/vendor/laravel/framework/src/Illuminate/Database/Connectors/MySqlConnector.php(24): Illuminate/Database/Connectors/Connector->createConnection()
#4 C:/Users/Monami Sadhu/Music/🏫 Campus Lost & Found Portal – Authentication, CRUD, Search/vendor/laravel/framework/src/Illuminate/Database/Connectors/ConnectionFactory.php(186): Illuminate/Database/Connectors/MySqlConnector->connect()
#5 [internal function]: Illuminate/Database/Connectors/ConnectionFactory->{closure:Illuminate/Database/Connectors/ConnectionFactory::createPdoResolverWithHosts():181}()
#6 C:/Users/Monami Sadhu/Music/🏫 Campus Lost & Found Portal – Authentication, CRUD, Search/vendor/laravel/framework/src/Illuminate/Database/Connection.php(1257): call_user_func()
#7 C:/Users/Monami Sadhu/Music/🏫 Campus Lost & Found Portal – Authentication, CRUD, Search/vendor/laravel/framework/src/Illuminate/Database/Connection.php(1295): Illuminate/Database/Connection->getPdo()
#8 C:/Users/Monami Sadhu/Music/🏫 Campus Lost & Found Portal – Authentication, CRUD, Search/vendor/laravel/framework/src/Illuminate/Database/Connection.php(525): Illuminate/Database/Connection->getReadPdo()
#9 C:/Users/Monami Sadhu/Music/🏫 Campus Lost & Found Portal – Authentication, CRUD, Search/vendor/laravel/framework/src/Illuminate/Database/Connection.php(420): Illuminate/Database/Connection->getPdoForSelect()
#10 C:/Users/Monami Sadhu/Music/🏫 Campus Lost & Found Portal – Authentication, CRUD, Search/vendor/laravel/framework/src/Illuminate/Database/Connection.php(827): Illuminate/Database/Connection->{closure:Illuminate/Database/Connection::select():411}()
#11 C:/Users/Monami Sadhu/Music/🏫 Campus Lost & Found Portal – Authentication, CRUD, Search/vendor/laravel/framework/src/Illuminate/Database/Connection.php(999): Illuminate/Database/Connection->runQueryCallback()
#12 C:/Users/Monami Sadhu/Music/🏫 Campus Lost & Found Portal – Authentication, CRUD, Search/vendor/laravel/framework/src/Illuminate/Database/Connection.php(978): Illuminate/Database/Connection->tryAgainIfCausedByLostConnection()
#13 C:/Users/Monami Sadhu/Music/🏫 Campus Lost & Found Portal – Authentication, CRUD, Search/vendor/laravel/framework/src/Illuminate/Database/Connection.php(796): Illuminate/Database/Connection->handleQueryException()
#14 C:/Users/Monami Sadhu/Music/🏫 Campus Lost & Found Portal – Authentication, CRUD, Search/vendor/laravel/framework/src/Illuminate/Database/Connection.php(411): Illuminate/Database/Connection->run()
#15 C:/Users/Monami Sadhu/Music/🏫 Campus Lost & Found Portal – Authentication, CRUD, Search/vendor/laravel/framework/src/Illuminate/Database/Connection.php(357): Illuminate/Database/Connection->select()
#16 C:/Users/Monami Sadhu/Music/🏫 Campus Lost & Found Portal – Authentication, CRUD, Search/vendor/laravel/framework/src/Illuminate/Database/Connection.php(374): Illuminate/Database/Connection->selectOne()
#17 C:/Users/Monami Sadhu/Music/🏫 Campus Lost & Found Portal – Authentication, CRUD, Search/vendor/laravel/framework/src/Illuminate/Database/Schema/Builder.php(176): Illuminate/Database/Connection->scalar()
#18 C:/Users/Monami Sadhu/Music/🏫 Campus Lost & Found Portal – Authentication, CRUD, Search/vendor/laravel/framework/src/Illuminate/Database/Migrations/DatabaseMigrationRepository.php(185): Illuminate/Database/Schema/Builder->hasTable()
#19 C:/Users/Monami Sadhu/Music/🏫 Campus Lost & Found Portal – Authentication, CRUD, Search/vendor/laravel/framework/src/Illuminate/Database/Migrations/Migrator.php(758): Illuminate/Database/Migrations/DatabaseMigrationRepository->repositoryExists()
#20 C:/Users/Monami Sadhu/Music/🏫 Campus Lost & Found Portal – Authentication, CRUD, Search/vendor/laravel/framework/src/Illuminate/Database/Console/Migrations/MigrateCommand.php(164): Illuminate/Database/Migrations/Migrator->repositoryExists()
#21 C:/Users/Monami Sadhu/Music/🏫 Campus Lost & Found Portal – Authentication, CRUD, Search/vendor/laravel/framework/src/Illuminate/Support/helpers.php(328): Illuminate/Database/Console/Migrations/MigrateCommand->{closure:Illuminate/Database/Console/Migrations/MigrateCommand::repositoryExists():164}()
#22 C:/Users/Monami Sadhu/Music/🏫 Campus Lost & Found Portal – Authentication, CRUD, Search/vendor/laravel/framework/src/Illuminate/Database/Console/Migrations/MigrateCommand.php(164): retry()
#23 C:/Users/Monami Sadhu/Music/🏫 Campus Lost & Found Portal – Authentication, CRUD, Search/vendor/laravel/framework/src/Illuminate/Database/Console/Migrations/MigrateCommand.php(140): Illuminate/Database/Console/Migrations/MigrateCommand->repositoryExists()
#24 C:/Users/Monami Sadhu/Music/🏫 Campus Lost & Found Portal – Authentication, CRUD, Search/vendor/laravel/framework/src/Illuminate/Database/Console/Migrations/MigrateCommand.php(110): Illuminate/Database/Console/Migrations/MigrateCommand->prepareDatabase()
#25 C:/Users/Monami Sadhu/Music/🏫 Campus Lost & Found Portal – Authentication, CRUD, Search/vendor/laravel/framework/src/Illuminate/Database/Migrations/Migrator.php(671): Illuminate/Database/Console/Migrations/MigrateCommand->{closure:Illuminate/Database/Console/Migrations/MigrateCommand::runMigrations():109}()
#26 C:/Users/Monami Sadhu/Music/🏫 Campus Lost & Found Portal – Authentication, CRUD, Search/vendor/laravel/framework/src/Illuminate/Database/Console/Migrations/MigrateCommand.php(109): Illuminate/Database/Migrations/Migrator->usingConnection()
#27 C:/Users/Monami Sadhu/Music/🏫 Campus Lost & Found Portal – Authentication, CRUD, Search/vendor/laravel/framework/src/Illuminate/Database/Console/Migrations/MigrateCommand.php(88): Illuminate/Database/Console/Migrations/MigrateCommand->runMigrations()
#28 C:/Users/Monami Sadhu/Music/🏫 Campus Lost & Found Portal – Authentication, CRUD, Search/vendor/laravel/framework/src/Illuminate/Container/BoundMethod.php(36): Illuminate/Database/Console/Migrations/MigrateCommand->handle()
#29 C:/Users/Monami Sadhu/Music/🏫 Campus Lost & Found Portal – Authentication, CRUD, Search/vendor/laravel/framework/src/Illuminate/Container/Util.php(43): Illuminate/Container/BoundMethod::{closure:Illuminate/Container/BoundMethod::call():35}()
#30 C:/Users/Monami Sadhu/Music/🏫 Campus Lost & Found Portal – Authentication, CRUD, Search/vendor/laravel/framework/src/Illuminate/Container/BoundMethod.php(96): Illuminate/Container/Util::unwrapIfClosure()
#31 C:/Users/Monami Sadhu/Music/🏫 Campus Lost & Found Portal – Authentication, CRUD, Search/vendor/laravel/framework/src/Illuminate/Container/BoundMethod.php(35): Illuminate/Container/BoundMethod::callBoundMethod()
#32 C:/Users/Monami Sadhu/Music/🏫 Campus Lost & Found Portal – Authentication, CRUD, Search/vendor/laravel/framework/src/Illuminate/Container/Container.php(799): Illuminate/Container/BoundMethod::call()
#33 C:/Users/Monami Sadhu/Music/🏫 Campus Lost & Found Portal – Authentication, CRUD, Search/vendor/laravel/framework/src/Illuminate/Console/Command.php(211): Illuminate/Container/Container->call()
#34 C:/Users/Monami Sadhu/Music/🏫 Campus Lost & Found Portal – Authentication, CRUD, Search/vendor/symfony/console/Command/Command.php(341): Illuminate/Console/Command->execute()
#35 C:/Users/Monami Sadhu/Music/🏫 Campus Lost & Found Portal – Authentication, CRUD, Search/vendor/laravel/framework/src/Illuminate/Console/Command.php(180): Symfony/Component/Console/Command/Command->run()
#36 C:/Users/Monami Sadhu/Music/🏫 Campus Lost & Found Portal – Authentication, CRUD, Search/vendor/symfony/console/Application.php(1117): Illuminate/Console/Command->run()
#37 C:/Users/Monami Sadhu/Music/🏫 Campus Lost & Found Portal – Authentication, CRUD, Search/vendor/symfony/console/Application.php(356): Symfony/Component/Console/Application->doRunCommand()
#38 C:/Users/Monami Sadhu/Music/🏫 Campus Lost & Found Portal – Authentication, CRUD, Search/vendor/symfony/console/Application.php(195): Symfony/Component/Console/Application->doRun()
#39 C:/Users/Monami Sadhu/Music/🏫 Campus Lost & Found Portal – Authentication, CRUD, Search/vendor/laravel/framework/src/Illuminate/Foundation/Console/Kernel.php(198): Symfony/Component/Console/Application->run()
#40 C:/Users/Monami Sadhu/Music/🏫 Campus Lost & Found Portal – Authentication, CRUD, Search/artisan(10): Illuminate/Foundation/Console/Kernel->handle()
#41 {main}
"} 
[2026-08-04 15:57:22] local.ERROR: Target class [DatabaseSeeder] does not exist. {"exception":"[object] (Illuminate\\Contracts\\Container\\BindingResolutionException(code: 0): Target class [DatabaseSeeder] does not exist. at C:/Users/Monami Sadhu/Music/🏫 Campus Lost & Found Portal – Authentication, CRUD, Search/vendor/laravel/framework/src/Illuminate/Container/Container.php:1124)
[stacktrace]
#0 C:/Users/Monami Sadhu/Music/🏫 Campus Lost & Found Portal – Authentication, CRUD, Search/vendor/laravel/framework/src/Illuminate/Container/Container.php(933): Illuminate/Container/Container->build()
#1 C:/Users/Monami Sadhu/Music/🏫 Campus Lost & Found Portal – Authentication, CRUD, Search/vendor/laravel/framework/src/Illuminate/Foundation/Application.php(1078): Illuminate/Container/Container->resolve()
#2 C:/Users/Monami Sadhu/Music/🏫 Campus Lost & Found Portal – Authentication, CRUD, Search/vendor/laravel/framework/src/Illuminate/Container/Container.php(864): Illuminate/Foundation/Application->resolve()
#3 C:/Users/Monami Sadhu/Music/🏫 Campus Lost & Found Portal – Authentication, CRUD, Search/vendor/laravel/framework/src/Illuminate/Foundation/Application.php(1058): Illuminate/Container/Container->make()
#4 C:/Users/Monami Sadhu/Music/🏫 Campus Lost & Found Portal – Authentication, CRUD, Search/vendor/laravel/framework/src/Illuminate/Database/Console/Seeds/SeedCommand.php(99): Illuminate/Foundation/Application->make()
#5 C:/Users/Monami Sadhu/Music/🏫 Campus Lost & Found Portal – Authentication, CRUD, Search/vendor/laravel/framework/src/Illuminate/Database/Console/Seeds/SeedCommand.php(71): Illuminate/Database/Console/Seeds/SeedCommand->getSeeder()
#6 C:/Users/Monami Sadhu/Music/🏫 Campus Lost & Found Portal – Authentication, CRUD, Search/vendor/laravel/framework/src/Illuminate/Database/Eloquent/Concerns/GuardsAttributes.php(157): Illuminate/Database/Console/Seeds/SeedCommand->{closure:Illuminate/Database/Console/Seeds/SeedCommand::handle():70}()
#7 C:/Users/Monami Sadhu/Music/🏫 Campus Lost & Found Portal – Authentication, CRUD, Search/vendor/laravel/framework/src/Illuminate/Database/Console/Seeds/SeedCommand.php(70): Illuminate/Database/Eloquent/Model::unguarded()
#8 C:/Users/Monami Sadhu/Music/🏫 Campus Lost & Found Portal – Authentication, CRUD, Search/vendor/laravel/framework/src/Illuminate/Container/BoundMethod.php(36): Illuminate/Database/Console/Seeds/SeedCommand->handle()
#9 C:/Users/Monami Sadhu/Music/🏫 Campus Lost & Found Portal – Authentication, CRUD, Search/vendor/laravel/framework/src/Illuminate/Container/Util.php(43): Illuminate/Container/BoundMethod::{closure:Illuminate/Container/BoundMethod::call():35}()
#10 C:/Users/Monami Sadhu/Music/🏫 Campus Lost & Found Portal – Authentication, CRUD, Search/vendor/laravel/framework/src/Illuminate/Container/BoundMethod.php(96): Illuminate/Container/Util::unwrapIfClosure()
#11 C:/Users/Monami Sadhu/Music/🏫 Campus Lost & Found Portal – Authentication, CRUD, Search/vendor/laravel/framework/src/Illuminate/Container/BoundMethod.php(35): Illuminate/Container/BoundMethod::callBoundMethod()
#12 C:/Users/Monami Sadhu/Music/🏫 Campus Lost & Found Portal – Authentication, CRUD, Search/vendor/laravel/framework/src/Illuminate/Container/Container.php(799): Illuminate/Container/BoundMethod::call()
#13 C:/Users/Monami Sadhu/Music/🏫 Campus Lost & Found Portal – Authentication, CRUD, Search/vendor/laravel/framework/src/Illuminate/Console/Command.php(211): Illuminate/Container/Container->call()
#14 C:/Users/Monami Sadhu/Music/🏫 Campus Lost & Found Portal – Authentication, CRUD, Search/vendor/symfony/console/Command/Command.php(341): Illuminate/Console/Command->execute()
#15 C:/Users/Monami Sadhu/Music/🏫 Campus Lost & Found Portal – Authentication, CRUD, Search/vendor/laravel/framework/src/Illuminate/Console/Command.php(180): Symfony/Component/Console/Command/Command->run()
#16 C:/Users/Monami Sadhu/Music/🏫 Campus Lost & Found Portal – Authentication, CRUD, Search/vendor/laravel/framework/src/Illuminate/Console/Concerns/CallsCommands.php(68): Illuminate/Console/Command->run()
#17 C:/Users/Monami Sadhu/Music/🏫 Campus Lost & Found Portal – Authentication, CRUD, Search/vendor/laravel/framework/src/Illuminate/Console/Concerns/CallsCommands.php(29): Illuminate/Console/Command->runCommand()
#18 C:/Users/Monami Sadhu/Music/🏫 Campus Lost & Found Portal – Authentication, CRUD, Search/vendor/laravel/framework/src/Illuminate/Database/Console/Migrations/MigrateCommand.php(125): Illuminate/Console/Command->call()
#19 C:/Users/Monami Sadhu/Music/🏫 Campus Lost & Found Portal – Authentication, CRUD, Search/vendor/laravel/framework/src/Illuminate/Database/Migrations/Migrator.php(671): Illuminate/Database/Console/Migrations/MigrateCommand->{closure:Illuminate/Database/Console/Migrations/MigrateCommand::runMigrations():109}()
#20 C:/Users/Monami Sadhu/Music/🏫 Campus Lost & Found Portal – Authentication, CRUD, Search/vendor/laravel/framework/src/Illuminate/Database/Console/Migrations/MigrateCommand.php(109): Illuminate/Database/Migrations/Migrator->usingConnection()
#21 C:/Users/Monami Sadhu/Music/🏫 Campus Lost & Found Portal – Authentication, CRUD, Search/vendor/laravel/framework/src/Illuminate/Database/Console/Migrations/MigrateCommand.php(88): Illuminate/Database/Console/Migrations/MigrateCommand->runMigrations()
#22 C:/Users/Monami Sadhu/Music/🏫 Campus Lost & Found Portal – Authentication, CRUD, Search/vendor/laravel/framework/src/Illuminate/Container/BoundMethod.php(36): Illuminate/Database/Console/Migrations/MigrateCommand->handle()
#23 C:/Users/Monami Sadhu/Music/🏫 Campus Lost & Found Portal – Authentication, CRUD, Search/vendor/laravel/framework/src/Illuminate/Container/Util.php(43): Illuminate/Container/BoundMethod::{closure:Illuminate/Container/BoundMethod::call():35}()
#24 C:/Users/Monami Sadhu/Music/🏫 Campus Lost & Found Portal – Authentication, CRUD, Search/vendor/laravel/framework/src/Illuminate/Container/BoundMethod.php(96): Illuminate/Container/Util::unwrapIfClosure()
#25 C:/Users/Monami Sadhu/Music/🏫 Campus Lost & Found Portal – Authentication, CRUD, Search/vendor/laravel/framework/src/Illuminate/Container/BoundMethod.php(35): Illuminate/Container/BoundMethod::callBoundMethod()
#26 C:/Users/Monami Sadhu/Music/🏫 Campus Lost & Found Portal – Authentication, CRUD, Search/vendor/laravel/framework/src/Illuminate/Container/Container.php(799): Illuminate/Container/BoundMethod::call()
#27 C:/Users/Monami Sadhu/Music/🏫 Campus Lost & Found Portal – Authentication, CRUD, Search/vendor/laravel/framework/src/Illuminate/Console/Command.php(211): Illuminate/Container/Container->call()
#28 C:/Users/Monami Sadhu/Music/🏫 Campus Lost & Found Portal – Authentication, CRUD, Search/vendor/symfony/console/Command/Command.php(341): Illuminate/Console/Command->execute()
#29 C:/Users/Monami Sadhu/Music/🏫 Campus Lost & Found Portal – Authentication, CRUD, Search/vendor/laravel/framework/src/Illuminate/Console/Command.php(180): Symfony/Component/Console/Command/Command->run()
#30 C:/Users/Monami Sadhu/Music/🏫 Campus Lost & Found Portal – Authentication, CRUD, Search/vendor/symfony/console/Application.php(1117): Illuminate/Console/Command->run()
#31 C:/Users/Monami Sadhu/Music/🏫 Campus Lost & Found Portal – Authentication, CRUD, Search/vendor/symfony/console/Application.php(356): Symfony/Component/Console/Application->doRunCommand()
#32 C:/Users/Monami Sadhu/Music/🏫 Campus Lost & Found Portal – Authentication, CRUD, Search/vendor/symfony/console/Application.php(195): Symfony/Component/Console/Application->doRun()
#33 C:/Users/Monami Sadhu/Music/🏫 Campus Lost & Found Portal – Authentication, CRUD, Search/vendor/laravel/framework/src/Illuminate/Foundation/Console/Kernel.php(198): Symfony/Component/Console/Application->run()
#34 C:/Users/Monami Sadhu/Music/🏫 Campus Lost & Found Portal – Authentication, CRUD, Search/artisan(10): Illuminate/Foundation/Console/Kernel->handle()
#35 {main}

[previous exception] [object] (ReflectionException(code: -1): Class \"DatabaseSeeder\" does not exist at C:/Users/Monami Sadhu/Music/🏫 Campus Lost & Found Portal – Authentication, CRUD, Search/vendor/laravel/framework/src/Illuminate/Container/Container.php:1122)
[stacktrace]
#0 C:/Users/Monami Sadhu/Music/🏫 Campus Lost & Found Portal – Authentication, CRUD, Search/vendor/laravel/framework/src/Illuminate/Container/Container.php(1122): ReflectionClass->__construct()
#1 C:/Users/Monami Sadhu/Music/🏫 Campus Lost & Found Portal – Authentication, CRUD, Search/vendor/laravel/framework/src/Illuminate/Container/Container.php(933): Illuminate/Container/Container->build()
#2 C:/Users/Monami Sadhu/Music/🏫 Campus Lost & Found Portal – Authentication, CRUD, Search/vendor/laravel/framework/src/Illuminate/Foundation/Application.php(1078): Illuminate/Container/Container->resolve()
#3 C:/Users/Monami Sadhu/Music/🏫 Campus Lost & Found Portal – Authentication, CRUD, Search/vendor/laravel/framework/src/Illuminate/Container/Container.php(864): Illuminate/Foundation/Application->resolve()
#4 C:/Users/Monami Sadhu/Music/🏫 Campus Lost & Found Portal – Authentication, CRUD, Search/vendor/laravel/framework/src/Illuminate/Foundation/Application.php(1058): Illuminate/Container/Container->make()
#5 C:/Users/Monami Sadhu/Music/🏫 Campus Lost & Found Portal – Authentication, CRUD, Search/vendor/laravel/framework/src/Illuminate/Database/Console/Seeds/SeedCommand.php(99): Illuminate/Foundation/Application->make()
#6 C:/Users/Monami Sadhu/Music/🏫 Campus Lost & Found Portal – Authentication, CRUD, Search/vendor/laravel/framework/src/Illuminate/Database/Console/Seeds/SeedCommand.php(71): Illuminate/Database/Console/Seeds/SeedCommand->getSeeder()
#7 C:/Users/Monami Sadhu/Music/🏫 Campus Lost & Found Portal – Authentication, CRUD, Search/vendor/laravel/framework/src/Illuminate/Database/Eloquent/Concerns/GuardsAttributes.php(157): Illuminate/Database/Console/Seeds/SeedCommand->{closure:Illuminate/Database/Console/Seeds/SeedCommand::handle():70}()
#8 C:/Users/Monami Sadhu/Music/🏫 Campus Lost & Found Portal – Authentication, CRUD, Search/vendor/laravel/framework/src/Illuminate/Database/Console/Seeds/SeedCommand.php(70): Illuminate/Database/Eloquent/Model::unguarded()
#9 C:/Users/Monami Sadhu/Music/🏫 Campus Lost & Found Portal – Authentication, CRUD, Search/vendor/laravel/framework/src/Illuminate/Container/BoundMethod.php(36): Illuminate/Database/Console/Seeds/SeedCommand->handle()
#10 C:/Users/Monami Sadhu/Music/🏫 Campus Lost & Found Portal – Authentication, CRUD, Search/vendor/laravel/framework/src/Illuminate/Container/Util.php(43): Illuminate/Container/BoundMethod::{closure:Illuminate/Container/BoundMethod::call():35}()
#11 C:/Users/Monami Sadhu/Music/🏫 Campus Lost & Found Portal – Authentication, CRUD, Search/vendor/laravel/framework/src/Illuminate/Container/BoundMethod.php(96): Illuminate/Container/Util::unwrapIfClosure()
#12 C:/Users/Monami Sadhu/Music/🏫 Campus Lost & Found Portal – Authentication, CRUD, Search/vendor/laravel/framework/src/Illuminate/Container/BoundMethod.php(35): Illuminate/Container/BoundMethod::callBoundMethod()
#13 C:/Users/Monami Sadhu/Music/🏫 Campus Lost & Found Portal – Authentication, CRUD, Search/vendor/laravel/framework/src/Illuminate/Container/Container.php(799): Illuminate/Container/BoundMethod::call()
#14 C:/Users/Monami Sadhu/Music/🏫 Campus Lost & Found Portal – Authentication, CRUD, Search/vendor/laravel/framework/src/Illuminate/Console/Command.php(211): Illuminate/Container/Container->call()
#15 C:/Users/Monami Sadhu/Music/🏫 Campus Lost & Found Portal – Authentication, CRUD, Search/vendor/symfony/console/Command/Command.php(341): Illuminate/Console/Command->execute()
#16 C:/Users/Monami Sadhu/Music/🏫 Campus Lost & Found Portal – Authentication, CRUD, Search/vendor/laravel/framework/src/Illuminate/Console/Command.php(180): Symfony/Component/Console/Command/Command->run()
#17 C:/Users/Monami Sadhu/Music/🏫 Campus Lost & Found Portal – Authentication, CRUD, Search/vendor/laravel/framework/src/Illuminate/Console/Concerns/CallsCommands.php(68): Illuminate/Console/Command->run()
#18 C:/Users/Monami Sadhu/Music/🏫 Campus Lost & Found Portal – Authentication, CRUD, Search/vendor/laravel/framework/src/Illuminate/Console/Concerns/CallsCommands.php(29): Illuminate/Console/Command->runCommand()
#19 C:/Users/Monami Sadhu/Music/🏫 Campus Lost & Found Portal – Authentication, CRUD, Search/vendor/laravel/framework/src/Illuminate/Database/Console/Migrations/MigrateCommand.php(125): Illuminate/Console/Command->call()
#20 C:/Users/Monami Sadhu/Music/🏫 Campus Lost & Found Portal – Authentication, CRUD, Search/vendor/laravel/framework/src/Illuminate/Database/Migrations/Migrator.php(671): Illuminate/Database/Console/Migrations/MigrateCommand->{closure:Illuminate/Database/Console/Migrations/MigrateCommand::runMigrations():109}()
#21 C:/Users/Monami Sadhu/Music/🏫 Campus Lost & Found Portal – Authentication, CRUD, Search/vendor/laravel/framework/src/Illuminate/Database/Console/Migrations/MigrateCommand.php(109): Illuminate/Database/Migrations/Migrator->usingConnection()
#22 C:/Users/Monami Sadhu/Music/🏫 Campus Lost & Found Portal – Authentication, CRUD, Search/vendor/laravel/framework/src/Illuminate/Database/Console/Migrations/MigrateCommand.php(88): Illuminate/Database/Console/Migrations/MigrateCommand->runMigrations()
#23 C:/Users/Monami Sadhu/Music/🏫 Campus Lost & Found Portal – Authentication, CRUD, Search/vendor/laravel/framework/src/Illuminate/Container/BoundMethod.php(36): Illuminate/Database/Console/Migrations/MigrateCommand->handle()
#24 C:/Users/Monami Sadhu/Music/🏫 Campus Lost & Found Portal – Authentication, CRUD, Search/vendor/laravel/framework/src/Illuminate/Container/Util.php(43): Illuminate/Container/BoundMethod::{closure:Illuminate/Container/BoundMethod::call():35}()
#25 C:/Users/Monami Sadhu/Music/🏫 Campus Lost & Found Portal – Authentication, CRUD, Search/vendor/laravel/framework/src/Illuminate/Container/BoundMethod.php(96): Illuminate/Container/Util::unwrapIfClosure()
#26 C:/Users/Monami Sadhu/Music/🏫 Campus Lost & Found Portal – Authentication, CRUD, Search/vendor/laravel/framework/src/Illuminate/Container/BoundMethod.php(35): Illuminate/Container/BoundMethod::callBoundMethod()
#27 C:/Users/Monami Sadhu/Music/🏫 Campus Lost & Found Portal – Authentication, CRUD, Search/vendor/laravel/framework/src/Illuminate/Container/Container.php(799): Illuminate/Container/BoundMethod::call()
#28 C:/Users/Monami Sadhu/Music/🏫 Campus Lost & Found Portal – Authentication, CRUD, Search/vendor/laravel/framework/src/Illuminate/Console/Command.php(211): Illuminate/Container/Container->call()
#29 C:/Users/Monami Sadhu/Music/🏫 Campus Lost & Found Portal – Authentication, CRUD, Search/vendor/symfony/console/Command/Command.php(341): Illuminate/Console/Command->execute()
#30 C:/Users/Monami Sadhu/Music/🏫 Campus Lost & Found Portal – Authentication, CRUD, Search/vendor/laravel/framework/src/Illuminate/Console/Command.php(180): Symfony/Component/Console/Command/Command->run()
#31 C:/Users/Monami Sadhu/Music/🏫 Campus Lost & Found Portal – Authentication, CRUD, Search/vendor/symfony/console/Application.php(1117): Illuminate/Console/Command->run()
#32 C:/Users/Monami Sadhu/Music/🏫 Campus Lost & Found Portal – Authentication, CRUD, Search/vendor/symfony/console/Application.php(356): Symfony/Component/Console/Application->doRunCommand()
#33 C:/Users/Monami Sadhu/Music/🏫 Campus Lost & Found Portal – Authentication, CRUD, Search/vendor/symfony/console/Application.php(195): Symfony/Component/Console/Application->doRun()
#34 C:/Users/Monami Sadhu/Music/🏫 Campus Lost & Found Portal – Authentication, CRUD, Search/vendor/laravel/framework/src/Illuminate/Foundation/Console/Kernel.php(198): Symfony/Component/Console/Application->run()
#35 C:/Users/Monami Sadhu/Music/🏫 Campus Lost & Found Portal – Authentication, CRUD, Search/artisan(10): Illuminate/Foundation/Console/Kernel->handle()
#36 {main}
"} 
[2026-08-04 15:57:28] local.ERROR: Target class [DatabaseSeeder] does not exist. {"exception":"[object] (Illuminate\\Contracts\\Container\\BindingResolutionException(code: 0): Target class [DatabaseSeeder] does not exist. at C:/Users/Monami Sadhu/Music/🏫 Campus Lost & Found Portal – Authentication, CRUD, Search/vendor/laravel/framework/src/Illuminate/Container/Container.php:1124)
[stacktrace]
#0 C:/Users/Monami Sadhu/Music/🏫 Campus Lost & Found Portal – Authentication, CRUD, Search/vendor/laravel/framework/src/Illuminate/Container/Container.php(933): Illuminate/Container/Container->build()
#1 C:/Users/Monami Sadhu/Music/🏫 Campus Lost & Found Portal – Authentication, CRUD, Search/vendor/laravel/framework/src/Illuminate/Foundation/Application.php(1078): Illuminate/Container/Container->resolve()
#2 C:/Users/Monami Sadhu/Music/🏫 Campus Lost & Found Portal – Authentication, CRUD, Search/vendor/laravel/framework/src/Illuminate/Container/Container.php(864): Illuminate/Foundation/Application->resolve()
#3 C:/Users/Monami Sadhu/Music/🏫 Campus Lost & Found Portal – Authentication, CRUD, Search/vendor/laravel/framework/src/Illuminate/Foundation/Application.php(1058): Illuminate/Container/Container->make()
#4 C:/Users/Monami Sadhu/Music/🏫 Campus Lost & Found Portal – Authentication, CRUD, Search/vendor/laravel/framework/src/Illuminate/Database/Console/Seeds/SeedCommand.php(99): Illuminate/Foundation/Application->make()
#5 C:/Users/Monami Sadhu/Music/🏫 Campus Lost & Found Portal – Authentication, CRUD, Search/vendor/laravel/framework/src/Illuminate/Database/Console/Seeds/SeedCommand.php(71): Illuminate/Database/Console/Seeds/SeedCommand->getSeeder()
#6 C:/Users/Monami Sadhu/Music/🏫 Campus Lost & Found Portal – Authentication, CRUD, Search/vendor/laravel/framework/src/Illuminate/Database/Eloquent/Concerns/GuardsAttributes.php(157): Illuminate/Database/Console/Seeds/SeedCommand->{closure:Illuminate/Database/Console/Seeds/SeedCommand::handle():70}()
#7 C:/Users/Monami Sadhu/Music/🏫 Campus Lost & Found Portal – Authentication, CRUD, Search/vendor/laravel/framework/src/Illuminate/Database/Console/Seeds/SeedCommand.php(70): Illuminate/Database/Eloquent/Model::unguarded()
#8 C:/Users/Monami Sadhu/Music/🏫 Campus Lost & Found Portal – Authentication, CRUD, Search/vendor/laravel/framework/src/Illuminate/Container/BoundMethod.php(36): Illuminate/Database/Console/Seeds/SeedCommand->handle()
#9 C:/Users/Monami Sadhu/Music/🏫 Campus Lost & Found Portal – Authentication, CRUD, Search/vendor/laravel/framework/src/Illuminate/Container/Util.php(43): Illuminate/Container/BoundMethod::{closure:Illuminate/Container/BoundMethod::call():35}()
#10 C:/Users/Monami Sadhu/Music/🏫 Campus Lost & Found Portal – Authentication, CRUD, Search/vendor/laravel/framework/src/Illuminate/Container/BoundMethod.php(96): Illuminate/Container/Util::unwrapIfClosure()
#11 C:/Users/Monami Sadhu/Music/🏫 Campus Lost & Found Portal – Authentication, CRUD, Search/vendor/laravel/framework/src/Illuminate/Container/BoundMethod.php(35): Illuminate/Container/BoundMethod::callBoundMethod()
#12 C:/Users/Monami Sadhu/Music/🏫 Campus Lost & Found Portal – Authentication, CRUD, Search/vendor/laravel/framework/src/Illuminate/Container/Container.php(799): Illuminate/Container/BoundMethod::call()
#13 C:/Users/Monami Sadhu/Music/🏫 Campus Lost & Found Portal – Authentication, CRUD, Search/vendor/laravel/framework/src/Illuminate/Console/Command.php(211): Illuminate/Container/Container->call()
#14 C:/Users/Monami Sadhu/Music/🏫 Campus Lost & Found Portal – Authentication, CRUD, Search/vendor/symfony/console/Command/Command.php(341): Illuminate/Console/Command->execute()
#15 C:/Users/Monami Sadhu/Music/🏫 Campus Lost & Found Portal – Authentication, CRUD, Search/vendor/laravel/framework/src/Illuminate/Console/Command.php(180): Symfony/Component/Console/Command/Command->run()
#16 C:/Users/Monami Sadhu/Music/🏫 Campus Lost & Found Portal – Authentication, CRUD, Search/vendor/symfony/console/Application.php(1117): Illuminate/Console/Command->run()
#17 C:/Users/Monami Sadhu/Music/🏫 Campus Lost & Found Portal – Authentication, CRUD, Search/vendor/symfony/console/Application.php(356): Symfony/Component/Console/Application->doRunCommand()
#18 C:/Users/Monami Sadhu/Music/🏫 Campus Lost & Found Portal – Authentication, CRUD, Search/vendor/symfony/console/Application.php(195): Symfony/Component/Console/Application->doRun()
#19 C:/Users/Monami Sadhu/Music/🏫 Campus Lost & Found Portal – Authentication, CRUD, Search/vendor/laravel/framework/src/Illuminate/Foundation/Console/Kernel.php(198): Symfony/Component/Console/Application->run()
#20 C:/Users/Monami Sadhu/Music/🏫 Campus Lost & Found Portal – Authentication, CRUD, Search/artisan(10): Illuminate/Foundation/Console/Kernel->handle()
#21 {main}

[previous exception] [object] (ReflectionException(code: -1): Class \"DatabaseSeeder\" does not exist at C:/Users/Monami Sadhu/Music/🏫 Campus Lost & Found Portal – Authentication, CRUD, Search/vendor/laravel/framework/src/Illuminate/Container/Container.php:1122)
[stacktrace]
#0 C:/Users/Monami Sadhu/Music/🏫 Campus Lost & Found Portal – Authentication, CRUD, Search/vendor/laravel/framework/src/Illuminate/Container/Container.php(1122): ReflectionClass->__construct()
#1 C:/Users/Monami Sadhu/Music/🏫 Campus Lost & Found Portal – Authentication, CRUD, Search/vendor/laravel/framework/src/Illuminate/Container/Container.php(933): Illuminate/Container/Container->build()
#2 C:/Users/Monami Sadhu/Music/🏫 Campus Lost & Found Portal – Authentication, CRUD, Search/vendor/laravel/framework/src/Illuminate/Foundation/Application.php(1078): Illuminate/Container/Container->resolve()
#3 C:/Users/Monami Sadhu/Music/🏫 Campus Lost & Found Portal – Authentication, CRUD, Search/vendor/laravel/framework/src/Illuminate/Container/Container.php(864): Illuminate/Foundation/Application->resolve()
#4 C:/Users/Monami Sadhu/Music/🏫 Campus Lost & Found Portal – Authentication, CRUD, Search/vendor/laravel/framework/src/Illuminate/Foundation/Application.php(1058): Illuminate/Container/Container->make()
#5 C:/Users/Monami Sadhu/Music/🏫 Campus Lost & Found Portal – Authentication, CRUD, Search/vendor/laravel/framework/src/Illuminate/Database/Console/Seeds/SeedCommand.php(99): Illuminate/Foundation/Application->make()
#6 C:/Users/Monami Sadhu/Music/🏫 Campus Lost & Found Portal – Authentication, CRUD, Search/vendor/laravel/framework/src/Illuminate/Database/Console/Seeds/SeedCommand.php(71): Illuminate/Database/Console/Seeds/SeedCommand->getSeeder()
#7 C:/Users/Monami Sadhu/Music/🏫 Campus Lost & Found Portal – Authentication, CRUD, Search/vendor/laravel/framework/src/Illuminate/Database/Eloquent/Concerns/GuardsAttributes.php(157): Illuminate/Database/Console/Seeds/SeedCommand->{closure:Illuminate/Database/Console/Seeds/SeedCommand::handle():70}()
#8 C:/Users/Monami Sadhu/Music/🏫 Campus Lost & Found Portal – Authentication, CRUD, Search/vendor/laravel/framework/src/Illuminate/Database/Console/Seeds/SeedCommand.php(70): Illuminate/Database/Eloquent/Model::unguarded()
#9 C:/Users/Monami Sadhu/Music/🏫 Campus Lost & Found Portal – Authentication, CRUD, Search/vendor/laravel/framework/src/Illuminate/Container/BoundMethod.php(36): Illuminate/Database/Console/Seeds/SeedCommand->handle()
#10 C:/Users/Monami Sadhu/Music/🏫 Campus Lost & Found Portal – Authentication, CRUD, Search/vendor/laravel/framework/src/Illuminate/Container/Util.php(43): Illuminate/Container/BoundMethod::{closure:Illuminate/Container/BoundMethod::call():35}()
#11 C:/Users/Monami Sadhu/Music/🏫 Campus Lost & Found Portal – Authentication, CRUD, Search/vendor/laravel/framework/src/Illuminate/Container/BoundMethod.php(96): Illuminate/Container/Util::unwrapIfClosure()
#12 C:/Users/Monami Sadhu/Music/🏫 Campus Lost & Found Portal – Authentication, CRUD, Search/vendor/laravel/framework/src/Illuminate/Container/BoundMethod.php(35): Illuminate/Container/BoundMethod::callBoundMethod()
#13 C:/Users/Monami Sadhu/Music/🏫 Campus Lost & Found Portal – Authentication, CRUD, Search/vendor/laravel/framework/src/Illuminate/Container/Container.php(799): Illuminate/Container/BoundMethod::call()
#14 C:/Users/Monami Sadhu/Music/🏫 Campus Lost & Found Portal – Authentication, CRUD, Search/vendor/laravel/framework/src/Illuminate/Console/Command.php(211): Illuminate/Container/Container->call()
#15 C:/Users/Monami Sadhu/Music/🏫 Campus Lost & Found Portal – Authentication, CRUD, Search/vendor/symfony/console/Command/Command.php(341): Illuminate/Console/Command->execute()
#16 C:/Users/Monami Sadhu/Music/🏫 Campus Lost & Found Portal – Authentication, CRUD, Search/vendor/laravel/framework/src/Illuminate/Console/Command.php(180): Symfony/Component/Console/Command/Command->run()
#17 C:/Users/Monami Sadhu/Music/🏫 Campus Lost & Found Portal – Authentication, CRUD, Search/vendor/symfony/console/Application.php(1117): Illuminate/Console/Command->run()
#18 C:/Users/Monami Sadhu/Music/🏫 Campus Lost & Found Portal – Authentication, CRUD, Search/vendor/symfony/console/Application.php(356): Symfony/Component/Console/Application->doRunCommand()
#19 C:/Users/Monami Sadhu/Music/🏫 Campus Lost & Found Portal – Authentication, CRUD, Search/vendor/symfony/console/Application.php(195): Symfony/Component/Console/Application->doRun()
#20 C:/Users/Monami Sadhu/Music/🏫 Campus Lost & Found Portal – Authentication, CRUD, Search/vendor/laravel/framework/src/Illuminate/Foundation/Console/Kernel.php(198): Symfony/Component/Console/Application->run()
#21 C:/Users/Monami Sadhu/Music/🏫 Campus Lost & Found Portal – Authentication, CRUD, Search/artisan(10): Illuminate/Foundation/Console/Kernel->handle()
#22 {main}
"} 
[2026-08-08 04:35:37] local.ERROR: Class "Request" not found (View: C:\Users\Monami Sadhu\Music\🏫 Campus Lost & Found Portal – Authentication, CRUD, Search\resources\views\layouts\app.blade.php) (View: C:\Users\Monami Sadhu\Music\🏫 Campus Lost & Found Portal – Authentication, CRUD, Search\resources\views\layouts\app.blade.php) {"exception":"[object] (Illuminate\\View\\ViewException(code: 0): Class \"Request\" not found (View: C:\\Users\\Monami Sadhu\\Music\\🏫 Campus Lost & Found Portal – Authentication, CRUD, Search\\resources\\views\\layouts\\app.blade.php) (View: C:\\Users\\Monami Sadhu\\Music\\🏫 Campus Lost & Found Portal – Authentication, CRUD, Search\\resources\\views\\layouts\\app.blade.php) at C:/Users/Monami Sadhu/Music/🏫 Campus Lost & Found Portal – Authentication, CRUD, Search/storage/framework/views/7663ecabfccde130339e2852f5a718ea.php:97)
[stacktrace]
#0 C:/Users/Monami Sadhu/Music/🏫 Campus Lost & Found Portal – Authentication, CRUD, Search/vendor/laravel/framework/src/Illuminate/View/Engines/PhpEngine.php(59): Illuminate/View/Engines/CompilerEngine->handleViewException()
#1 C:/Users/Monami Sadhu/Music/🏫 Campus Lost & Found Portal – Authentication, CRUD, Search/vendor/laravel/framework/src/Illuminate/View/Engines/CompilerEngine.php(76): Illuminate/View/Engines/PhpEngine->evaluatePath()
#2 C:/Users/Monami Sadhu/Music/🏫 Campus Lost & Found Portal – Authentication, CRUD, Search/vendor/laravel/framework/src/Illuminate/View/View.php(208): Illuminate/View/Engines/CompilerEngine->get()
#3 C:/Users/Monami Sadhu/Music/🏫 Campus Lost & Found Portal – Authentication, CRUD, Search/vendor/laravel/framework/src/Illuminate/View/View.php(191): Illuminate/View/View->getContents()
#4 C:/Users/Monami Sadhu/Music/🏫 Campus Lost & Found Portal – Authentication, CRUD, Search/vendor/laravel/framework/src/Illuminate/View/View.php(160): Illuminate/View/View->renderContents()
#5 C:/Users/Monami Sadhu/Music/🏫 Campus Lost & Found Portal – Authentication, CRUD, Search/vendor/laravel/framework/src/Illuminate/Http/Response.php(78): Illuminate/View/View->render()
#6 C:/Users/Monami Sadhu/Music/🏫 Campus Lost & Found Portal – Authentication, CRUD, Search/vendor/laravel/framework/src/Illuminate/Http/Response.php(34): Illuminate/Http/Response->setContent()
#7 C:/Users/Monami Sadhu/Music/🏫 Campus Lost & Found Portal – Authentication, CRUD, Search/vendor/laravel/framework/src/Illuminate/Routing/Router.php(939): Illuminate/Http/Response->__construct()
#8 C:/Users/Monami Sadhu/Music/🏫 Campus Lost & Found Portal – Authentication, CRUD, Search/vendor/laravel/framework/src/Illuminate/Routing/Router.php(906): Illuminate/Routing/Router::toResponse()
#9 C:/Users/Monami Sadhu/Music/🏫 Campus Lost & Found Portal – Authentication, CRUD, Search/vendor/laravel/framework/src/Illuminate/Routing/Router.php(821): Illuminate/Routing/Router->prepareResponse()
#10 C:/Users/Monami Sadhu/Music/🏫 Campus Lost & Found Portal – Authentication, CRUD, Search/vendor/laravel/framework/src/Illuminate/Pipeline/Pipeline.php(180): Illuminate/Routing/Router->{closure:Illuminate/Routing/Router::runRouteWithinStack():821}()
#11 C:/Users/Monami Sadhu/Music/🏫 Campus Lost & Found Portal – Authentication, CRUD, Search/vendor/laravel/framework/src/Illuminate/Routing/Middleware/SubstituteBindings.php(50): Illuminate/Pipeline/Pipeline->{closure:Illuminate/Pipeline/Pipeline::prepareDestination():178}()
#12 C:/Users/Monami Sadhu/Music/🏫 Campus Lost & Found Portal – Authentication, CRUD, Search/vendor/laravel/framework/src/Illuminate/Pipeline/Pipeline.php(219): Illuminate/Routing/Middleware/SubstituteBindings->handle()
#13 C:/Users/Monami Sadhu/Music/🏫 Campus Lost & Found Portal – Authentication, CRUD, Search/vendor/laravel/framework/src/Illuminate/Foundation/Http/Middleware/VerifyCsrfToken.php(87): Illuminate/Pipeline/Pipeline->{closure:{closure:Illuminate/Pipeline/Pipeline::carry():194}:195}()
#14 C:/Users/Monami Sadhu/Music/🏫 Campus Lost & Found Portal – Authentication, CRUD, Search/vendor/laravel/framework/src/Illuminate/Pipeline/Pipeline.php(219): Illuminate/Foundation/Http/Middleware/VerifyCsrfToken->handle()
#15 C:/Users/Monami Sadhu/Music/🏫 Campus Lost & Found Portal – Authentication, CRUD, Search/vendor/laravel/framework/src/Illuminate/View/Middleware/ShareErrorsFromSession.php(48): Illuminate/Pipeline/Pipeline->{closure:{closure:Illuminate/Pipeline/Pipeline::carry():194}:195}()
#16 C:/Users/Monami Sadhu/Music/🏫 Campus Lost & Found Portal – Authentication, CRUD, Search/vendor/laravel/framework/src/Illuminate/Pipeline/Pipeline.php(219): Illuminate/View/Middleware/ShareErrorsFromSession->handle()
#17 C:/Users/Monami Sadhu/Music/🏫 Campus Lost & Found Portal – Authentication, CRUD, Search/vendor/laravel/framework/src/Illuminate/Session/Middleware/StartSession.php(120): Illuminate/Pipeline/Pipeline->{closure:{closure:Illuminate/Pipeline/Pipeline::carry():194}:195}()
#18 C:/Users/Monami Sadhu/Music/🏫 Campus Lost & Found Portal – Authentication, CRUD, Search/vendor/laravel/framework/src/Illuminate/Session/Middleware/StartSession.php(63): Illuminate/Session/Middleware/StartSession->handleStatefulRequest()
#19 C:/Users/Monami Sadhu/Music/🏫 Campus Lost & Found Portal – Authentication, CRUD, Search/vendor/laravel/framework/src/Illuminate/Pipeline/Pipeline.php(219): Illuminate/Session/Middleware/StartSession->handle()
#20 C:/Users/Monami Sadhu/Music/🏫 Campus Lost & Found Portal – Authentication, CRUD, Search/vendor/laravel/framework/src/Illuminate/Cookie/Middleware/AddQueuedCookiesToResponse.php(36): Illuminate/Pipeline/Pipeline->{closure:{closure:Illuminate/Pipeline/Pipeline::carry():194}:195}()
#21 C:/Users/Monami Sadhu/Music/🏫 Campus Lost & Found Portal – Authentication, CRUD, Search/vendor/laravel/framework/src/Illuminate/Pipeline/Pipeline.php(219): Illuminate/Cookie/Middleware/AddQueuedCookiesToResponse->handle()
#22 C:/Users/Monami Sadhu/Music/🏫 Campus Lost & Found Portal – Authentication, CRUD, Search/vendor/laravel/framework/src/Illuminate/Cookie/Middleware/EncryptCookies.php(74): Illuminate/Pipeline/Pipeline->{closure:{closure:Illuminate/Pipeline/Pipeline::carry():194}:195}()
#23 C:/Users/Monami Sadhu/Music/🏫 Campus Lost & Found Portal – Authentication, CRUD, Search/vendor/laravel/framework/src/Illuminate/Pipeline/Pipeline.php(219): Illuminate/Cookie/Middleware/EncryptCookies->handle()
#24 C:/Users/Monami Sadhu/Music/🏫 Campus Lost & Found Portal – Authentication, CRUD, Search/vendor/laravel/framework/src/Illuminate/Pipeline/Pipeline.php(137): Illuminate/Pipeline/Pipeline->{closure:{closure:Illuminate/Pipeline/Pipeline::carry():194}:195}()
#25 C:/Users/Monami Sadhu/Music/🏫 Campus Lost & Found Portal – Authentication, CRUD, Search/vendor/laravel/framework/src/Illuminate/Routing/Router.php(821): Illuminate/Pipeline/Pipeline->then()
#26 C:/Users/Monami Sadhu/Music/🏫 Campus Lost & Found Portal – Authentication, CRUD, Search/vendor/laravel/framework/src/Illuminate/Routing/Router.php(800): Illuminate/Routing/Router->runRouteWithinStack()
#27 C:/Users/Monami Sadhu/Music/🏫 Campus Lost & Found Portal – Authentication, CRUD, Search/vendor/laravel/framework/src/Illuminate/Routing/Router.php(764): Illuminate/Routing/Router->runRoute()
#28 C:/Users/Monami Sadhu/Music/🏫 Campus Lost & Found Portal – Authentication, CRUD, Search/vendor/laravel/framework/src/Illuminate/Routing/Router.php(753): Illuminate/Routing/Router->dispatchToRoute()
#29 C:/Users/Monami Sadhu/Music/🏫 Campus Lost & Found Portal – Authentication, CRUD, Search/vendor/laravel/framework/src/Illuminate/Foundation/Http/Kernel.php(200): Illuminate/Routing/Router->dispatch()
#30 C:/Users/Monami Sadhu/Music/🏫 Campus Lost & Found Portal – Authentication, CRUD, Search/vendor/laravel/framework/src/Illuminate/Pipeline/Pipeline.php(180): Illuminate/Foundation/Http/Kernel->{closure:Illuminate/Foundation/Http/Kernel::dispatchToRouter():197}()
#31 C:/Users/Monami Sadhu/Music/🏫 Campus Lost & Found Portal – Authentication, CRUD, Search/vendor/laravel/framework/src/Illuminate/Foundation/Http/Middleware/TransformsRequest.php(21): Illuminate/Pipeline/Pipeline->{closure:Illuminate/Pipeline/Pipeline::prepareDestination():178}()
#32 C:/Users/Monami Sadhu/Music/🏫 Campus Lost & Found Portal – Authentication, CRUD, Search/vendor/laravel/framework/src/Illuminate/Foundation/Http/Middleware/ConvertEmptyStringsToNull.php(31): Illuminate/Foundation/Http/Middleware/TransformsRequest->handle()
#33 C:/Users/Monami Sadhu/Music/🏫 Campus Lost & Found Portal – Authentication, CRUD, Search/vendor/laravel/framework/src/Illuminate/Pipeline/Pipeline.php(219): Illuminate/Foundation/Http/Middleware/ConvertEmptyStringsToNull->handle()
#34 C:/Users/Monami Sadhu/Music/🏫 Campus Lost & Found Portal – Authentication, CRUD, Search/vendor/laravel/framework/src/Illuminate/Foundation/Http/Middleware/TransformsRequest.php(21): Illuminate/Pipeline/Pipeline->{closure:{closure:Illuminate/Pipeline/Pipeline::carry():194}:195}()
#35 C:/Users/Monami Sadhu/Music/🏫 Campus Lost & Found Portal – Authentication, CRUD, Search/vendor/laravel/framework/src/Illuminate/Foundation/Http/Middleware/TrimStrings.php(51): Illuminate/Foundation/Http/Middleware/TransformsRequest->handle()
#36 C:/Users/Monami Sadhu/Music/🏫 Campus Lost & Found Portal – Authentication, CRUD, Search/vendor/laravel/framework/src/Illuminate/Pipeline/Pipeline.php(219): Illuminate/Foundation/Http/Middleware/TrimStrings->handle()
#37 C:/Users/Monami Sadhu/Music/🏫 Campus Lost & Found Portal – Authentication, CRUD, Search/vendor/laravel/framework/src/Illuminate/Http/Middleware/ValidatePostSize.php(27): Illuminate/Pipeline/Pipeline->{closure:{closure:Illuminate/Pipeline/Pipeline::carry():194}:195}()
#38 C:/Users/Monami Sadhu/Music/🏫 Campus Lost & Found Portal – Authentication, CRUD, Search/vendor/laravel/framework/src/Illuminate/Pipeline/Pipeline.php(219): Illuminate/Http/Middleware/ValidatePostSize->handle()
#39 C:/Users/Monami Sadhu/Music/🏫 Campus Lost & Found Portal – Authentication, CRUD, Search/vendor/laravel/framework/src/Illuminate/Foundation/Http/Middleware/PreventRequestsDuringMaintenance.php(109): Illuminate/Pipeline/Pipeline->{closure:{closure:Illuminate/Pipeline/Pipeline::carry():194}:195}()
#40 C:/Users/Monami Sadhu/Music/🏫 Campus Lost & Found Portal – Authentication, CRUD, Search/vendor/laravel/framework/src/Illuminate/Pipeline/Pipeline.php(219): Illuminate/Foundation/Http/Middleware/PreventRequestsDuringMaintenance->handle()
#41 C:/Users/Monami Sadhu/Music/🏫 Campus Lost & Found Portal – Authentication, CRUD, Search/vendor/laravel/framework/src/Illuminate/Http/Middleware/HandleCors.php(61): Illuminate/Pipeline/Pipeline->{closure:{closure:Illuminate/Pipeline/Pipeline::carry():194}:195}()
#42 C:/Users/Monami Sadhu/Music/🏫 Campus Lost & Found Portal – Authentication, CRUD, Search/vendor/laravel/framework/src/Illuminate/Pipeline/Pipeline.php(219): Illuminate/Http/Middleware/HandleCors->handle()
#43 C:/Users/Monami Sadhu/Music/🏫 Campus Lost & Found Portal – Authentication, CRUD, Search/vendor/laravel/framework/src/Illuminate/Http/Middleware/TrustProxies.php(58): Illuminate/Pipeline/Pipeline->{closure:{closure:Illuminate/Pipeline/Pipeline::carry():194}:195}()
#44 C:/Users/Monami Sadhu/Music/🏫 Campus Lost & Found Portal – Authentication, CRUD, Search/vendor/laravel/framework/src/Illuminate/Pipeline/Pipeline.php(219): Illuminate/Http/Middleware/TrustProxies->handle()
#45 C:/Users/Monami Sadhu/Music/🏫 Campus Lost & Found Portal – Authentication, CRUD, Search/vendor/laravel/framework/src/Illuminate/Foundation/Http/Middleware/InvokeDeferredCallbacks.php(22): Illuminate/Pipeline/Pipeline->{closure:{closure:Illuminate/Pipeline/Pipeline::carry():194}:195}()
#46 C:/Users/Monami Sadhu/Music/🏫 Campus Lost & Found Portal – Authentication, CRUD, Search/vendor/laravel/framework/src/Illuminate/Pipeline/Pipeline.php(219): Illuminate/Foundation/Http/Middleware/InvokeDeferredCallbacks->handle()
#47 C:/Users/Monami Sadhu/Music/🏫 Campus Lost & Found Portal – Authentication, CRUD, Search/vendor/laravel/framework/src/Illuminate/Http/Middleware/ValidatePathEncoding.php(26): Illuminate/Pipeline/Pipeline->{closure:{closure:Illuminate/Pipeline/Pipeline::carry():194}:195}()
#48 C:/Users/Monami Sadhu/Music/🏫 Campus Lost & Found Portal – Authentication, CRUD, Search/vendor/laravel/framework/src/Illuminate/Pipeline/Pipeline.php(219): Illuminate/Http/Middleware/ValidatePathEncoding->handle()
#49 C:/Users/Monami Sadhu/Music/🏫 Campus Lost & Found Portal – Authentication, CRUD, Search/vendor/laravel/framework/src/Illuminate/Pipeline/Pipeline.php(137): Illuminate/Pipeline/Pipeline->{closure:{closure:Illuminate/Pipeline/Pipeline::carry():194}:195}()
#50 C:/Users/Monami Sadhu/Music/🏫 Campus Lost & Found Portal – Authentication, CRUD, Search/vendor/laravel/framework/src/Illuminate/Foundation/Http/Kernel.php(175): Illuminate/Pipeline/Pipeline->then()
#51 C:/Users/Monami Sadhu/Music/🏫 Campus Lost & Found Portal – Authentication, CRUD, Search/vendor/laravel/framework/src/Illuminate/Foundation/Http/Kernel.php(144): Illuminate/Foundation/Http/Kernel->sendRequestThroughRouter()
#52 C:/Users/Monami Sadhu/Music/🏫 Campus Lost & Found Portal – Authentication, CRUD, Search/vendor/laravel/framework/src/Illuminate/Foundation/Testing/Concerns/MakesHttpRequests.php(607): Illuminate/Foundation/Http/Kernel->handle()
#53 C:/Users/Monami Sadhu/Music/🏫 Campus Lost & Found Portal – Authentication, CRUD, Search/vendor/laravel/framework/src/Illuminate/Foundation/Testing/Concerns/MakesHttpRequests.php(368): Illuminate/Foundation/Testing/TestCase->call()
#54 C:/Users/Monami Sadhu/Music/🏫 Campus Lost & Found Portal – Authentication, CRUD, Search/tests/Feature/HomePageTest.php(11): Illuminate/Foundation/Testing/TestCase->get()
#55 C:/Users/Monami Sadhu/Music/🏫 Campus Lost & Found Portal – Authentication, CRUD, Search/vendor/phpunit/phpunit/src/Framework/TestCase.php(1667): Tests/Feature/HomePageTest->test_home_page_is_accessible()
#56 C:/Users/Monami Sadhu/Music/🏫 Campus Lost & Found Portal – Authentication, CRUD, Search/vendor/phpunit/phpunit/src/Framework/TestCase.php(519): PHPUnit/Framework/TestCase->runTest()
#57 C:/Users/Monami Sadhu/Music/🏫 Campus Lost & Found Portal – Authentication, CRUD, Search/vendor/phpunit/phpunit/src/Framework/TestRunner/TestRunner.php(87): PHPUnit/Framework/TestCase->runBare()
#58 C:/Users/Monami Sadhu/Music/🏫 Campus Lost & Found Portal – Authentication, CRUD, Search/vendor/phpunit/phpunit/src/Framework/TestCase.php(365): PHPUnit/Framework/TestRunner->run()
#59 C:/Users/Monami Sadhu/Music/🏫 Campus Lost & Found Portal – Authentication, CRUD, Search/vendor/phpunit/phpunit/src/Framework/TestSuite.php(369): PHPUnit/Framework/TestCase->run()
#60 C:/Users/Monami Sadhu/Music/🏫 Campus Lost & Found Portal – Authentication, CRUD, Search/vendor/phpunit/phpunit/src/Framework/TestSuite.php(369): PHPUnit/Framework/TestSuite->run()
#61 C:/Users/Monami Sadhu/Music/🏫 Campus Lost & Found Portal – Authentication, CRUD, Search/vendor/phpunit/phpunit/src/Framework/TestSuite.php(369): PHPUnit/Framework/TestSuite->run()
#62 C:/Users/Monami Sadhu/Music/🏫 Campus Lost & Found Portal – Authentication, CRUD, Search/vendor/phpunit/phpunit/src/TextUI/TestRunner.php(64): PHPUnit/Framework/TestSuite->run()
#63 C:/Users/Monami Sadhu/Music/🏫 Campus Lost & Found Portal – Authentication, CRUD, Search/vendor/phpunit/phpunit/src/TextUI/Application.php(211): PHPUnit/TextUI/TestRunner->run()
#64 C:/Users/Monami Sadhu/Music/🏫 Campus Lost & Found Portal – Authentication, CRUD, Search/vendor/phpunit/phpunit/phpunit(104): PHPUnit/TextUI/Application->run()
#65 {main}

[previous exception] [object] (Illuminate\\View\\ViewException(code: 0): Class \"Request\" not found (View: C:\\Users\\Monami Sadhu\\Music\\🏫 Campus Lost & Found Portal – Authentication, CRUD, Search\\resources\\views\\layouts\\app.blade.php) at C:/Users/Monami Sadhu/Music/🏫 Campus Lost & Found Portal – Authentication, CRUD, Search/storage/framework/views/7663ecabfccde130339e2852f5a718ea.php:97)
[stacktrace]
#0 C:/Users/Monami Sadhu/Music/🏫 Campus Lost & Found Portal – Authentication, CRUD, Search/vendor/laravel/framework/src/Illuminate/View/Engines/PhpEngine.php(59): Illuminate/View/Engines/CompilerEngine->handleViewException()
#1 C:/Users/Monami Sadhu/Music/🏫 Campus Lost & Found Portal – Authentication, CRUD, Search/vendor/laravel/framework/src/Illuminate/View/Engines/CompilerEngine.php(76): Illuminate/View/Engines/PhpEngine->evaluatePath()
#2 C:/Users/Monami Sadhu/Music/🏫 Campus Lost & Found Portal – Authentication, CRUD, Search/vendor/laravel/framework/src/Illuminate/View/View.php(208): Illuminate/View/Engines/CompilerEngine->get()
#3 C:/Users/Monami Sadhu/Music/🏫 Campus Lost & Found Portal – Authentication, CRUD, Search/vendor/laravel/framework/src/Illuminate/View/View.php(191): Illuminate/View/View->getContents()
#4 C:/Users/Monami Sadhu/Music/🏫 Campus Lost & Found Portal – Authentication, CRUD, Search/vendor/laravel/framework/src/Illuminate/View/View.php(160): Illuminate/View/View->renderContents()
#5 C:/Users/Monami Sadhu/Music/🏫 Campus Lost & Found Portal – Authentication, CRUD, Search/storage/framework/views/59a65b3265790f3e2a8a69f11286cb1d.php(202): Illuminate/View/View->render()
#6 C:/Users/Monami Sadhu/Music/🏫 Campus Lost & Found Portal – Authentication, CRUD, Search/vendor/laravel/framework/src/Illuminate/Filesystem/Filesystem.php(123): require('...')
#7 C:/Users/Monami Sadhu/Music/🏫 Campus Lost & Found Portal – Authentication, CRUD, Search/vendor/laravel/framework/src/Illuminate/Filesystem/Filesystem.php(124): Illuminate/Filesystem/Filesystem::{closure:Illuminate/Filesystem/Filesystem::getRequire():120}()
#8 C:/Users/Monami Sadhu/Music/🏫 Campus Lost & Found Portal – Authentication, CRUD, Search/vendor/laravel/framework/src/Illuminate/View/Engines/PhpEngine.php(57): Illuminate/Filesystem/Filesystem->getRequire()
#9 C:/Users/Monami Sadhu/Music/🏫 Campus Lost & Found Portal – Authentication, CRUD, Search/vendor/laravel/framework/src/Illuminate/View/Engines/CompilerEngine.php(76): Illuminate/View/Engines/PhpEngine->evaluatePath()
#10 C:/Users/Monami Sadhu/Music/🏫 Campus Lost & Found Portal – Authentication, CRUD, Search/vendor/laravel/framework/src/Illuminate/View/View.php(208): Illuminate/View/Engines/CompilerEngine->get()
#11 C:/Users/Monami Sadhu/Music/🏫 Campus Lost & Found Portal – Authentication, CRUD, Search/vendor/laravel/framework/src/Illuminate/View/View.php(191): Illuminate/View/View->getContents()
#12 C:/Users/Monami Sadhu/Music/🏫 Campus Lost & Found Portal – Authentication, CRUD, Search/vendor/laravel/framework/src/Illuminate/View/View.php(160): Illuminate/View/View->renderContents()
#13 C:/Users/Monami Sadhu/Music/🏫 Campus Lost & Found Portal – Authentication, CRUD, Search/vendor/laravel/framework/src/Illuminate/Http/Response.php(78): Illuminate/View/View->render()
#14 C:/Users/Monami Sadhu/Music/🏫 Campus Lost & Found Portal – Authentication, CRUD, Search/vendor/laravel/framework/src/Illuminate/Http/Response.php(34): Illuminate/Http/Response->setContent()
#15 C:/Users/Monami Sadhu/Music/🏫 Campus Lost & Found Portal – Authentication, CRUD, Search/vendor/laravel/framework/src/Illuminate/Routing/Router.php(939): Illuminate/Http/Response->__construct()
#16 C:/Users/Monami Sadhu/Music/🏫 Campus Lost & Found Portal – Authentication, CRUD, Search/vendor/laravel/framework/src/Illuminate/Routing/Router.php(906): Illuminate/Routing/Router::toResponse()
#17 C:/Users/Monami Sadhu/Music/🏫 Campus Lost & Found Portal – Authentication, CRUD, Search/vendor/laravel/framework/src/Illuminate/Routing/Router.php(821): Illuminate/Routing/Router->prepareResponse()
#18 C:/Users/Monami Sadhu/Music/🏫 Campus Lost & Found Portal – Authentication, CRUD, Search/vendor/laravel/framework/src/Illuminate/Pipeline/Pipeline.php(180): Illuminate/Routing/Router->{closure:Illuminate/Routing/Router::runRouteWithinStack():821}()
#19 C:/Users/Monami Sadhu/Music/🏫 Campus Lost & Found Portal – Authentication, CRUD, Search/vendor/laravel/framework/src/Illuminate/Routing/Middleware/SubstituteBindings.php(50): Illuminate/Pipeline/Pipeline->{closure:Illuminate/Pipeline/Pipeline::prepareDestination():178}()
#20 C:/Users/Monami Sadhu/Music/🏫 Campus Lost & Found Portal – Authentication, CRUD, Search/vendor/laravel/framework/src/Illuminate/Pipeline/Pipeline.php(219): Illuminate/Routing/Middleware/SubstituteBindings->handle()
#21 C:/Users/Monami Sadhu/Music/🏫 Campus Lost & Found Portal – Authentication, CRUD, Search/vendor/laravel/framework/src/Illuminate/Foundation/Http/Middleware/VerifyCsrfToken.php(87): Illuminate/Pipeline/Pipeline->{closure:{closure:Illuminate/Pipeline/Pipeline::carry():194}:195}()
#22 C:/Users/Monami Sadhu/Music/🏫 Campus Lost & Found Portal – Authentication, CRUD, Search/vendor/laravel/framework/src/Illuminate/Pipeline/Pipeline.php(219): Illuminate/Foundation/Http/Middleware/VerifyCsrfToken->handle()
#23 C:/Users/Monami Sadhu/Music/🏫 Campus Lost & Found Portal – Authentication, CRUD, Search/vendor/laravel/framework/src/Illuminate/View/Middleware/ShareErrorsFromSession.php(48): Illuminate/Pipeline/Pipeline->{closure:{closure:Illuminate/Pipeline/Pipeline::carry():194}:195}()
#24 C:/Users/Monami Sadhu/Music/🏫 Campus Lost & Found Portal – Authentication, CRUD, Search/vendor/laravel/framework/src/Illuminate/Pipeline/Pipeline.php(219): Illuminate/View/Middleware/ShareErrorsFromSession->handle()
#25 C:/Users/Monami Sadhu/Music/🏫 Campus Lost & Found Portal – Authentication, CRUD, Search/vendor/laravel/framework/src/Illuminate/Session/Middleware/StartSession.php(120): Illuminate/Pipeline/Pipeline->{closure:{closure:Illuminate/Pipeline/Pipeline::carry():194}:195}()
#26 C:/Users/Monami Sadhu/Music/🏫 Campus Lost & Found Portal – Authentication, CRUD, Search/vendor/laravel/framework/src/Illuminate/Session/Middleware/StartSession.php(63): Illuminate/Session/Middleware/StartSession->handleStatefulRequest()
#27 C:/Users/Monami Sadhu/Music/🏫 Campus Lost & Found Portal – Authentication, CRUD, Search/vendor/laravel/framework/src/Illuminate/Pipeline/Pipeline.php(219): Illuminate/Session/Middleware/StartSession->handle()
#28 C:/Users/Monami Sadhu/Music/🏫 Campus Lost & Found Portal – Authentication, CRUD, Search/vendor/laravel/framework/src/Illuminate/Cookie/Middleware/AddQueuedCookiesToResponse.php(36): Illuminate/Pipeline/Pipeline->{closure:{closure:Illuminate/Pipeline/Pipeline::carry():194}:195}()
#29 C:/Users/Monami Sadhu/Music/🏫 Campus Lost & Found Portal – Authentication, CRUD, Search/vendor/laravel/framework/src/Illuminate/Pipeline/Pipeline.php(219): Illuminate/Cookie/Middleware/AddQueuedCookiesToResponse->handle()
#30 C:/Users/Monami Sadhu/Music/🏫 Campus Lost & Found Portal – Authentication, CRUD, Search/vendor/laravel/framework/src/Illuminate/Cookie/Middleware/EncryptCookies.php(74): Illuminate/Pipeline/Pipeline->{closure:{closure:Illuminate/Pipeline/Pipeline::carry():194}:195}()
#31 C:/Users/Monami Sadhu/Music/🏫 Campus Lost & Found Portal – Authentication, CRUD, Search/vendor/laravel/framework/src/Illuminate/Pipeline/Pipeline.php(219): Illuminate/Cookie/Middleware/EncryptCookies->handle()
#32 C:/Users/Monami Sadhu/Music/🏫 Campus Lost & Found Portal – Authentication, CRUD, Search/vendor/laravel/framework/src/Illuminate/Pipeline/Pipeline.php(137): Illuminate/Pipeline/Pipeline->{closure:{closure:Illuminate/Pipeline/Pipeline::carry():194}:195}()
#33 C:/Users/Monami Sadhu/Music/🏫 Campus Lost & Found Portal – Authentication, CRUD, Search/vendor/laravel/framework/src/Illuminate/Routing/Router.php(821): Illuminate/Pipeline/Pipeline->then()
#34 C:/Users/Monami Sadhu/Music/🏫 Campus Lost & Found Portal – Authentication, CRUD, Search/vendor/laravel/framework/src/Illuminate/Routing/Router.php(800): Illuminate/Routing/Router->runRouteWithinStack()
#35 C:/Users/Monami Sadhu/Music/🏫 Campus Lost & Found Portal – Authentication, CRUD, Search/vendor/laravel/framework/src/Illuminate/Routing/Router.php(764): Illuminate/Routing/Router->runRoute()
#36 C:/Users/Monami Sadhu/Music/🏫 Campus Lost & Found Portal – Authentication, CRUD, Search/vendor/laravel/framework/src/Illuminate/Routing/Router.php(753): Illuminate/Routing/Router->dispatchToRoute()
#37 C:/Users/Monami Sadhu/Music/🏫 Campus Lost & Found Portal – Authentication, CRUD, Search/vendor/laravel/framework/src/Illuminate/Foundation/Http/Kernel.php(200): Illuminate/Routing/Router->dispatch()
#38 C:/Users/Monami Sadhu/Music/🏫 Campus Lost & Found Portal – Authentication, CRUD, Search/vendor/laravel/framework/src/Illuminate/Pipeline/Pipeline.php(180): Illuminate/Foundation/Http/Kernel->{closure:Illuminate/Foundation/Http/Kernel::dispatchToRouter():197}()
#39 C:/Users/Monami Sadhu/Music/🏫 Campus Lost & Found Portal – Authentication, CRUD, Search/vendor/laravel/framework/src/Illuminate/Foundation/Http/Middleware/TransformsRequest.php(21): Illuminate/Pipeline/Pipeline->{closure:Illuminate/Pipeline/Pipeline::prepareDestination():178}()
#40 C:/Users/Monami Sadhu/Music/🏫 Campus Lost & Found Portal – Authentication, CRUD, Search/vendor/laravel/framework/src/Illuminate/Foundation/Http/Middleware/ConvertEmptyStringsToNull.php(31): Illuminate/Foundation/Http/Middleware/TransformsRequest->handle()
#41 C:/Users/Monami Sadhu/Music/🏫 Campus Lost & Found Portal – Authentication, CRUD, Search/vendor/laravel/framework/src/Illuminate/Pipeline/Pipeline.php(219): Illuminate/Foundation/Http/Middleware/ConvertEmptyStringsToNull->handle()
#42 C:/Users/Monami Sadhu/Music/🏫 Campus Lost & Found Portal – Authentication, CRUD, Search/vendor/laravel/framework/src/Illuminate/Foundation/Http/Middleware/TransformsRequest.php(21): Illuminate/Pipeline/Pipeline->{closure:{closure:Illuminate/Pipeline/Pipeline::carry():194}:195}()
#43 C:/Users/Monami Sadhu/Music/🏫 Campus Lost & Found Portal – Authentication, CRUD, Search/vendor/laravel/framework/src/Illuminate/Foundation/Http/Middleware/TrimStrings.php(51): Illuminate/Foundation/Http/Middleware/TransformsRequest->handle()
#44 C:/Users/Monami Sadhu/Music/🏫 Campus Lost & Found Portal – Authentication, CRUD, Search/vendor/laravel/framework/src/Illuminate/Pipeline/Pipeline.php(219): Illuminate/Foundation/Http/Middleware/TrimStrings->handle()
#45 C:/Users/Monami Sadhu/Music/🏫 Campus Lost & Found Portal – Authentication, CRUD, Search/vendor/laravel/framework/src/Illuminate/Http/Middleware/ValidatePostSize.php(27): Illuminate/Pipeline/Pipeline->{closure:{closure:Illuminate/Pipeline/Pipeline::carry():194}:195}()
#46 C:/Users/Monami Sadhu/Music/🏫 Campus Lost & Found Portal – Authentication, CRUD, Search/vendor/laravel/framework/src/Illuminate/Pipeline/Pipeline.php(219): Illuminate/Http/Middleware/ValidatePostSize->handle()
#47 C:/Users/Monami Sadhu/Music/🏫 Campus Lost & Found Portal – Authentication, CRUD, Search/vendor/laravel/framework/src/Illuminate/Foundation/Http/Middleware/PreventRequestsDuringMaintenance.php(109): Illuminate/Pipeline/Pipeline->{closure:{closure:Illuminate/Pipeline/Pipeline::carry():194}:195}()
#48 C:/Users/Monami Sadhu/Music/🏫 Campus Lost & Found Portal – Authentication, CRUD, Search/vendor/laravel/framework/src/Illuminate/Pipeline/Pipeline.php(219): Illuminate/Foundation/Http/Middleware/PreventRequestsDuringMaintenance->handle()
#49 C:/Users/Monami Sadhu/Music/🏫 Campus Lost & Found Portal – Authentication, CRUD, Search/vendor/laravel/framework/src/Illuminate/Http/Middleware/HandleCors.php(61): Illuminate/Pipeline/Pipeline->{closure:{closure:Illuminate/Pipeline/Pipeline::carry():194}:195}()
#50 C:/Users/Monami Sadhu/Music/🏫 Campus Lost & Found Portal – Authentication, CRUD, Search/vendor/laravel/framework/src/Illuminate/Pipeline/Pipeline.php(219): Illuminate/Http/Middleware/HandleCors->handle()
#51 C:/Users/Monami Sadhu/Music/🏫 Campus Lost & Found Portal – Authentication, CRUD, Search/vendor/laravel/framework/src/Illuminate/Http/Middleware/TrustProxies.php(58): Illuminate/Pipeline/Pipeline->{closure:{closure:Illuminate/Pipeline/Pipeline::carry():194}:195}()
#52 C:/Users/Monami Sadhu/Music/🏫 Campus Lost & Found Portal – Authentication, CRUD, Search/vendor/laravel/framework/src/Illuminate/Pipeline/Pipeline.php(219): Illuminate/Http/Middleware/TrustProxies->handle()
#53 C:/Users/Monami Sadhu/Music/🏫 Campus Lost & Found Portal – Authentication, CRUD, Search/vendor/laravel/framework/src/Illuminate/Foundation/Http/Middleware/InvokeDeferredCallbacks.php(22): Illuminate/Pipeline/Pipeline->{closure:{closure:Illuminate/Pipeline/Pipeline::carry():194}:195}()
#54 C:/Users/Monami Sadhu/Music/🏫 Campus Lost & Found Portal – Authentication, CRUD, Search/vendor/laravel/framework/src/Illuminate/Pipeline/Pipeline.php(219): Illuminate/Foundation/Http/Middleware/InvokeDeferredCallbacks->handle()
#55 C:/Users/Monami Sadhu/Music/🏫 Campus Lost & Found Portal – Authentication, CRUD, Search/vendor/laravel/framework/src/Illuminate/Http/Middleware/ValidatePathEncoding.php(26): Illuminate/Pipeline/Pipeline->{closure:{closure:Illuminate/Pipeline/Pipeline::carry():194}:195}()
#56 C:/Users/Monami Sadhu/Music/🏫 Campus Lost & Found Portal – Authentication, CRUD, Search/vendor/laravel/framework/src/Illuminate/Pipeline/Pipeline.php(219): Illuminate/Http/Middleware/ValidatePathEncoding->handle()
#57 C:/Users/Monami Sadhu/Music/🏫 Campus Lost & Found Portal – Authentication, CRUD, Search/vendor/laravel/framework/src/Illuminate/Pipeline/Pipeline.php(137): Illuminate/Pipeline/Pipeline->{closure:{closure:Illuminate/Pipeline/Pipeline::carry():194}:195}()
#58 C:/Users/Monami Sadhu/Music/🏫 Campus Lost & Found Portal – Authentication, CRUD, Search/vendor/laravel/framework/src/Illuminate/Foundation/Http/Kernel.php(175): Illuminate/Pipeline/Pipeline->then()
#59 C:/Users/Monami Sadhu/Music/🏫 Campus Lost & Found Portal – Authentication, CRUD, Search/vendor/laravel/framework/src/Illuminate/Foundation/Http/Kernel.php(144): Illuminate/Foundation/Http/Kernel->sendRequestThroughRouter()
#60 C:/Users/Monami Sadhu/Music/🏫 Campus Lost & Found Portal – Authentication, CRUD, Search/vendor/laravel/framework/src/Illuminate/Foundation/Testing/Concerns/MakesHttpRequests.php(607): Illuminate/Foundation/Http/Kernel->handle()
#61 C:/Users/Monami Sadhu/Music/🏫 Campus Lost & Found Portal – Authentication, CRUD, Search/vendor/laravel/framework/src/Illuminate/Foundation/Testing/Concerns/MakesHttpRequests.php(368): Illuminate/Foundation/Testing/TestCase->call()
#62 C:/Users/Monami Sadhu/Music/🏫 Campus Lost & Found Portal – Authentication, CRUD, Search/tests/Feature/HomePageTest.php(11): Illuminate/Foundation/Testing/TestCase->get()
#63 C:/Users/Monami Sadhu/Music/🏫 Campus Lost & Found Portal – Authentication, CRUD, Search/vendor/phpunit/phpunit/src/Framework/TestCase.php(1667): Tests/Feature/HomePageTest->test_home_page_is_accessible()
#64 C:/Users/Monami Sadhu/Music/🏫 Campus Lost & Found Portal – Authentication, CRUD, Search/vendor/phpunit/phpunit/src/Framework/TestCase.php(519): PHPUnit/Framework/TestCase->runTest()
#65 C:/Users/Monami Sadhu/Music/🏫 Campus Lost & Found Portal – Authentication, CRUD, Search/vendor/phpunit/phpunit/src/Framework/TestRunner/TestRunner.php(87): PHPUnit/Framework/TestCase->runBare()
#66 C:/Users/Monami Sadhu/Music/🏫 Campus Lost & Found Portal – Authentication, CRUD, Search/vendor/phpunit/phpunit/src/Framework/TestCase.php(365): PHPUnit/Framework/TestRunner->run()
#67 C:/Users/Monami Sadhu/Music/🏫 Campus Lost & Found Portal – Authentication, CRUD, Search/vendor/phpunit/phpunit/src/Framework/TestSuite.php(369): PHPUnit/Framework/TestCase->run()
#68 C:/Users/Monami Sadhu/Music/🏫 Campus Lost & Found Portal – Authentication, CRUD, Search/vendor/phpunit/phpunit/src/Framework/TestSuite.php(369): PHPUnit/Framework/TestSuite->run()
#69 C:/Users/Monami Sadhu/Music/🏫 Campus Lost & Found Portal – Authentication, CRUD, Search/vendor/phpunit/phpunit/src/Framework/TestSuite.php(369): PHPUnit/Framework/TestSuite->run()
#70 C:/Users/Monami Sadhu/Music/🏫 Campus Lost & Found Portal – Authentication, CRUD, Search/vendor/phpunit/phpunit/src/TextUI/TestRunner.php(64): PHPUnit/Framework/TestSuite->run()
#71 C:/Users/Monami Sadhu/Music/🏫 Campus Lost & Found Portal – Authentication, CRUD, Search/vendor/phpunit/phpunit/src/TextUI/Application.php(211): PHPUnit/TextUI/TestRunner->run()
#72 C:/Users/Monami Sadhu/Music/🏫 Campus Lost & Found Portal – Authentication, CRUD, Search/vendor/phpunit/phpunit/phpunit(104): PHPUnit/TextUI/Application->run()
#73 {main}

[previous exception] [object] (Error(code: 0): Class \"Request\" not found at C:/Users/Monami Sadhu/Music/🏫 Campus Lost & Found Portal – Authentication, CRUD, Search/storage/framework/views/7663ecabfccde130339e2852f5a718ea.php:97)
[stacktrace]
#0 C:/Users/Monami Sadhu/Music/🏫 Campus Lost & Found Portal – Authentication, CRUD, Search/vendor/laravel/framework/src/Illuminate/Filesystem/Filesystem.php(123): require()
#1 C:/Users/Monami Sadhu/Music/🏫 Campus Lost & Found Portal – Authentication, CRUD, Search/vendor/laravel/framework/src/Illuminate/Filesystem/Filesystem.php(124): Illuminate/Filesystem/Filesystem::{closure:Illuminate/Filesystem/Filesystem::getRequire():120}()
#2 C:/Users/Monami Sadhu/Music/🏫 Campus Lost & Found Portal – Authentication, CRUD, Search/vendor/laravel/framework/src/Illuminate/View/Engines/PhpEngine.php(57): Illuminate/Filesystem/Filesystem->getRequire()
#3 C:/Users/Monami Sadhu/Music/🏫 Campus Lost & Found Portal – Authentication, CRUD, Search/vendor/laravel/framework/src/Illuminate/View/Engines/CompilerEngine.php(76): Illuminate/View/Engines/PhpEngine->evaluatePath()
#4 C:/Users/Monami Sadhu/Music/🏫 Campus Lost & Found Portal – Authentication, CRUD, Search/vendor/laravel/framework/src/Illuminate/View/View.php(208): Illuminate/View/Engines/CompilerEngine->get()
#5 C:/Users/Monami Sadhu/Music/🏫 Campus Lost & Found Portal – Authentication, CRUD, Search/vendor/laravel/framework/src/Illuminate/View/View.php(191): Illuminate/View/View->getContents()
#6 C:/Users/Monami Sadhu/Music/🏫 Campus Lost & Found Portal – Authentication, CRUD, Search/vendor/laravel/framework/src/Illuminate/View/View.php(160): Illuminate/View/View->renderContents()
#7 C:/Users/Monami Sadhu/Music/🏫 Campus Lost & Found Portal – Authentication, CRUD, Search/storage/framework/views/59a65b3265790f3e2a8a69f11286cb1d.php(202): Illuminate/View/View->render()
#8 C:/Users/Monami Sadhu/Music/🏫 Campus Lost & Found Portal – Authentication, CRUD, Search/vendor/laravel/framework/src/Illuminate/Filesystem/Filesystem.php(123): require('...')
#9 C:/Users/Monami Sadhu/Music/🏫 Campus Lost & Found Portal – Authentication, CRUD, Search/vendor/laravel/framework/src/Illuminate/Filesystem/Filesystem.php(124): Illuminate/Filesystem/Filesystem::{closure:Illuminate/Filesystem/Filesystem::getRequire():120}()
#10 C:/Users/Monami Sadhu/Music/🏫 Campus Lost & Found Portal – Authentication, CRUD, Search/vendor/laravel/framework/src/Illuminate/View/Engines/PhpEngine.php(57): Illuminate/Filesystem/Filesystem->getRequire()
#11 C:/Users/Monami Sadhu/Music/🏫 Campus Lost & Found Portal – Authentication, CRUD, Search/vendor/laravel/framework/src/Illuminate/View/Engines/CompilerEngine.php(76): Illuminate/View/Engines/PhpEngine->evaluatePath()
#12 C:/Users/Monami Sadhu/Music/🏫 Campus Lost & Found Portal – Authentication, CRUD, Search/vendor/laravel/framework/src/Illuminate/View/View.php(208): Illuminate/View/Engines/CompilerEngine->get()
#13 C:/Users/Monami Sadhu/Music/🏫 Campus Lost & Found Portal – Authentication, CRUD, Search/vendor/laravel/framework/src/Illuminate/View/View.php(191): Illuminate/View/View->getContents()
#14 C:/Users/Monami Sadhu/Music/🏫 Campus Lost & Found Portal – Authentication, CRUD, Search/vendor/laravel/framework/src/Illuminate/View/View.php(160): Illuminate/View/View->renderContents()
#15 C:/Users/Monami Sadhu/Music/🏫 Campus Lost & Found Portal – Authentication, CRUD, Search/vendor/laravel/framework/src/Illuminate/Http/Response.php(78): Illuminate/View/View->render()
#16 C:/Users/Monami Sadhu/Music/🏫 Campus Lost & Found Portal – Authentication, CRUD, Search/vendor/laravel/framework/src/Illuminate/Http/Response.php(34): Illuminate/Http/Response->setContent()
#17 C:/Users/Monami Sadhu/Music/🏫 Campus Lost & Found Portal – Authentication, CRUD, Search/vendor/laravel/framework/src/Illuminate/Routing/Router.php(939): Illuminate/Http/Response->__construct()
#18 C:/Users/Monami Sadhu/Music/🏫 Campus Lost & Found Portal – Authentication, CRUD, Search/vendor/laravel/framework/src/Illuminate/Routing/Router.php(906): Illuminate/Routing/Router::toResponse()
#19 C:/Users/Monami Sadhu/Music/🏫 Campus Lost & Found Portal – Authentication, CRUD, Search/vendor/laravel/framework/src/Illuminate/Routing/Router.php(821): Illuminate/Routing/Router->prepareResponse()
#20 C:/Users/Monami Sadhu/Music/🏫 Campus Lost & Found Portal – Authentication, CRUD, Search/vendor/laravel/framework/src/Illuminate/Pipeline/Pipeline.php(180): Illuminate/Routing/Router->{closure:Illuminate/Routing/Router::runRouteWithinStack():821}()
#21 C:/Users/Monami Sadhu/Music/🏫 Campus Lost & Found Portal – Authentication, CRUD, Search/vendor/laravel/framework/src/Illuminate/Routing/Middleware/SubstituteBindings.php(50): Illuminate/Pipeline/Pipeline->{closure:Illuminate/Pipeline/Pipeline::prepareDestination():178}()
#22 C:/Users/Monami Sadhu/Music/🏫 Campus Lost & Found Portal – Authentication, CRUD, Search/vendor/laravel/framework/src/Illuminate/Pipeline/Pipeline.php(219): Illuminate/Routing/Middleware/SubstituteBindings->handle()
#23 C:/Users/Monami Sadhu/Music/🏫 Campus Lost & Found Portal – Authentication, CRUD, Search/vendor/laravel/framework/src/Illuminate/Foundation/Http/Middleware/VerifyCsrfToken.php(87): Illuminate/Pipeline/Pipeline->{closure:{closure:Illuminate/Pipeline/Pipeline::carry():194}:195}()
#24 C:/Users/Monami Sadhu/Music/🏫 Campus Lost & Found Portal – Authentication, CRUD, Search/vendor/laravel/framework/src/Illuminate/Pipeline/Pipeline.php(219): Illuminate/Foundation/Http/Middleware/VerifyCsrfToken->handle()
#25 C:/Users/Monami Sadhu/Music/🏫 Campus Lost & Found Portal – Authentication, CRUD, Search/vendor/laravel/framework/src/Illuminate/View/Middleware/ShareErrorsFromSession.php(48): Illuminate/Pipeline/Pipeline->{closure:{closure:Illuminate/Pipeline/Pipeline::carry():194}:195}()
#26 C:/Users/Monami Sadhu/Music/🏫 Campus Lost & Found Portal – Authentication, CRUD, Search/vendor/laravel/framework/src/Illuminate/Pipeline/Pipeline.php(219): Illuminate/View/Middleware/ShareErrorsFromSession->handle()
#27 C:/Users/Monami Sadhu/Music/🏫 Campus Lost & Found Portal – Authentication, CRUD, Search/vendor/laravel/framework/src/Illuminate/Session/Middleware/StartSession.php(120): Illuminate/Pipeline/Pipeline->{closure:{closure:Illuminate/Pipeline/Pipeline::carry():194}:195}()
#28 C:/Users/Monami Sadhu/Music/🏫 Campus Lost & Found Portal – Authentication, CRUD, Search/vendor/laravel/framework/src/Illuminate/Session/Middleware/StartSession.php(63): Illuminate/Session/Middleware/StartSession->handleStatefulRequest()
#29 C:/Users/Monami Sadhu/Music/🏫 Campus Lost & Found Portal – Authentication, CRUD, Search/vendor/laravel/framework/src/Illuminate/Pipeline/Pipeline.php(219): Illuminate/Session/Middleware/StartSession->handle()
#30 C:/Users/Monami Sadhu/Music/🏫 Campus Lost & Found Portal – Authentication, CRUD, Search/vendor/laravel/framework/src/Illuminate/Cookie/Middleware/AddQueuedCookiesToResponse.php(36): Illuminate/Pipeline/Pipeline->{closure:{closure:Illuminate/Pipeline/Pipeline::carry():194}:195}()
#31 C:/Users/Monami Sadhu/Music/🏫 Campus Lost & Found Portal – Authentication, CRUD, Search/vendor/laravel/framework/src/Illuminate/Pipeline/Pipeline.php(219): Illuminate/Cookie/Middleware/AddQueuedCookiesToResponse->handle()
#32 C:/Users/Monami Sadhu/Music/🏫 Campus Lost & Found Portal – Authentication, CRUD, Search/vendor/laravel/framework/src/Illuminate/Cookie/Middleware/EncryptCookies.php(74): Illuminate/Pipeline/Pipeline->{closure:{closure:Illuminate/Pipeline/Pipeline::carry():194}:195}()
#33 C:/Users/Monami Sadhu/Music/🏫 Campus Lost & Found Portal – Authentication, CRUD, Search/vendor/laravel/framework/src/Illuminate/Pipeline/Pipeline.php(219): Illuminate/Cookie/Middleware/EncryptCookies->handle()
#34 C:/Users/Monami Sadhu/Music/🏫 Campus Lost & Found Portal – Authentication, CRUD, Search/vendor/laravel/framework/src/Illuminate/Pipeline/Pipeline.php(137): Illuminate/Pipeline/Pipeline->{closure:{closure:Illuminate/Pipeline/Pipeline::carry():194}:195}()
#35 C:/Users/Monami Sadhu/Music/🏫 Campus Lost & Found Portal – Authentication, CRUD, Search/vendor/laravel/framework/src/Illuminate/Routing/Router.php(821): Illuminate/Pipeline/Pipeline->then()
#36 C:/Users/Monami Sadhu/Music/🏫 Campus Lost & Found Portal – Authentication, CRUD, Search/vendor/laravel/framework/src/Illuminate/Routing/Router.php(800): Illuminate/Routing/Router->runRouteWithinStack()
#37 C:/Users/Monami Sadhu/Music/🏫 Campus Lost & Found Portal – Authentication, CRUD, Search/vendor/laravel/framework/src/Illuminate/Routing/Router.php(764): Illuminate/Routing/Router->runRoute()
#38 C:/Users/Monami Sadhu/Music/🏫 Campus Lost & Found Portal – Authentication, CRUD, Search/vendor/laravel/framework/src/Illuminate/Routing/Router.php(753): Illuminate/Routing/Router->dispatchToRoute()
#39 C:/Users/Monami Sadhu/Music/🏫 Campus Lost & Found Portal – Authentication, CRUD, Search/vendor/laravel/framework/src/Illuminate/Foundation/Http/Kernel.php(200): Illuminate/Routing/Router->dispatch()
#40 C:/Users/Monami Sadhu/Music/🏫 Campus Lost & Found Portal – Authentication, CRUD, Search/vendor/laravel/framework/src/Illuminate/Pipeline/Pipeline.php(180): Illuminate/Foundation/Http/Kernel->{closure:Illuminate/Foundation/Http/Kernel::dispatchToRouter():197}()
#41 C:/Users/Monami Sadhu/Music/🏫 Campus Lost & Found Portal – Authentication, CRUD, Search/vendor/laravel/framework/src/Illuminate/Foundation/Http/Middleware/TransformsRequest.php(21): Illuminate/Pipeline/Pipeline->{closure:Illuminate/Pipeline/Pipeline::prepareDestination():178}()
#42 C:/Users/Monami Sadhu/Music/🏫 Campus Lost & Found Portal – Authentication, CRUD, Search/vendor/laravel/framework/src/Illuminate/Foundation/Http/Middleware/ConvertEmptyStringsToNull.php(31): Illuminate/Foundation/Http/Middleware/TransformsRequest->handle()
#43 C:/Users/Monami Sadhu/Music/🏫 Campus Lost & Found Portal – Authentication, CRUD, Search/vendor/laravel/framework/src/Illuminate/Pipeline/Pipeline.php(219): Illuminate/Foundation/Http/Middleware/ConvertEmptyStringsToNull->handle()
#44 C:/Users/Monami Sadhu/Music/🏫 Campus Lost & Found Portal – Authentication, CRUD, Search/vendor/laravel/framework/src/Illuminate/Foundation/Http/Middleware/TransformsRequest.php(21): Illuminate/Pipeline/Pipeline->{closure:{closure:Illuminate/Pipeline/Pipeline::carry():194}:195}()
#45 C:/Users/Monami Sadhu/Music/🏫 Campus Lost & Found Portal – Authentication, CRUD, Search/vendor/laravel/framework/src/Illuminate/Foundation/Http/Middleware/TrimStrings.php(51): Illuminate/Foundation/Http/Middleware/TransformsRequest->handle()
#46 C:/Users/Monami Sadhu/Music/🏫 Campus Lost & Found Portal – Authentication, CRUD, Search/vendor/laravel/framework/src/Illuminate/Pipeline/Pipeline.php(219): Illuminate/Foundation/Http/Middleware/TrimStrings->handle()
#47 C:/Users/Monami Sadhu/Music/🏫 Campus Lost & Found Portal – Authentication, CRUD, Search/vendor/laravel/framework/src/Illuminate/Http/Middleware/ValidatePostSize.php(27): Illuminate/Pipeline/Pipeline->{closure:{closure:Illuminate/Pipeline/Pipeline::carry():194}:195}()
#48 C:/Users/Monami Sadhu/Music/🏫 Campus Lost & Found Portal – Authentication, CRUD, Search/vendor/laravel/framework/src/Illuminate/Pipeline/Pipeline.php(219): Illuminate/Http/Middleware/ValidatePostSize->handle()
#49 C:/Users/Monami Sadhu/Music/🏫 Campus Lost & Found Portal – Authentication, CRUD, Search/vendor/laravel/framework/src/Illuminate/Foundation/Http/Middleware/PreventRequestsDuringMaintenance.php(109): Illuminate/Pipeline/Pipeline->{closure:{closure:Illuminate/Pipeline/Pipeline::carry():194}:195}()
#50 C:/Users/Monami Sadhu/Music/🏫 Campus Lost & Found Portal – Authentication, CRUD, Search/vendor/laravel/framework/src/Illuminate/Pipeline/Pipeline.php(219): Illuminate/Foundation/Http/Middleware/PreventRequestsDuringMaintenance->handle()
#51 C:/Users/Monami Sadhu/Music/🏫 Campus Lost & Found Portal – Authentication, CRUD, Search/vendor/laravel/framework/src/Illuminate/Http/Middleware/HandleCors.php(61): Illuminate/Pipeline/Pipeline->{closure:{closure:Illuminate/Pipeline/Pipeline::carry():194}:195}()
#52 C:/Users/Monami Sadhu/Music/🏫 Campus Lost & Found Portal – Authentication, CRUD, Search/vendor/laravel/framework/src/Illuminate/Pipeline/Pipeline.php(219): Illuminate/Http/Middleware/HandleCors->handle()
#53 C:/Users/Monami Sadhu/Music/🏫 Campus Lost & Found Portal – Authentication, CRUD, Search/vendor/laravel/framework/src/Illuminate/Http/Middleware/TrustProxies.php(58): Illuminate/Pipeline/Pipeline->{closure:{closure:Illuminate/Pipeline/Pipeline::carry():194}:195}()
#54 C:/Users/Monami Sadhu/Music/🏫 Campus Lost & Found Portal – Authentication, CRUD, Search/vendor/laravel/framework/src/Illuminate/Pipeline/Pipeline.php(219): Illuminate/Http/Middleware/TrustProxies->handle()
#55 C:/Users/Monami Sadhu/Music/🏫 Campus Lost & Found Portal – Authentication, CRUD, Search/vendor/laravel/framework/src/Illuminate/Foundation/Http/Middleware/InvokeDeferredCallbacks.php(22): Illuminate/Pipeline/Pipeline->{closure:{closure:Illuminate/Pipeline/Pipeline::carry():194}:195}()
#56 C:/Users/Monami Sadhu/Music/🏫 Campus Lost & Found Portal – Authentication, CRUD, Search/vendor/laravel/framework/src/Illuminate/Pipeline/Pipeline.php(219): Illuminate/Foundation/Http/Middleware/InvokeDeferredCallbacks->handle()
#57 C:/Users/Monami Sadhu/Music/🏫 Campus Lost & Found Portal – Authentication, CRUD, Search/vendor/laravel/framework/src/Illuminate/Http/Middleware/ValidatePathEncoding.php(26): Illuminate/Pipeline/Pipeline->{closure:{closure:Illuminate/Pipeline/Pipeline::carry():194}:195}()
#58 C:/Users/Monami Sadhu/Music/🏫 Campus Lost & Found Portal – Authentication, CRUD, Search/vendor/laravel/framework/src/Illuminate/Pipeline/Pipeline.php(219): Illuminate/Http/Middleware/ValidatePathEncoding->handle()
#59 C:/Users/Monami Sadhu/Music/🏫 Campus Lost & Found Portal – Authentication, CRUD, Search/vendor/laravel/framework/src/Illuminate/Pipeline/Pipeline.php(137): Illuminate/Pipeline/Pipeline->{closure:{closure:Illuminate/Pipeline/Pipeline::carry():194}:195}()
#60 C:/Users/Monami Sadhu/Music/🏫 Campus Lost & Found Portal – Authentication, CRUD, Search/vendor/laravel/framework/src/Illuminate/Foundation/Http/Kernel.php(175): Illuminate/Pipeline/Pipeline->then()
#61 C:/Users/Monami Sadhu/Music/🏫 Campus Lost & Found Portal – Authentication, CRUD, Search/vendor/laravel/framework/src/Illuminate/Foundation/Http/Kernel.php(144): Illuminate/Foundation/Http/Kernel->sendRequestThroughRouter()
#62 C:/Users/Monami Sadhu/Music/🏫 Campus Lost & Found Portal – Authentication, CRUD, Search/vendor/laravel/framework/src/Illuminate/Foundation/Testing/Concerns/MakesHttpRequests.php(607): Illuminate/Foundation/Http/Kernel->handle()
#63 C:/Users/Monami Sadhu/Music/🏫 Campus Lost & Found Portal – Authentication, CRUD, Search/vendor/laravel/framework/src/Illuminate/Foundation/Testing/Concerns/MakesHttpRequests.php(368): Illuminate/Foundation/Testing/TestCase->call()
#64 C:/Users/Monami Sadhu/Music/🏫 Campus Lost & Found Portal – Authentication, CRUD, Search/tests/Feature/HomePageTest.php(11): Illuminate/Foundation/Testing/TestCase->get()
#65 C:/Users/Monami Sadhu/Music/🏫 Campus Lost & Found Portal – Authentication, CRUD, Search/vendor/phpunit/phpunit/src/Framework/TestCase.php(1667): Tests/Feature/HomePageTest->test_home_page_is_accessible()
#66 C:/Users/Monami Sadhu/Music/🏫 Campus Lost & Found Portal – Authentication, CRUD, Search/vendor/phpunit/phpunit/src/Framework/TestCase.php(519): PHPUnit/Framework/TestCase->runTest()
#67 C:/Users/Monami Sadhu/Music/🏫 Campus Lost & Found Portal – Authentication, CRUD, Search/vendor/phpunit/phpunit/src/Framework/TestRunner/TestRunner.php(87): PHPUnit/Framework/TestCase->runBare()
#68 C:/Users/Monami Sadhu/Music/🏫 Campus Lost & Found Portal – Authentication, CRUD, Search/vendor/phpunit/phpunit/src/Framework/TestCase.php(365): PHPUnit/Framework/TestRunner->run()
#69 C:/Users/Monami Sadhu/Music/🏫 Campus Lost & Found Portal – Authentication, CRUD, Search/vendor/phpunit/phpunit/src/Framework/TestSuite.php(369): PHPUnit/Framework/TestCase->run()
#70 C:/Users/Monami Sadhu/Music/🏫 Campus Lost & Found Portal – Authentication, CRUD, Search/vendor/phpunit/phpunit/src/Framework/TestSuite.php(369): PHPUnit/Framework/TestSuite->run()
#71 C:/Users/Monami Sadhu/Music/🏫 Campus Lost & Found Portal – Authentication, CRUD, Search/vendor/phpunit/phpunit/src/Framework/TestSuite.php(369): PHPUnit/Framework/TestSuite->run()
#72 C:/Users/Monami Sadhu/Music/🏫 Campus Lost & Found Portal – Authentication, CRUD, Search/vendor/phpunit/phpunit/src/TextUI/TestRunner.php(64): PHPUnit/Framework/TestSuite->run()
#73 C:/Users/Monami Sadhu/Music/🏫 Campus Lost & Found Portal – Authentication, CRUD, Search/vendor/phpunit/phpunit/src/TextUI/Application.php(211): PHPUnit/TextUI/TestRunner->run()
#74 C:/Users/Monami Sadhu/Music/🏫 Campus Lost & Found Portal – Authentication, CRUD, Search/vendor/phpunit/phpunit/phpunit(104): PHPUnit/TextUI/Application->run()
#75 {main}
"} 
[2026-08-08 04:35:37] local.ERROR: Class "Request" not found (View: C:\Users\Monami Sadhu\Music\🏫 Campus Lost & Found Portal – Authentication, CRUD, Search\resources\views\layouts\app.blade.php) (View: C:\Users\Monami Sadhu\Music\🏫 Campus Lost & Found Portal – Authentication, CRUD, Search\resources\views\layouts\app.blade.php) {"exception":"[object] (Illuminate\\View\\ViewException(code: 0): Class \"Request\" not found (View: C:\\Users\\Monami Sadhu\\Music\\🏫 Campus Lost & Found Portal – Authentication, CRUD, Search\\resources\\views\\layouts\\app.blade.php) (View: C:\\Users\\Monami Sadhu\\Music\\🏫 Campus Lost & Found Portal – Authentication, CRUD, Search\\resources\\views\\layouts\\app.blade.php) at C:/Users/Monami Sadhu/Music/🏫 Campus Lost & Found Portal – Authentication, CRUD, Search/storage/framework/views/7663ecabfccde130339e2852f5a718ea.php:97)
[stacktrace]
#0 C:/Users/Monami Sadhu/Music/🏫 Campus Lost & Found Portal – Authentication, CRUD, Search/vendor/laravel/framework/src/Illuminate/View/Engines/PhpEngine.php(59): Illuminate/View/Engines/CompilerEngine->handleViewException()
#1 C:/Users/Monami Sadhu/Music/🏫 Campus Lost & Found Portal – Authentication, CRUD, Search/vendor/laravel/framework/src/Illuminate/View/Engines/CompilerEngine.php(76): Illuminate/View/Engines/PhpEngine->evaluatePath()
#2 C:/Users/Monami Sadhu/Music/🏫 Campus Lost & Found Portal – Authentication, CRUD, Search/vendor/laravel/framework/src/Illuminate/View/View.php(208): Illuminate/View/Engines/CompilerEngine->get()
#3 C:/Users/Monami Sadhu/Music/🏫 Campus Lost & Found Portal – Authentication, CRUD, Search/vendor/laravel/framework/src/Illuminate/View/View.php(191): Illuminate/View/View->getContents()
#4 C:/Users/Monami Sadhu/Music/🏫 Campus Lost & Found Portal – Authentication, CRUD, Search/vendor/laravel/framework/src/Illuminate/View/View.php(160): Illuminate/View/View->renderContents()
#5 C:/Users/Monami Sadhu/Music/🏫 Campus Lost & Found Portal – Authentication, CRUD, Search/vendor/laravel/framework/src/Illuminate/Http/Response.php(78): Illuminate/View/View->render()
#6 C:/Users/Monami Sadhu/Music/🏫 Campus Lost & Found Portal – Authentication, CRUD, Search/vendor/laravel/framework/src/Illuminate/Http/Response.php(34): Illuminate/Http/Response->setContent()
#7 C:/Users/Monami Sadhu/Music/🏫 Campus Lost & Found Portal – Authentication, CRUD, Search/vendor/laravel/framework/src/Illuminate/Routing/Router.php(939): Illuminate/Http/Response->__construct()
#8 C:/Users/Monami Sadhu/Music/🏫 Campus Lost & Found Portal – Authentication, CRUD, Search/vendor/laravel/framework/src/Illuminate/Routing/Router.php(906): Illuminate/Routing/Router::toResponse()
#9 C:/Users/Monami Sadhu/Music/🏫 Campus Lost & Found Portal – Authentication, CRUD, Search/vendor/laravel/framework/src/Illuminate/Routing/Router.php(821): Illuminate/Routing/Router->prepareResponse()
#10 C:/Users/Monami Sadhu/Music/🏫 Campus Lost & Found Portal – Authentication, CRUD, Search/vendor/laravel/framework/src/Illuminate/Pipeline/Pipeline.php(180): Illuminate/Routing/Router->{closure:Illuminate/Routing/Router::runRouteWithinStack():821}()
#11 C:/Users/Monami Sadhu/Music/🏫 Campus Lost & Found Portal – Authentication, CRUD, Search/vendor/laravel/framework/src/Illuminate/Routing/Middleware/SubstituteBindings.php(50): Illuminate/Pipeline/Pipeline->{closure:Illuminate/Pipeline/Pipeline::prepareDestination():178}()
#12 C:/Users/Monami Sadhu/Music/🏫 Campus Lost & Found Portal – Authentication, CRUD, Search/vendor/laravel/framework/src/Illuminate/Pipeline/Pipeline.php(219): Illuminate/Routing/Middleware/SubstituteBindings->handle()
#13 C:/Users/Monami Sadhu/Music/🏫 Campus Lost & Found Portal – Authentication, CRUD, Search/vendor/laravel/framework/src/Illuminate/Foundation/Http/Middleware/VerifyCsrfToken.php(87): Illuminate/Pipeline/Pipeline->{closure:{closure:Illuminate/Pipeline/Pipeline::carry():194}:195}()
#14 C:/Users/Monami Sadhu/Music/🏫 Campus Lost & Found Portal – Authentication, CRUD, Search/vendor/laravel/framework/src/Illuminate/Pipeline/Pipeline.php(219): Illuminate/Foundation/Http/Middleware/VerifyCsrfToken->handle()
#15 C:/Users/Monami Sadhu/Music/🏫 Campus Lost & Found Portal – Authentication, CRUD, Search/vendor/laravel/framework/src/Illuminate/View/Middleware/ShareErrorsFromSession.php(48): Illuminate/Pipeline/Pipeline->{closure:{closure:Illuminate/Pipeline/Pipeline::carry():194}:195}()
#16 C:/Users/Monami Sadhu/Music/🏫 Campus Lost & Found Portal – Authentication, CRUD, Search/vendor/laravel/framework/src/Illuminate/Pipeline/Pipeline.php(219): Illuminate/View/Middleware/ShareErrorsFromSession->handle()
#17 C:/Users/Monami Sadhu/Music/🏫 Campus Lost & Found Portal – Authentication, CRUD, Search/vendor/laravel/framework/src/Illuminate/Session/Middleware/StartSession.php(120): Illuminate/Pipeline/Pipeline->{closure:{closure:Illuminate/Pipeline/Pipeline::carry():194}:195}()
#18 C:/Users/Monami Sadhu/Music/🏫 Campus Lost & Found Portal – Authentication, CRUD, Search/vendor/laravel/framework/src/Illuminate/Session/Middleware/StartSession.php(63): Illuminate/Session/Middleware/StartSession->handleStatefulRequest()
#19 C:/Users/Monami Sadhu/Music/🏫 Campus Lost & Found Portal – Authentication, CRUD, Search/vendor/laravel/framework/src/Illuminate/Pipeline/Pipeline.php(219): Illuminate/Session/Middleware/StartSession->handle()
#20 C:/Users/Monami Sadhu/Music/🏫 Campus Lost & Found Portal – Authentication, CRUD, Search/vendor/laravel/framework/src/Illuminate/Cookie/Middleware/AddQueuedCookiesToResponse.php(36): Illuminate/Pipeline/Pipeline->{closure:{closure:Illuminate/Pipeline/Pipeline::carry():194}:195}()
#21 C:/Users/Monami Sadhu/Music/🏫 Campus Lost & Found Portal – Authentication, CRUD, Search/vendor/laravel/framework/src/Illuminate/Pipeline/Pipeline.php(219): Illuminate/Cookie/Middleware/AddQueuedCookiesToResponse->handle()
#22 C:/Users/Monami Sadhu/Music/🏫 Campus Lost & Found Portal – Authentication, CRUD, Search/vendor/laravel/framework/src/Illuminate/Cookie/Middleware/EncryptCookies.php(74): Illuminate/Pipeline/Pipeline->{closure:{closure:Illuminate/Pipeline/Pipeline::carry():194}:195}()
#23 C:/Users/Monami Sadhu/Music/🏫 Campus Lost & Found Portal – Authentication, CRUD, Search/vendor/laravel/framework/src/Illuminate/Pipeline/Pipeline.php(219): Illuminate/Cookie/Middleware/EncryptCookies->handle()
#24 C:/Users/Monami Sadhu/Music/🏫 Campus Lost & Found Portal – Authentication, CRUD, Search/vendor/laravel/framework/src/Illuminate/Pipeline/Pipeline.php(137): Illuminate/Pipeline/Pipeline->{closure:{closure:Illuminate/Pipeline/Pipeline::carry():194}:195}()
#25 C:/Users/Monami Sadhu/Music/🏫 Campus Lost & Found Portal – Authentication, CRUD, Search/vendor/laravel/framework/src/Illuminate/Routing/Router.php(821): Illuminate/Pipeline/Pipeline->then()
#26 C:/Users/Monami Sadhu/Music/🏫 Campus Lost & Found Portal – Authentication, CRUD, Search/vendor/laravel/framework/src/Illuminate/Routing/Router.php(800): Illuminate/Routing/Router->runRouteWithinStack()
#27 C:/Users/Monami Sadhu/Music/🏫 Campus Lost & Found Portal – Authentication, CRUD, Search/vendor/laravel/framework/src/Illuminate/Routing/Router.php(764): Illuminate/Routing/Router->runRoute()
#28 C:/Users/Monami Sadhu/Music/🏫 Campus Lost & Found Portal – Authentication, CRUD, Search/vendor/laravel/framework/src/Illuminate/Routing/Router.php(753): Illuminate/Routing/Router->dispatchToRoute()
#29 C:/Users/Monami Sadhu/Music/🏫 Campus Lost & Found Portal – Authentication, CRUD, Search/vendor/laravel/framework/src/Illuminate/Foundation/Http/Kernel.php(200): Illuminate/Routing/Router->dispatch()
#30 C:/Users/Monami Sadhu/Music/🏫 Campus Lost & Found Portal – Authentication, CRUD, Search/vendor/laravel/framework/src/Illuminate/Pipeline/Pipeline.php(180): Illuminate/Foundation/Http/Kernel->{closure:Illuminate/Foundation/Http/Kernel::dispatchToRouter():197}()
#31 C:/Users/Monami Sadhu/Music/🏫 Campus Lost & Found Portal – Authentication, CRUD, Search/vendor/laravel/framework/src/Illuminate/Foundation/Http/Middleware/TransformsRequest.php(21): Illuminate/Pipeline/Pipeline->{closure:Illuminate/Pipeline/Pipeline::prepareDestination():178}()
#32 C:/Users/Monami Sadhu/Music/🏫 Campus Lost & Found Portal – Authentication, CRUD, Search/vendor/laravel/framework/src/Illuminate/Foundation/Http/Middleware/ConvertEmptyStringsToNull.php(31): Illuminate/Foundation/Http/Middleware/TransformsRequest->handle()
#33 C:/Users/Monami Sadhu/Music/🏫 Campus Lost & Found Portal – Authentication, CRUD, Search/vendor/laravel/framework/src/Illuminate/Pipeline/Pipeline.php(219): Illuminate/Foundation/Http/Middleware/ConvertEmptyStringsToNull->handle()
#34 C:/Users/Monami Sadhu/Music/🏫 Campus Lost & Found Portal – Authentication, CRUD, Search/vendor/laravel/framework/src/Illuminate/Foundation/Http/Middleware/TransformsRequest.php(21): Illuminate/Pipeline/Pipeline->{closure:{closure:Illuminate/Pipeline/Pipeline::carry():194}:195}()
#35 C:/Users/Monami Sadhu/Music/🏫 Campus Lost & Found Portal – Authentication, CRUD, Search/vendor/laravel/framework/src/Illuminate/Foundation/Http/Middleware/TrimStrings.php(51): Illuminate/Foundation/Http/Middleware/TransformsRequest->handle()
#36 C:/Users/Monami Sadhu/Music/🏫 Campus Lost & Found Portal – Authentication, CRUD, Search/vendor/laravel/framework/src/Illuminate/Pipeline/Pipeline.php(219): Illuminate/Foundation/Http/Middleware/TrimStrings->handle()
#37 C:/Users/Monami Sadhu/Music/🏫 Campus Lost & Found Portal – Authentication, CRUD, Search/vendor/laravel/framework/src/Illuminate/Http/Middleware/ValidatePostSize.php(27): Illuminate/Pipeline/Pipeline->{closure:{closure:Illuminate/Pipeline/Pipeline::carry():194}:195}()
#38 C:/Users/Monami Sadhu/Music/🏫 Campus Lost & Found Portal – Authentication, CRUD, Search/vendor/laravel/framework/src/Illuminate/Pipeline/Pipeline.php(219): Illuminate/Http/Middleware/ValidatePostSize->handle()
#39 C:/Users/Monami Sadhu/Music/🏫 Campus Lost & Found Portal – Authentication, CRUD, Search/vendor/laravel/framework/src/Illuminate/Foundation/Http/Middleware/PreventRequestsDuringMaintenance.php(109): Illuminate/Pipeline/Pipeline->{closure:{closure:Illuminate/Pipeline/Pipeline::carry():194}:195}()
#40 C:/Users/Monami Sadhu/Music/🏫 Campus Lost & Found Portal – Authentication, CRUD, Search/vendor/laravel/framework/src/Illuminate/Pipeline/Pipeline.php(219): Illuminate/Foundation/Http/Middleware/PreventRequestsDuringMaintenance->handle()
#41 C:/Users/Monami Sadhu/Music/🏫 Campus Lost & Found Portal – Authentication, CRUD, Search/vendor/laravel/framework/src/Illuminate/Http/Middleware/HandleCors.php(61): Illuminate/Pipeline/Pipeline->{closure:{closure:Illuminate/Pipeline/Pipeline::carry():194}:195}()
#42 C:/Users/Monami Sadhu/Music/🏫 Campus Lost & Found Portal – Authentication, CRUD, Search/vendor/laravel/framework/src/Illuminate/Pipeline/Pipeline.php(219): Illuminate/Http/Middleware/HandleCors->handle()
#43 C:/Users/Monami Sadhu/Music/🏫 Campus Lost & Found Portal – Authentication, CRUD, Search/vendor/laravel/framework/src/Illuminate/Http/Middleware/TrustProxies.php(58): Illuminate/Pipeline/Pipeline->{closure:{closure:Illuminate/Pipeline/Pipeline::carry():194}:195}()
#44 C:/Users/Monami Sadhu/Music/🏫 Campus Lost & Found Portal – Authentication, CRUD, Search/vendor/laravel/framework/src/Illuminate/Pipeline/Pipeline.php(219): Illuminate/Http/Middleware/TrustProxies->handle()
#45 C:/Users/Monami Sadhu/Music/🏫 Campus Lost & Found Portal – Authentication, CRUD, Search/vendor/laravel/framework/src/Illuminate/Foundation/Http/Middleware/InvokeDeferredCallbacks.php(22): Illuminate/Pipeline/Pipeline->{closure:{closure:Illuminate/Pipeline/Pipeline::carry():194}:195}()
#46 C:/Users/Monami Sadhu/Music/🏫 Campus Lost & Found Portal – Authentication, CRUD, Search/vendor/laravel/framework/src/Illuminate/Pipeline/Pipeline.php(219): Illuminate/Foundation/Http/Middleware/InvokeDeferredCallbacks->handle()
#47 C:/Users/Monami Sadhu/Music/🏫 Campus Lost & Found Portal – Authentication, CRUD, Search/vendor/laravel/framework/src/Illuminate/Http/Middleware/ValidatePathEncoding.php(26): Illuminate/Pipeline/Pipeline->{closure:{closure:Illuminate/Pipeline/Pipeline::carry():194}:195}()
#48 C:/Users/Monami Sadhu/Music/🏫 Campus Lost & Found Portal – Authentication, CRUD, Search/vendor/laravel/framework/src/Illuminate/Pipeline/Pipeline.php(219): Illuminate/Http/Middleware/ValidatePathEncoding->handle()
#49 C:/Users/Monami Sadhu/Music/🏫 Campus Lost & Found Portal – Authentication, CRUD, Search/vendor/laravel/framework/src/Illuminate/Pipeline/Pipeline.php(137): Illuminate/Pipeline/Pipeline->{closure:{closure:Illuminate/Pipeline/Pipeline::carry():194}:195}()
#50 C:/Users/Monami Sadhu/Music/🏫 Campus Lost & Found Portal – Authentication, CRUD, Search/vendor/laravel/framework/src/Illuminate/Foundation/Http/Kernel.php(175): Illuminate/Pipeline/Pipeline->then()
#51 C:/Users/Monami Sadhu/Music/🏫 Campus Lost & Found Portal – Authentication, CRUD, Search/vendor/laravel/framework/src/Illuminate/Foundation/Http/Kernel.php(144): Illuminate/Foundation/Http/Kernel->sendRequestThroughRouter()
#52 C:/Users/Monami Sadhu/Music/🏫 Campus Lost & Found Portal – Authentication, CRUD, Search/vendor/laravel/framework/src/Illuminate/Foundation/Testing/Concerns/MakesHttpRequests.php(607): Illuminate/Foundation/Http/Kernel->handle()
#53 C:/Users/Monami Sadhu/Music/🏫 Campus Lost & Found Portal – Authentication, CRUD, Search/vendor/laravel/framework/src/Illuminate/Foundation/Testing/Concerns/MakesHttpRequests.php(368): Illuminate/Foundation/Testing/TestCase->call()
#54 C:/Users/Monami Sadhu/Music/🏫 Campus Lost & Found Portal – Authentication, CRUD, Search/tests/Feature/HomePageTest.php(11): Illuminate/Foundation/Testing/TestCase->get()
#55 C:/Users/Monami Sadhu/Music/🏫 Campus Lost & Found Portal – Authentication, CRUD, Search/vendor/phpunit/phpunit/src/Framework/TestCase.php(1667): Tests/Feature/HomePageTest->test_home_page_is_accessible()
#56 C:/Users/Monami Sadhu/Music/🏫 Campus Lost & Found Portal – Authentication, CRUD, Search/vendor/phpunit/phpunit/src/Framework/TestCase.php(519): PHPUnit/Framework/TestCase->runTest()
#57 C:/Users/Monami Sadhu/Music/🏫 Campus Lost & Found Portal – Authentication, CRUD, Search/vendor/phpunit/phpunit/src/Framework/TestRunner/TestRunner.php(87): PHPUnit/Framework/TestCase->runBare()
#58 C:/Users/Monami Sadhu/Music/🏫 Campus Lost & Found Portal – Authentication, CRUD, Search/vendor/phpunit/phpunit/src/Framework/TestCase.php(365): PHPUnit/Framework/TestRunner->run()
#59 C:/Users/Monami Sadhu/Music/🏫 Campus Lost & Found Portal – Authentication, CRUD, Search/vendor/phpunit/phpunit/src/Framework/TestSuite.php(369): PHPUnit/Framework/TestCase->run()
#60 C:/Users/Monami Sadhu/Music/🏫 Campus Lost & Found Portal – Authentication, CRUD, Search/vendor/phpunit/phpunit/src/Framework/TestSuite.php(369): PHPUnit/Framework/TestSuite->run()
#61 C:/Users/Monami Sadhu/Music/🏫 Campus Lost & Found Portal – Authentication, CRUD, Search/vendor/phpunit/phpunit/src/Framework/TestSuite.php(369): PHPUnit/Framework/TestSuite->run()
#62 C:/Users/Monami Sadhu/Music/🏫 Campus Lost & Found Portal – Authentication, CRUD, Search/vendor/phpunit/phpunit/src/TextUI/TestRunner.php(64): PHPUnit/Framework/TestSuite->run()
#63 C:/Users/Monami Sadhu/Music/🏫 Campus Lost & Found Portal – Authentication, CRUD, Search/vendor/phpunit/phpunit/src/TextUI/Application.php(211): PHPUnit/TextUI/TestRunner->run()
#64 C:/Users/Monami Sadhu/Music/🏫 Campus Lost & Found Portal – Authentication, CRUD, Search/vendor/phpunit/phpunit/phpunit(104): PHPUnit/TextUI/Application->run()
#65 {main}

[previous exception] [object] (Illuminate\\View\\ViewException(code: 0): Class \"Request\" not found (View: C:\\Users\\Monami Sadhu\\Music\\🏫 Campus Lost & Found Portal – Authentication, CRUD, Search\\resources\\views\\layouts\\app.blade.php) at C:/Users/Monami Sadhu/Music/🏫 Campus Lost & Found Portal – Authentication, CRUD, Search/storage/framework/views/7663ecabfccde130339e2852f5a718ea.php:97)
[stacktrace]
#0 C:/Users/Monami Sadhu/Music/🏫 Campus Lost & Found Portal – Authentication, CRUD, Search/vendor/laravel/framework/src/Illuminate/View/Engines/PhpEngine.php(59): Illuminate/View/Engines/CompilerEngine->handleViewException()
#1 C:/Users/Monami Sadhu/Music/🏫 Campus Lost & Found Portal – Authentication, CRUD, Search/vendor/laravel/framework/src/Illuminate/View/Engines/CompilerEngine.php(76): Illuminate/View/Engines/PhpEngine->evaluatePath()
#2 C:/Users/Monami Sadhu/Music/🏫 Campus Lost & Found Portal – Authentication, CRUD, Search/vendor/laravel/framework/src/Illuminate/View/View.php(208): Illuminate/View/Engines/CompilerEngine->get()
#3 C:/Users/Monami Sadhu/Music/🏫 Campus Lost & Found Portal – Authentication, CRUD, Search/vendor/laravel/framework/src/Illuminate/View/View.php(191): Illuminate/View/View->getContents()
#4 C:/Users/Monami Sadhu/Music/🏫 Campus Lost & Found Portal – Authentication, CRUD, Search/vendor/laravel/framework/src/Illuminate/View/View.php(160): Illuminate/View/View->renderContents()
#5 C:/Users/Monami Sadhu/Music/🏫 Campus Lost & Found Portal – Authentication, CRUD, Search/storage/framework/views/59a65b3265790f3e2a8a69f11286cb1d.php(202): Illuminate/View/View->render()
#6 C:/Users/Monami Sadhu/Music/🏫 Campus Lost & Found Portal – Authentication, CRUD, Search/vendor/laravel/framework/src/Illuminate/Filesystem/Filesystem.php(123): require('...')
#7 C:/Users/Monami Sadhu/Music/🏫 Campus Lost & Found Portal – Authentication, CRUD, Search/vendor/laravel/framework/src/Illuminate/Filesystem/Filesystem.php(124): Illuminate/Filesystem/Filesystem::{closure:Illuminate/Filesystem/Filesystem::getRequire():120}()
#8 C:/Users/Monami Sadhu/Music/🏫 Campus Lost & Found Portal – Authentication, CRUD, Search/vendor/laravel/framework/src/Illuminate/View/Engines/PhpEngine.php(57): Illuminate/Filesystem/Filesystem->getRequire()
#9 C:/Users/Monami Sadhu/Music/🏫 Campus Lost & Found Portal – Authentication, CRUD, Search/vendor/laravel/framework/src/Illuminate/View/Engines/CompilerEngine.php(76): Illuminate/View/Engines/PhpEngine->evaluatePath()
#10 C:/Users/Monami Sadhu/Music/🏫 Campus Lost & Found Portal – Authentication, CRUD, Search/vendor/laravel/framework/src/Illuminate/View/View.php(208): Illuminate/View/Engines/CompilerEngine->get()
#11 C:/Users/Monami Sadhu/Music/🏫 Campus Lost & Found Portal – Authentication, CRUD, Search/vendor/laravel/framework/src/Illuminate/View/View.php(191): Illuminate/View/View->getContents()
#12 C:/Users/Monami Sadhu/Music/🏫 Campus Lost & Found Portal – Authentication, CRUD, Search/vendor/laravel/framework/src/Illuminate/View/View.php(160): Illuminate/View/View->renderContents()
#13 C:/Users/Monami Sadhu/Music/🏫 Campus Lost & Found Portal – Authentication, CRUD, Search/vendor/laravel/framework/src/Illuminate/Http/Response.php(78): Illuminate/View/View->render()
#14 C:/Users/Monami Sadhu/Music/🏫 Campus Lost & Found Portal – Authentication, CRUD, Search/vendor/laravel/framework/src/Illuminate/Http/Response.php(34): Illuminate/Http/Response->setContent()
#15 C:/Users/Monami Sadhu/Music/🏫 Campus Lost & Found Portal – Authentication, CRUD, Search/vendor/laravel/framework/src/Illuminate/Routing/Router.php(939): Illuminate/Http/Response->__construct()
#16 C:/Users/Monami Sadhu/Music/🏫 Campus Lost & Found Portal – Authentication, CRUD, Search/vendor/laravel/framework/src/Illuminate/Routing/Router.php(906): Illuminate/Routing/Router::toResponse()
#17 C:/Users/Monami Sadhu/Music/🏫 Campus Lost & Found Portal – Authentication, CRUD, Search/vendor/laravel/framework/src/Illuminate/Routing/Router.php(821): Illuminate/Routing/Router->prepareResponse()
#18 C:/Users/Monami Sadhu/Music/🏫 Campus Lost & Found Portal – Authentication, CRUD, Search/vendor/laravel/framework/src/Illuminate/Pipeline/Pipeline.php(180): Illuminate/Routing/Router->{closure:Illuminate/Routing/Router::runRouteWithinStack():821}()
#19 C:/Users/Monami Sadhu/Music/🏫 Campus Lost & Found Portal – Authentication, CRUD, Search/vendor/laravel/framework/src/Illuminate/Routing/Middleware/SubstituteBindings.php(50): Illuminate/Pipeline/Pipeline->{closure:Illuminate/Pipeline/Pipeline::prepareDestination():178}()
#20 C:/Users/Monami Sadhu/Music/🏫 Campus Lost & Found Portal – Authentication, CRUD, Search/vendor/laravel/framework/src/Illuminate/Pipeline/Pipeline.php(219): Illuminate/Routing/Middleware/SubstituteBindings->handle()
#21 C:/Users/Monami Sadhu/Music/🏫 Campus Lost & Found Portal – Authentication, CRUD, Search/vendor/laravel/framework/src/Illuminate/Foundation/Http/Middleware/VerifyCsrfToken.php(87): Illuminate/Pipeline/Pipeline->{closure:{closure:Illuminate/Pipeline/Pipeline::carry():194}:195}()
#22 C:/Users/Monami Sadhu/Music/🏫 Campus Lost & Found Portal – Authentication, CRUD, Search/vendor/laravel/framework/src/Illuminate/Pipeline/Pipeline.php(219): Illuminate/Foundation/Http/Middleware/VerifyCsrfToken->handle()
#23 C:/Users/Monami Sadhu/Music/🏫 Campus Lost & Found Portal – Authentication, CRUD, Search/vendor/laravel/framework/src/Illuminate/View/Middleware/ShareErrorsFromSession.php(48): Illuminate/Pipeline/Pipeline->{closure:{closure:Illuminate/Pipeline/Pipeline::carry():194}:195}()
#24 C:/Users/Monami Sadhu/Music/🏫 Campus Lost & Found Portal – Authentication, CRUD, Search/vendor/laravel/framework/src/Illuminate/Pipeline/Pipeline.php(219): Illuminate/View/Middleware/ShareErrorsFromSession->handle()
#25 C:/Users/Monami Sadhu/Music/🏫 Campus Lost & Found Portal – Authentication, CRUD, Search/vendor/laravel/framework/src/Illuminate/Session/Middleware/StartSession.php(120): Illuminate/Pipeline/Pipeline->{closure:{closure:Illuminate/Pipeline/Pipeline::carry():194}:195}()
#26 C:/Users/Monami Sadhu/Music/🏫 Campus Lost & Found Portal – Authentication, CRUD, Search/vendor/laravel/framework/src/Illuminate/Session/Middleware/StartSession.php(63): Illuminate/Session/Middleware/StartSession->handleStatefulRequest()
#27 C:/Users/Monami Sadhu/Music/🏫 Campus Lost & Found Portal – Authentication, CRUD, Search/vendor/laravel/framework/src/Illuminate/Pipeline/Pipeline.php(219): Illuminate/Session/Middleware/StartSession->handle()
#28 C:/Users/Monami Sadhu/Music/🏫 Campus Lost & Found Portal – Authentication, CRUD, Search/vendor/laravel/framework/src/Illuminate/Cookie/Middleware/AddQueuedCookiesToResponse.php(36): Illuminate/Pipeline/Pipeline->{closure:{closure:Illuminate/Pipeline/Pipeline::carry():194}:195}()
#29 C:/Users/Monami Sadhu/Music/🏫 Campus Lost & Found Portal – Authentication, CRUD, Search/vendor/laravel/framework/src/Illuminate/Pipeline/Pipeline.php(219): Illuminate/Cookie/Middleware/AddQueuedCookiesToResponse->handle()
#30 C:/Users/Monami Sadhu/Music/🏫 Campus Lost & Found Portal – Authentication, CRUD, Search/vendor/laravel/framework/src/Illuminate/Cookie/Middleware/EncryptCookies.php(74): Illuminate/Pipeline/Pipeline->{closure:{closure:Illuminate/Pipeline/Pipeline::carry():194}:195}()
#31 C:/Users/Monami Sadhu/Music/🏫 Campus Lost & Found Portal – Authentication, CRUD, Search/vendor/laravel/framework/src/Illuminate/Pipeline/Pipeline.php(219): Illuminate/Cookie/Middleware/EncryptCookies->handle()
#32 C:/Users/Monami Sadhu/Music/🏫 Campus Lost & Found Portal – Authentication, CRUD, Search/vendor/laravel/framework/src/Illuminate/Pipeline/Pipeline.php(137): Illuminate/Pipeline/Pipeline->{closure:{closure:Illuminate/Pipeline/Pipeline::carry():194}:195}()
#33 C:/Users/Monami Sadhu/Music/🏫 Campus Lost & Found Portal – Authentication, CRUD, Search/vendor/laravel/framework/src/Illuminate/Routing/Router.php(821): Illuminate/Pipeline/Pipeline->then()
#34 C:/Users/Monami Sadhu/Music/🏫 Campus Lost & Found Portal – Authentication, CRUD, Search/vendor/laravel/framework/src/Illuminate/Routing/Router.php(800): Illuminate/Routing/Router->runRouteWithinStack()
#35 C:/Users/Monami Sadhu/Music/🏫 Campus Lost & Found Portal – Authentication, CRUD, Search/vendor/laravel/framework/src/Illuminate/Routing/Router.php(764): Illuminate/Routing/Router->runRoute()
#36 C:/Users/Monami Sadhu/Music/🏫 Campus Lost & Found Portal – Authentication, CRUD, Search/vendor/laravel/framework/src/Illuminate/Routing/Router.php(753): Illuminate/Routing/Router->dispatchToRoute()
#37 C:/Users/Monami Sadhu/Music/🏫 Campus Lost & Found Portal – Authentication, CRUD, Search/vendor/laravel/framework/src/Illuminate/Foundation/Http/Kernel.php(200): Illuminate/Routing/Router->dispatch()
#38 C:/Users/Monami Sadhu/Music/🏫 Campus Lost & Found Portal – Authentication, CRUD, Search/vendor/laravel/framework/src/Illuminate/Pipeline/Pipeline.php(180): Illuminate/Foundation/Http/Kernel->{closure:Illuminate/Foundation/Http/Kernel::dispatchToRouter():197}()
#39 C:/Users/Monami Sadhu/Music/🏫 Campus Lost & Found Portal – Authentication, CRUD, Search/vendor/laravel/framework/src/Illuminate/Foundation/Http/Middleware/TransformsRequest.php(21): Illuminate/Pipeline/Pipeline->{closure:Illuminate/Pipeline/Pipeline::prepareDestination():178}()
#40 C:/Users/Monami Sadhu/Music/🏫 Campus Lost & Found Portal – Authentication, CRUD, Search/vendor/laravel/framework/src/Illuminate/Foundation/Http/Middleware/ConvertEmptyStringsToNull.php(31): Illuminate/Foundation/Http/Middleware/TransformsRequest->handle()
#41 C:/Users/Monami Sadhu/Music/🏫 Campus Lost & Found Portal – Authentication, CRUD, Search/vendor/laravel/framework/src/Illuminate/Pipeline/Pipeline.php(219): Illuminate/Foundation/Http/Middleware/ConvertEmptyStringsToNull->handle()
#42 C:/Users/Monami Sadhu/Music/🏫 Campus Lost & Found Portal – Authentication, CRUD, Search/vendor/laravel/framework/src/Illuminate/Foundation/Http/Middleware/TransformsRequest.php(21): Illuminate/Pipeline/Pipeline->{closure:{closure:Illuminate/Pipeline/Pipeline::carry():194}:195}()
#43 C:/Users/Monami Sadhu/Music/🏫 Campus Lost & Found Portal – Authentication, CRUD, Search/vendor/laravel/framework/src/Illuminate/Foundation/Http/Middleware/TrimStrings.php(51): Illuminate/Foundation/Http/Middleware/TransformsRequest->handle()
#44 C:/Users/Monami Sadhu/Music/🏫 Campus Lost & Found Portal – Authentication, CRUD, Search/vendor/laravel/framework/src/Illuminate/Pipeline/Pipeline.php(219): Illuminate/Foundation/Http/Middleware/TrimStrings->handle()
#45 C:/Users/Monami Sadhu/Music/🏫 Campus Lost & Found Portal – Authentication, CRUD, Search/vendor/laravel/framework/src/Illuminate/Http/Middleware/ValidatePostSize.php(27): Illuminate/Pipeline/Pipeline->{closure:{closure:Illuminate/Pipeline/Pipeline::carry():194}:195}()
#46 C:/Users/Monami Sadhu/Music/🏫 Campus Lost & Found Portal – Authentication, CRUD, Search/vendor/laravel/framework/src/Illuminate/Pipeline/Pipeline.php(219): Illuminate/Http/Middleware/ValidatePostSize->handle()
#47 C:/Users/Monami Sadhu/Music/🏫 Campus Lost & Found Portal – Authentication, CRUD, Search/vendor/laravel/framework/src/Illuminate/Foundation/Http/Middleware/PreventRequestsDuringMaintenance.php(109): Illuminate/Pipeline/Pipeline->{closure:{closure:Illuminate/Pipeline/Pipeline::carry():194}:195}()
#48 C:/Users/Monami Sadhu/Music/🏫 Campus Lost & Found Portal – Authentication, CRUD, Search/vendor/laravel/framework/src/Illuminate/Pipeline/Pipeline.php(219): Illuminate/Foundation/Http/Middleware/PreventRequestsDuringMaintenance->handle()
#49 C:/Users/Monami Sadhu/Music/🏫 Campus Lost & Found Portal – Authentication, CRUD, Search/vendor/laravel/framework/src/Illuminate/Http/Middleware/HandleCors.php(61): Illuminate/Pipeline/Pipeline->{closure:{closure:Illuminate/Pipeline/Pipeline::carry():194}:195}()
#50 C:/Users/Monami Sadhu/Music/🏫 Campus Lost & Found Portal – Authentication, CRUD, Search/vendor/laravel/framework/src/Illuminate/Pipeline/Pipeline.php(219): Illuminate/Http/Middleware/HandleCors->handle()
#51 C:/Users/Monami Sadhu/Music/🏫 Campus Lost & Found Portal – Authentication, CRUD, Search/vendor/laravel/framework/src/Illuminate/Http/Middleware/TrustProxies.php(58): Illuminate/Pipeline/Pipeline->{closure:{closure:Illuminate/Pipeline/Pipeline::carry():194}:195}()
#52 C:/Users/Monami Sadhu/Music/🏫 Campus Lost & Found Portal – Authentication, CRUD, Search/vendor/laravel/framework/src/Illuminate/Pipeline/Pipeline.php(219): Illuminate/Http/Middleware/TrustProxies->handle()
#53 C:/Users/Monami Sadhu/Music/🏫 Campus Lost & Found Portal – Authentication, CRUD, Search/vendor/laravel/framework/src/Illuminate/Foundation/Http/Middleware/InvokeDeferredCallbacks.php(22): Illuminate/Pipeline/Pipeline->{closure:{closure:Illuminate/Pipeline/Pipeline::carry():194}:195}()
#54 C:/Users/Monami Sadhu/Music/🏫 Campus Lost & Found Portal – Authentication, CRUD, Search/vendor/laravel/framework/src/Illuminate/Pipeline/Pipeline.php(219): Illuminate/Foundation/Http/Middleware/InvokeDeferredCallbacks->handle()
#55 C:/Users/Monami Sadhu/Music/🏫 Campus Lost & Found Portal – Authentication, CRUD, Search/vendor/laravel/framework/src/Illuminate/Http/Middleware/ValidatePathEncoding.php(26): Illuminate/Pipeline/Pipeline->{closure:{closure:Illuminate/Pipeline/Pipeline::carry():194}:195}()
#56 C:/Users/Monami Sadhu/Music/🏫 Campus Lost & Found Portal – Authentication, CRUD, Search/vendor/laravel/framework/src/Illuminate/Pipeline/Pipeline.php(219): Illuminate/Http/Middleware/ValidatePathEncoding->handle()
#57 C:/Users/Monami Sadhu/Music/🏫 Campus Lost & Found Portal – Authentication, CRUD, Search/vendor/laravel/framework/src/Illuminate/Pipeline/Pipeline.php(137): Illuminate/Pipeline/Pipeline->{closure:{closure:Illuminate/Pipeline/Pipeline::carry():194}:195}()
#58 C:/Users/Monami Sadhu/Music/🏫 Campus Lost & Found Portal – Authentication, CRUD, Search/vendor/laravel/framework/src/Illuminate/Foundation/Http/Kernel.php(175): Illuminate/Pipeline/Pipeline->then()
#59 C:/Users/Monami Sadhu/Music/🏫 Campus Lost & Found Portal – Authentication, CRUD, Search/vendor/laravel/framework/src/Illuminate/Foundation/Http/Kernel.php(144): Illuminate/Foundation/Http/Kernel->sendRequestThroughRouter()
#60 C:/Users/Monami Sadhu/Music/🏫 Campus Lost & Found Portal – Authentication, CRUD, Search/vendor/laravel/framework/src/Illuminate/Foundation/Testing/Concerns/MakesHttpRequests.php(607): Illuminate/Foundation/Http/Kernel->handle()
#61 C:/Users/Monami Sadhu/Music/🏫 Campus Lost & Found Portal – Authentication, CRUD, Search/vendor/laravel/framework/src/Illuminate/Foundation/Testing/Concerns/MakesHttpRequests.php(368): Illuminate/Foundation/Testing/TestCase->call()
#62 C:/Users/Monami Sadhu/Music/🏫 Campus Lost & Found Portal – Authentication, CRUD, Search/tests/Feature/HomePageTest.php(11): Illuminate/Foundation/Testing/TestCase->get()
#63 C:/Users/Monami Sadhu/Music/🏫 Campus Lost & Found Portal – Authentication, CRUD, Search/vendor/phpunit/phpunit/src/Framework/TestCase.php(1667): Tests/Feature/HomePageTest->test_home_page_is_accessible()
#64 C:/Users/Monami Sadhu/Music/🏫 Campus Lost & Found Portal – Authentication, CRUD, Search/vendor/phpunit/phpunit/src/Framework/TestCase.php(519): PHPUnit/Framework/TestCase->runTest()
#65 C:/Users/Monami Sadhu/Music/🏫 Campus Lost & Found Portal – Authentication, CRUD, Search/vendor/phpunit/phpunit/src/Framework/TestRunner/TestRunner.php(87): PHPUnit/Framework/TestCase->runBare()
#66 C:/Users/Monami Sadhu/Music/🏫 Campus Lost & Found Portal – Authentication, CRUD, Search/vendor/phpunit/phpunit/src/Framework/TestCase.php(365): PHPUnit/Framework/TestRunner->run()
#67 C:/Users/Monami Sadhu/Music/🏫 Campus Lost & Found Portal – Authentication, CRUD, Search/vendor/phpunit/phpunit/src/Framework/TestSuite.php(369): PHPUnit/Framework/TestCase->run()
#68 C:/Users/Monami Sadhu/Music/🏫 Campus Lost & Found Portal – Authentication, CRUD, Search/vendor/phpunit/phpunit/src/Framework/TestSuite.php(369): PHPUnit/Framework/TestSuite->run()
#69 C:/Users/Monami Sadhu/Music/🏫 Campus Lost & Found Portal – Authentication, CRUD, Search/vendor/phpunit/phpunit/src/Framework/TestSuite.php(369): PHPUnit/Framework/TestSuite->run()
#70 C:/Users/Monami Sadhu/Music/🏫 Campus Lost & Found Portal – Authentication, CRUD, Search/vendor/phpunit/phpunit/src/TextUI/TestRunner.php(64): PHPUnit/Framework/TestSuite->run()
#71 C:/Users/Monami Sadhu/Music/🏫 Campus Lost & Found Portal – Authentication, CRUD, Search/vendor/phpunit/phpunit/src/TextUI/Application.php(211): PHPUnit/TextUI/TestRunner->run()
#72 C:/Users/Monami Sadhu/Music/🏫 Campus Lost & Found Portal – Authentication, CRUD, Search/vendor/phpunit/phpunit/phpunit(104): PHPUnit/TextUI/Application->run()
#73 {main}

[previous exception] [object] (Error(code: 0): Class \"Request\" not found at C:/Users/Monami Sadhu/Music/🏫 Campus Lost & Found Portal – Authentication, CRUD, Search/storage/framework/views/7663ecabfccde130339e2852f5a718ea.php:97)
[stacktrace]
#0 C:/Users/Monami Sadhu/Music/🏫 Campus Lost & Found Portal – Authentication, CRUD, Search/vendor/laravel/framework/src/Illuminate/Filesystem/Filesystem.php(123): require()
#1 C:/Users/Monami Sadhu/Music/🏫 Campus Lost & Found Portal – Authentication, CRUD, Search/vendor/laravel/framework/src/Illuminate/Filesystem/Filesystem.php(124): Illuminate/Filesystem/Filesystem::{closure:Illuminate/Filesystem/Filesystem::getRequire():120}()
#2 C:/Users/Monami Sadhu/Music/🏫 Campus Lost & Found Portal – Authentication, CRUD, Search/vendor/laravel/framework/src/Illuminate/View/Engines/PhpEngine.php(57): Illuminate/Filesystem/Filesystem->getRequire()
#3 C:/Users/Monami Sadhu/Music/🏫 Campus Lost & Found Portal – Authentication, CRUD, Search/vendor/laravel/framework/src/Illuminate/View/Engines/CompilerEngine.php(76): Illuminate/View/Engines/PhpEngine->evaluatePath()
#4 C:/Users/Monami Sadhu/Music/🏫 Campus Lost & Found Portal – Authentication, CRUD, Search/vendor/laravel/framework/src/Illuminate/View/View.php(208): Illuminate/View/Engines/CompilerEngine->get()
#5 C:/Users/Monami Sadhu/Music/🏫 Campus Lost & Found Portal – Authentication, CRUD, Search/vendor/laravel/framework/src/Illuminate/View/View.php(191): Illuminate/View/View->getContents()
#6 C:/Users/Monami Sadhu/Music/🏫 Campus Lost & Found Portal – Authentication, CRUD, Search/vendor/laravel/framework/src/Illuminate/View/View.php(160): Illuminate/View/View->renderContents()
#7 C:/Users/Monami Sadhu/Music/🏫 Campus Lost & Found Portal – Authentication, CRUD, Search/storage/framework/views/59a65b3265790f3e2a8a69f11286cb1d.php(202): Illuminate/View/View->render()
#8 C:/Users/Monami Sadhu/Music/🏫 Campus Lost & Found Portal – Authentication, CRUD, Search/vendor/laravel/framework/src/Illuminate/Filesystem/Filesystem.php(123): require('...')
#9 C:/Users/Monami Sadhu/Music/🏫 Campus Lost & Found Portal – Authentication, CRUD, Search/vendor/laravel/framework/src/Illuminate/Filesystem/Filesystem.php(124): Illuminate/Filesystem/Filesystem::{closure:Illuminate/Filesystem/Filesystem::getRequire():120}()
#10 C:/Users/Monami Sadhu/Music/🏫 Campus Lost & Found Portal – Authentication, CRUD, Search/vendor/laravel/framework/src/Illuminate/View/Engines/PhpEngine.php(57): Illuminate/Filesystem/Filesystem->getRequire()
#11 C:/Users/Monami Sadhu/Music/🏫 Campus Lost & Found Portal – Authentication, CRUD, Search/vendor/laravel/framework/src/Illuminate/View/Engines/CompilerEngine.php(76): Illuminate/View/Engines/PhpEngine->evaluatePath()
#12 C:/Users/Monami Sadhu/Music/🏫 Campus Lost & Found Portal – Authentication, CRUD, Search/vendor/laravel/framework/src/Illuminate/View/View.php(208): Illuminate/View/Engines/CompilerEngine->get()
#13 C:/Users/Monami Sadhu/Music/🏫 Campus Lost & Found Portal – Authentication, CRUD, Search/vendor/laravel/framework/src/Illuminate/View/View.php(191): Illuminate/View/View->getContents()
#14 C:/Users/Monami Sadhu/Music/🏫 Campus Lost & Found Portal – Authentication, CRUD, Search/vendor/laravel/framework/src/Illuminate/View/View.php(160): Illuminate/View/View->renderContents()
#15 C:/Users/Monami Sadhu/Music/🏫 Campus Lost & Found Portal – Authentication, CRUD, Search/vendor/laravel/framework/src/Illuminate/Http/Response.php(78): Illuminate/View/View->render()
#16 C:/Users/Monami Sadhu/Music/🏫 Campus Lost & Found Portal – Authentication, CRUD, Search/vendor/laravel/framework/src/Illuminate/Http/Response.php(34): Illuminate/Http/Response->setContent()
#17 C:/Users/Monami Sadhu/Music/🏫 Campus Lost & Found Portal – Authentication, CRUD, Search/vendor/laravel/framework/src/Illuminate/Routing/Router.php(939): Illuminate/Http/Response->__construct()
#18 C:/Users/Monami Sadhu/Music/🏫 Campus Lost & Found Portal – Authentication, CRUD, Search/vendor/laravel/framework/src/Illuminate/Routing/Router.php(906): Illuminate/Routing/Router::toResponse()
#19 C:/Users/Monami Sadhu/Music/🏫 Campus Lost & Found Portal – Authentication, CRUD, Search/vendor/laravel/framework/src/Illuminate/Routing/Router.php(821): Illuminate/Routing/Router->prepareResponse()
#20 C:/Users/Monami Sadhu/Music/🏫 Campus Lost & Found Portal – Authentication, CRUD, Search/vendor/laravel/framework/src/Illuminate/Pipeline/Pipeline.php(180): Illuminate/Routing/Router->{closure:Illuminate/Routing/Router::runRouteWithinStack():821}()
#21 C:/Users/Monami Sadhu/Music/🏫 Campus Lost & Found Portal – Authentication, CRUD, Search/vendor/laravel/framework/src/Illuminate/Routing/Middleware/SubstituteBindings.php(50): Illuminate/Pipeline/Pipeline->{closure:Illuminate/Pipeline/Pipeline::prepareDestination():178}()
#22 C:/Users/Monami Sadhu/Music/🏫 Campus Lost & Found Portal – Authentication, CRUD, Search/vendor/laravel/framework/src/Illuminate/Pipeline/Pipeline.php(219): Illuminate/Routing/Middleware/SubstituteBindings->handle()
#23 C:/Users/Monami Sadhu/Music/🏫 Campus Lost & Found Portal – Authentication, CRUD, Search/vendor/laravel/framework/src/Illuminate/Foundation/Http/Middleware/VerifyCsrfToken.php(87): Illuminate/Pipeline/Pipeline->{closure:{closure:Illuminate/Pipeline/Pipeline::carry():194}:195}()
#24 C:/Users/Monami Sadhu/Music/🏫 Campus Lost & Found Portal – Authentication, CRUD, Search/vendor/laravel/framework/src/Illuminate/Pipeline/Pipeline.php(219): Illuminate/Foundation/Http/Middleware/VerifyCsrfToken->handle()
#25 C:/Users/Monami Sadhu/Music/🏫 Campus Lost & Found Portal – Authentication, CRUD, Search/vendor/laravel/framework/src/Illuminate/View/Middleware/ShareErrorsFromSession.php(48): Illuminate/Pipeline/Pipeline->{closure:{closure:Illuminate/Pipeline/Pipeline::carry():194}:195}()
#26 C:/Users/Monami Sadhu/Music/🏫 Campus Lost & Found Portal – Authentication, CRUD, Search/vendor/laravel/framework/src/Illuminate/Pipeline/Pipeline.php(219): Illuminate/View/Middleware/ShareErrorsFromSession->handle()
#27 C:/Users/Monami Sadhu/Music/🏫 Campus Lost & Found Portal – Authentication, CRUD, Search/vendor/laravel/framework/src/Illuminate/Session/Middleware/StartSession.php(120): Illuminate/Pipeline/Pipeline->{closure:{closure:Illuminate/Pipeline/Pipeline::carry():194}:195}()
#28 C:/Users/Monami Sadhu/Music/🏫 Campus Lost & Found Portal – Authentication, CRUD, Search/vendor/laravel/framework/src/Illuminate/Session/Middleware/StartSession.php(63): Illuminate/Session/Middleware/StartSession->handleStatefulRequest()
#29 C:/Users/Monami Sadhu/Music/🏫 Campus Lost & Found Portal – Authentication, CRUD, Search/vendor/laravel/framework/src/Illuminate/Pipeline/Pipeline.php(219): Illuminate/Session/Middleware/StartSession->handle()
#30 C:/Users/Monami Sadhu/Music/🏫 Campus Lost & Found Portal – Authentication, CRUD, Search/vendor/laravel/framework/src/Illuminate/Cookie/Middleware/AddQueuedCookiesToResponse.php(36): Illuminate/Pipeline/Pipeline->{closure:{closure:Illuminate/Pipeline/Pipeline::carry():194}:195}()
#31 C:/Users/Monami Sadhu/Music/🏫 Campus Lost & Found Portal – Authentication, CRUD, Search/vendor/laravel/framework/src/Illuminate/Pipeline/Pipeline.php(219): Illuminate/Cookie/Middleware/AddQueuedCookiesToResponse->handle()
#32 C:/Users/Monami Sadhu/Music/🏫 Campus Lost & Found Portal – Authentication, CRUD, Search/vendor/laravel/framework/src/Illuminate/Cookie/Middleware/EncryptCookies.php(74): Illuminate/Pipeline/Pipeline->{closure:{closure:Illuminate/Pipeline/Pipeline::carry():194}:195}()
#33 C:/Users/Monami Sadhu/Music/🏫 Campus Lost & Found Portal – Authentication, CRUD, Search/vendor/laravel/framework/src/Illuminate/Pipeline/Pipeline.php(219): Illuminate/Cookie/Middleware/EncryptCookies->handle()
#34 C:/Users/Monami Sadhu/Music/🏫 Campus Lost & Found Portal – Authentication, CRUD, Search/vendor/laravel/framework/src/Illuminate/Pipeline/Pipeline.php(137): Illuminate/Pipeline/Pipeline->{closure:{closure:Illuminate/Pipeline/Pipeline::carry():194}:195}()
#35 C:/Users/Monami Sadhu/Music/🏫 Campus Lost & Found Portal – Authentication, CRUD, Search/vendor/laravel/framework/src/Illuminate/Routing/Router.php(821): Illuminate/Pipeline/Pipeline->then()
#36 C:/Users/Monami Sadhu/Music/🏫 Campus Lost & Found Portal – Authentication, CRUD, Search/vendor/laravel/framework/src/Illuminate/Routing/Router.php(800): Illuminate/Routing/Router->runRouteWithinStack()
#37 C:/Users/Monami Sadhu/Music/🏫 Campus Lost & Found Portal – Authentication, CRUD, Search/vendor/laravel/framework/src/Illuminate/Routing/Router.php(764): Illuminate/Routing/Router->runRoute()
#38 C:/Users/Monami Sadhu/Music/🏫 Campus Lost & Found Portal – Authentication, CRUD, Search/vendor/laravel/framework/src/Illuminate/Routing/Router.php(753): Illuminate/Routing/Router->dispatchToRoute()
#39 C:/Users/Monami Sadhu/Music/🏫 Campus Lost & Found Portal – Authentication, CRUD, Search/vendor/laravel/framework/src/Illuminate/Foundation/Http/Kernel.php(200): Illuminate/Routing/Router->dispatch()
#40 C:/Users/Monami Sadhu/Music/🏫 Campus Lost & Found Portal – Authentication, CRUD, Search/vendor/laravel/framework/src/Illuminate/Pipeline/Pipeline.php(180): Illuminate/Foundation/Http/Kernel->{closure:Illuminate/Foundation/Http/Kernel::dispatchToRouter():197}()
#41 C:/Users/Monami Sadhu/Music/🏫 Campus Lost & Found Portal – Authentication, CRUD, Search/vendor/laravel/framework/src/Illuminate/Foundation/Http/Middleware/TransformsRequest.php(21): Illuminate/Pipeline/Pipeline->{closure:Illuminate/Pipeline/Pipeline::prepareDestination():178}()
#42 C:/Users/Monami Sadhu/Music/🏫 Campus Lost & Found Portal – Authentication, CRUD, Search/vendor/laravel/framework/src/Illuminate/Foundation/Http/Middleware/ConvertEmptyStringsToNull.php(31): Illuminate/Foundation/Http/Middleware/TransformsRequest->handle()
#43 C:/Users/Monami Sadhu/Music/🏫 Campus Lost & Found Portal – Authentication, CRUD, Search/vendor/laravel/framework/src/Illuminate/Pipeline/Pipeline.php(219): Illuminate/Foundation/Http/Middleware/ConvertEmptyStringsToNull->handle()
#44 C:/Users/Monami Sadhu/Music/🏫 Campus Lost & Found Portal – Authentication, CRUD, Search/vendor/laravel/framework/src/Illuminate/Foundation/Http/Middleware/TransformsRequest.php(21): Illuminate/Pipeline/Pipeline->{closure:{closure:Illuminate/Pipeline/Pipeline::carry():194}:195}()
#45 C:/Users/Monami Sadhu/Music/🏫 Campus Lost & Found Portal – Authentication, CRUD, Search/vendor/laravel/framework/src/Illuminate/Foundation/Http/Middleware/TrimStrings.php(51): Illuminate/Foundation/Http/Middleware/TransformsRequest->handle()
#46 C:/Users/Monami Sadhu/Music/🏫 Campus Lost & Found Portal – Authentication, CRUD, Search/vendor/laravel/framework/src/Illuminate/Pipeline/Pipeline.php(219): Illuminate/Foundation/Http/Middleware/TrimStrings->handle()
#47 C:/Users/Monami Sadhu/Music/🏫 Campus Lost & Found Portal – Authentication, CRUD, Search/vendor/laravel/framework/src/Illuminate/Http/Middleware/ValidatePostSize.php(27): Illuminate/Pipeline/Pipeline->{closure:{closure:Illuminate/Pipeline/Pipeline::carry():194}:195}()
#48 C:/Users/Monami Sadhu/Music/🏫 Campus Lost & Found Portal – Authentication, CRUD, Search/vendor/laravel/framework/src/Illuminate/Pipeline/Pipeline.php(219): Illuminate/Http/Middleware/ValidatePostSize->handle()
#49 C:/Users/Monami Sadhu/Music/🏫 Campus Lost & Found Portal – Authentication, CRUD, Search/vendor/laravel/framework/src/Illuminate/Foundation/Http/Middleware/PreventRequestsDuringMaintenance.php(109): Illuminate/Pipeline/Pipeline->{closure:{closure:Illuminate/Pipeline/Pipeline::carry():194}:195}()
#50 C:/Users/Monami Sadhu/Music/🏫 Campus Lost & Found Portal – Authentication, CRUD, Search/vendor/laravel/framework/src/Illuminate/Pipeline/Pipeline.php(219): Illuminate/Foundation/Http/Middleware/PreventRequestsDuringMaintenance->handle()
#51 C:/Users/Monami Sadhu/Music/🏫 Campus Lost & Found Portal – Authentication, CRUD, Search/vendor/laravel/framework/src/Illuminate/Http/Middleware/HandleCors.php(61): Illuminate/Pipeline/Pipeline->{closure:{closure:Illuminate/Pipeline/Pipeline::carry():194}:195}()
#52 C:/Users/Monami Sadhu/Music/🏫 Campus Lost & Found Portal – Authentication, CRUD, Search/vendor/laravel/framework/src/Illuminate/Pipeline/Pipeline.php(219): Illuminate/Http/Middleware/HandleCors->handle()
#53 C:/Users/Monami Sadhu/Music/🏫 Campus Lost & Found Portal – Authentication, CRUD, Search/vendor/laravel/framework/src/Illuminate/Http/Middleware/TrustProxies.php(58): Illuminate/Pipeline/Pipeline->{closure:{closure:Illuminate/Pipeline/Pipeline::carry():194}:195}()
#54 C:/Users/Monami Sadhu/Music/🏫 Campus Lost & Found Portal – Authentication, CRUD, Search/vendor/laravel/framework/src/Illuminate/Pipeline/Pipeline.php(219): Illuminate/Http/Middleware/TrustProxies->handle()
#55 C:/Users/Monami Sadhu/Music/🏫 Campus Lost & Found Portal – Authentication, CRUD, Search/vendor/laravel/framework/src/Illuminate/Foundation/Http/Middleware/InvokeDeferredCallbacks.php(22): Illuminate/Pipeline/Pipeline->{closure:{closure:Illuminate/Pipeline/Pipeline::carry():194}:195}()
#56 C:/Users/Monami Sadhu/Music/🏫 Campus Lost & Found Portal – Authentication, CRUD, Search/vendor/laravel/framework/src/Illuminate/Pipeline/Pipeline.php(219): Illuminate/Foundation/Http/Middleware/InvokeDeferredCallbacks->handle()
#57 C:/Users/Monami Sadhu/Music/🏫 Campus Lost & Found Portal – Authentication, CRUD, Search/vendor/laravel/framework/src/Illuminate/Http/Middleware/ValidatePathEncoding.php(26): Illuminate/Pipeline/Pipeline->{closure:{closure:Illuminate/Pipeline/Pipeline::carry():194}:195}()
#58 C:/Users/Monami Sadhu/Music/🏫 Campus Lost & Found Portal – Authentication, CRUD, Search/vendor/laravel/framework/src/Illuminate/Pipeline/Pipeline.php(219): Illuminate/Http/Middleware/ValidatePathEncoding->handle()
#59 C:/Users/Monami Sadhu/Music/🏫 Campus Lost & Found Portal – Authentication, CRUD, Search/vendor/laravel/framework/src/Illuminate/Pipeline/Pipeline.php(137): Illuminate/Pipeline/Pipeline->{closure:{closure:Illuminate/Pipeline/Pipeline::carry():194}:195}()
#60 C:/Users/Monami Sadhu/Music/🏫 Campus Lost & Found Portal – Authentication, CRUD, Search/vendor/laravel/framework/src/Illuminate/Foundation/Http/Kernel.php(175): Illuminate/Pipeline/Pipeline->then()
#61 C:/Users/Monami Sadhu/Music/🏫 Campus Lost & Found Portal – Authentication, CRUD, Search/vendor/laravel/framework/src/Illuminate/Foundation/Http/Kernel.php(144): Illuminate/Foundation/Http/Kernel->sendRequestThroughRouter()
#62 C:/Users/Monami Sadhu/Music/🏫 Campus Lost & Found Portal – Authentication, CRUD, Search/vendor/laravel/framework/src/Illuminate/Foundation/Testing/Concerns/MakesHttpRequests.php(607): Illuminate/Foundation/Http/Kernel->handle()
#63 C:/Users/Monami Sadhu/Music/🏫 Campus Lost & Found Portal – Authentication, CRUD, Search/vendor/laravel/framework/src/Illuminate/Foundation/Testing/Concerns/MakesHttpRequests.php(368): Illuminate/Foundation/Testing/TestCase->call()
#64 C:/Users/Monami Sadhu/Music/🏫 Campus Lost & Found Portal – Authentication, CRUD, Search/tests/Feature/HomePageTest.php(11): Illuminate/Foundation/Testing/TestCase->get()
#65 C:/Users/Monami Sadhu/Music/🏫 Campus Lost & Found Portal – Authentication, CRUD, Search/vendor/phpunit/phpunit/src/Framework/TestCase.php(1667): Tests/Feature/HomePageTest->test_home_page_is_accessible()
#66 C:/Users/Monami Sadhu/Music/🏫 Campus Lost & Found Portal – Authentication, CRUD, Search/vendor/phpunit/phpunit/src/Framework/TestCase.php(519): PHPUnit/Framework/TestCase->runTest()
#67 C:/Users/Monami Sadhu/Music/🏫 Campus Lost & Found Portal – Authentication, CRUD, Search/vendor/phpunit/phpunit/src/Framework/TestRunner/TestRunner.php(87): PHPUnit/Framework/TestCase->runBare()
#68 C:/Users/Monami Sadhu/Music/🏫 Campus Lost & Found Portal – Authentication, CRUD, Search/vendor/phpunit/phpunit/src/Framework/TestCase.php(365): PHPUnit/Framework/TestRunner->run()
#69 C:/Users/Monami Sadhu/Music/🏫 Campus Lost & Found Portal – Authentication, CRUD, Search/vendor/phpunit/phpunit/src/Framework/TestSuite.php(369): PHPUnit/Framework/TestCase->run()
#70 C:/Users/Monami Sadhu/Music/🏫 Campus Lost & Found Portal – Authentication, CRUD, Search/vendor/phpunit/phpunit/src/Framework/TestSuite.php(369): PHPUnit/Framework/TestSuite->run()
#71 C:/Users/Monami Sadhu/Music/🏫 Campus Lost & Found Portal – Authentication, CRUD, Search/vendor/phpunit/phpunit/src/Framework/TestSuite.php(369): PHPUnit/Framework/TestSuite->run()
#72 C:/Users/Monami Sadhu/Music/🏫 Campus Lost & Found Portal – Authentication, CRUD, Search/vendor/phpunit/phpunit/src/TextUI/TestRunner.php(64): PHPUnit/Framework/TestSuite->run()
#73 C:/Users/Monami Sadhu/Music/🏫 Campus Lost & Found Portal – Authentication, CRUD, Search/vendor/phpunit/phpunit/src/TextUI/Application.php(211): PHPUnit/TextUI/TestRunner->run()
#74 C:/Users/Monami Sadhu/Music/🏫 Campus Lost & Found Portal – Authentication, CRUD, Search/vendor/phpunit/phpunit/phpunit(104): PHPUnit/TextUI/Application->run()
#75 {main}
"} 
[2026-08-08 04:35:57] local.ERROR: Class "Request" not found (View: C:\Users\Monami Sadhu\Music\🏫 Campus Lost & Found Portal – Authentication, CRUD, Search\resources\views\layouts\app.blade.php) (View: C:\Users\Monami Sadhu\Music\🏫 Campus Lost & Found Portal – Authentication, CRUD, Search\resources\views\layouts\app.blade.php) {"exception":"[object] (Illuminate\\View\\ViewException(code: 0): Class \"Request\" not found (View: C:\\Users\\Monami Sadhu\\Music\\🏫 Campus Lost & Found Portal – Authentication, CRUD, Search\\resources\\views\\layouts\\app.blade.php) (View: C:\\Users\\Monami Sadhu\\Music\\🏫 Campus Lost & Found Portal – Authentication, CRUD, Search\\resources\\views\\layouts\\app.blade.php) at C:/Users/Monami Sadhu/Music/🏫 Campus Lost & Found Portal – Authentication, CRUD, Search/storage/framework/views/7663ecabfccde130339e2852f5a718ea.php:97)
[stacktrace]
#0 C:/Users/Monami Sadhu/Music/🏫 Campus Lost & Found Portal – Authentication, CRUD, Search/vendor/laravel/framework/src/Illuminate/View/Engines/PhpEngine.php(59): Illuminate/View/Engines/CompilerEngine->handleViewException()
#1 C:/Users/Monami Sadhu/Music/🏫 Campus Lost & Found Portal – Authentication, CRUD, Search/vendor/laravel/framework/src/Illuminate/View/Engines/CompilerEngine.php(76): Illuminate/View/Engines/PhpEngine->evaluatePath()
#2 C:/Users/Monami Sadhu/Music/🏫 Campus Lost & Found Portal – Authentication, CRUD, Search/vendor/laravel/framework/src/Illuminate/View/View.php(208): Illuminate/View/Engines/CompilerEngine->get()
#3 C:/Users/Monami Sadhu/Music/🏫 Campus Lost & Found Portal – Authentication, CRUD, Search/vendor/laravel/framework/src/Illuminate/View/View.php(191): Illuminate/View/View->getContents()
#4 C:/Users/Monami Sadhu/Music/🏫 Campus Lost & Found Portal – Authentication, CRUD, Search/vendor/laravel/framework/src/Illuminate/View/View.php(160): Illuminate/View/View->renderContents()
#5 C:/Users/Monami Sadhu/Music/🏫 Campus Lost & Found Portal – Authentication, CRUD, Search/vendor/laravel/framework/src/Illuminate/Http/Response.php(78): Illuminate/View/View->render()
#6 C:/Users/Monami Sadhu/Music/🏫 Campus Lost & Found Portal – Authentication, CRUD, Search/vendor/laravel/framework/src/Illuminate/Http/Response.php(34): Illuminate/Http/Response->setContent()
#7 C:/Users/Monami Sadhu/Music/🏫 Campus Lost & Found Portal – Authentication, CRUD, Search/vendor/laravel/framework/src/Illuminate/Routing/Router.php(939): Illuminate/Http/Response->__construct()
#8 C:/Users/Monami Sadhu/Music/🏫 Campus Lost & Found Portal – Authentication, CRUD, Search/vendor/laravel/framework/src/Illuminate/Routing/Router.php(906): Illuminate/Routing/Router::toResponse()
#9 C:/Users/Monami Sadhu/Music/🏫 Campus Lost & Found Portal – Authentication, CRUD, Search/vendor/laravel/framework/src/Illuminate/Routing/Router.php(821): Illuminate/Routing/Router->prepareResponse()
#10 C:/Users/Monami Sadhu/Music/🏫 Campus Lost & Found Portal – Authentication, CRUD, Search/vendor/laravel/framework/src/Illuminate/Pipeline/Pipeline.php(180): Illuminate/Routing/Router->{closure:Illuminate/Routing/Router::runRouteWithinStack():821}()
#11 C:/Users/Monami Sadhu/Music/🏫 Campus Lost & Found Portal – Authentication, CRUD, Search/vendor/laravel/framework/src/Illuminate/Routing/Middleware/SubstituteBindings.php(50): Illuminate/Pipeline/Pipeline->{closure:Illuminate/Pipeline/Pipeline::prepareDestination():178}()
#12 C:/Users/Monami Sadhu/Music/🏫 Campus Lost & Found Portal – Authentication, CRUD, Search/vendor/laravel/framework/src/Illuminate/Pipeline/Pipeline.php(219): Illuminate/Routing/Middleware/SubstituteBindings->handle()
#13 C:/Users/Monami Sadhu/Music/🏫 Campus Lost & Found Portal – Authentication, CRUD, Search/vendor/laravel/framework/src/Illuminate/Foundation/Http/Middleware/VerifyCsrfToken.php(87): Illuminate/Pipeline/Pipeline->{closure:{closure:Illuminate/Pipeline/Pipeline::carry():194}:195}()
#14 C:/Users/Monami Sadhu/Music/🏫 Campus Lost & Found Portal – Authentication, CRUD, Search/vendor/laravel/framework/src/Illuminate/Pipeline/Pipeline.php(219): Illuminate/Foundation/Http/Middleware/VerifyCsrfToken->handle()
#15 C:/Users/Monami Sadhu/Music/🏫 Campus Lost & Found Portal – Authentication, CRUD, Search/vendor/laravel/framework/src/Illuminate/View/Middleware/ShareErrorsFromSession.php(48): Illuminate/Pipeline/Pipeline->{closure:{closure:Illuminate/Pipeline/Pipeline::carry():194}:195}()
#16 C:/Users/Monami Sadhu/Music/🏫 Campus Lost & Found Portal – Authentication, CRUD, Search/vendor/laravel/framework/src/Illuminate/Pipeline/Pipeline.php(219): Illuminate/View/Middleware/ShareErrorsFromSession->handle()
#17 C:/Users/Monami Sadhu/Music/🏫 Campus Lost & Found Portal – Authentication, CRUD, Search/vendor/laravel/framework/src/Illuminate/Session/Middleware/StartSession.php(120): Illuminate/Pipeline/Pipeline->{closure:{closure:Illuminate/Pipeline/Pipeline::carry():194}:195}()
#18 C:/Users/Monami Sadhu/Music/🏫 Campus Lost & Found Portal – Authentication, CRUD, Search/vendor/laravel/framework/src/Illuminate/Session/Middleware/StartSession.php(63): Illuminate/Session/Middleware/StartSession->handleStatefulRequest()
#19 C:/Users/Monami Sadhu/Music/🏫 Campus Lost & Found Portal – Authentication, CRUD, Search/vendor/laravel/framework/src/Illuminate/Pipeline/Pipeline.php(219): Illuminate/Session/Middleware/StartSession->handle()
#20 C:/Users/Monami Sadhu/Music/🏫 Campus Lost & Found Portal – Authentication, CRUD, Search/vendor/laravel/framework/src/Illuminate/Cookie/Middleware/AddQueuedCookiesToResponse.php(36): Illuminate/Pipeline/Pipeline->{closure:{closure:Illuminate/Pipeline/Pipeline::carry():194}:195}()
#21 C:/Users/Monami Sadhu/Music/🏫 Campus Lost & Found Portal – Authentication, CRUD, Search/vendor/laravel/framework/src/Illuminate/Pipeline/Pipeline.php(219): Illuminate/Cookie/Middleware/AddQueuedCookiesToResponse->handle()
#22 C:/Users/Monami Sadhu/Music/🏫 Campus Lost & Found Portal – Authentication, CRUD, Search/vendor/laravel/framework/src/Illuminate/Cookie/Middleware/EncryptCookies.php(74): Illuminate/Pipeline/Pipeline->{closure:{closure:Illuminate/Pipeline/Pipeline::carry():194}:195}()
#23 C:/Users/Monami Sadhu/Music/🏫 Campus Lost & Found Portal – Authentication, CRUD, Search/vendor/laravel/framework/src/Illuminate/Pipeline/Pipeline.php(219): Illuminate/Cookie/Middleware/EncryptCookies->handle()
#24 C:/Users/Monami Sadhu/Music/🏫 Campus Lost & Found Portal – Authentication, CRUD, Search/vendor/laravel/framework/src/Illuminate/Pipeline/Pipeline.php(137): Illuminate/Pipeline/Pipeline->{closure:{closure:Illuminate/Pipeline/Pipeline::carry():194}:195}()
#25 C:/Users/Monami Sadhu/Music/🏫 Campus Lost & Found Portal – Authentication, CRUD, Search/vendor/laravel/framework/src/Illuminate/Routing/Router.php(821): Illuminate/Pipeline/Pipeline->then()
#26 C:/Users/Monami Sadhu/Music/🏫 Campus Lost & Found Portal – Authentication, CRUD, Search/vendor/laravel/framework/src/Illuminate/Routing/Router.php(800): Illuminate/Routing/Router->runRouteWithinStack()
#27 C:/Users/Monami Sadhu/Music/🏫 Campus Lost & Found Portal – Authentication, CRUD, Search/vendor/laravel/framework/src/Illuminate/Routing/Router.php(764): Illuminate/Routing/Router->runRoute()
#28 C:/Users/Monami Sadhu/Music/🏫 Campus Lost & Found Portal – Authentication, CRUD, Search/vendor/laravel/framework/src/Illuminate/Routing/Router.php(753): Illuminate/Routing/Router->dispatchToRoute()
#29 C:/Users/Monami Sadhu/Music/🏫 Campus Lost & Found Portal – Authentication, CRUD, Search/vendor/laravel/framework/src/Illuminate/Foundation/Http/Kernel.php(200): Illuminate/Routing/Router->dispatch()
#30 C:/Users/Monami Sadhu/Music/🏫 Campus Lost & Found Portal – Authentication, CRUD, Search/vendor/laravel/framework/src/Illuminate/Pipeline/Pipeline.php(180): Illuminate/Foundation/Http/Kernel->{closure:Illuminate/Foundation/Http/Kernel::dispatchToRouter():197}()
#31 C:/Users/Monami Sadhu/Music/🏫 Campus Lost & Found Portal – Authentication, CRUD, Search/vendor/laravel/framework/src/Illuminate/Foundation/Http/Middleware/TransformsRequest.php(21): Illuminate/Pipeline/Pipeline->{closure:Illuminate/Pipeline/Pipeline::prepareDestination():178}()
#32 C:/Users/Monami Sadhu/Music/🏫 Campus Lost & Found Portal – Authentication, CRUD, Search/vendor/laravel/framework/src/Illuminate/Foundation/Http/Middleware/ConvertEmptyStringsToNull.php(31): Illuminate/Foundation/Http/Middleware/TransformsRequest->handle()
#33 C:/Users/Monami Sadhu/Music/🏫 Campus Lost & Found Portal – Authentication, CRUD, Search/vendor/laravel/framework/src/Illuminate/Pipeline/Pipeline.php(219): Illuminate/Foundation/Http/Middleware/ConvertEmptyStringsToNull->handle()
#34 C:/Users/Monami Sadhu/Music/🏫 Campus Lost & Found Portal – Authentication, CRUD, Search/vendor/laravel/framework/src/Illuminate/Foundation/Http/Middleware/TransformsRequest.php(21): Illuminate/Pipeline/Pipeline->{closure:{closure:Illuminate/Pipeline/Pipeline::carry():194}:195}()
#35 C:/Users/Monami Sadhu/Music/🏫 Campus Lost & Found Portal – Authentication, CRUD, Search/vendor/laravel/framework/src/Illuminate/Foundation/Http/Middleware/TrimStrings.php(51): Illuminate/Foundation/Http/Middleware/TransformsRequest->handle()
#36 C:/Users/Monami Sadhu/Music/🏫 Campus Lost & Found Portal – Authentication, CRUD, Search/vendor/laravel/framework/src/Illuminate/Pipeline/Pipeline.php(219): Illuminate/Foundation/Http/Middleware/TrimStrings->handle()
#37 C:/Users/Monami Sadhu/Music/🏫 Campus Lost & Found Portal – Authentication, CRUD, Search/vendor/laravel/framework/src/Illuminate/Http/Middleware/ValidatePostSize.php(27): Illuminate/Pipeline/Pipeline->{closure:{closure:Illuminate/Pipeline/Pipeline::carry():194}:195}()
#38 C:/Users/Monami Sadhu/Music/🏫 Campus Lost & Found Portal – Authentication, CRUD, Search/vendor/laravel/framework/src/Illuminate/Pipeline/Pipeline.php(219): Illuminate/Http/Middleware/ValidatePostSize->handle()
#39 C:/Users/Monami Sadhu/Music/🏫 Campus Lost & Found Portal – Authentication, CRUD, Search/vendor/laravel/framework/src/Illuminate/Foundation/Http/Middleware/PreventRequestsDuringMaintenance.php(109): Illuminate/Pipeline/Pipeline->{closure:{closure:Illuminate/Pipeline/Pipeline::carry():194}:195}()
#40 C:/Users/Monami Sadhu/Music/🏫 Campus Lost & Found Portal – Authentication, CRUD, Search/vendor/laravel/framework/src/Illuminate/Pipeline/Pipeline.php(219): Illuminate/Foundation/Http/Middleware/PreventRequestsDuringMaintenance->handle()
#41 C:/Users/Monami Sadhu/Music/🏫 Campus Lost & Found Portal – Authentication, CRUD, Search/vendor/laravel/framework/src/Illuminate/Http/Middleware/HandleCors.php(61): Illuminate/Pipeline/Pipeline->{closure:{closure:Illuminate/Pipeline/Pipeline::carry():194}:195}()
#42 C:/Users/Monami Sadhu/Music/🏫 Campus Lost & Found Portal – Authentication, CRUD, Search/vendor/laravel/framework/src/Illuminate/Pipeline/Pipeline.php(219): Illuminate/Http/Middleware/HandleCors->handle()
#43 C:/Users/Monami Sadhu/Music/🏫 Campus Lost & Found Portal – Authentication, CRUD, Search/vendor/laravel/framework/src/Illuminate/Http/Middleware/TrustProxies.php(58): Illuminate/Pipeline/Pipeline->{closure:{closure:Illuminate/Pipeline/Pipeline::carry():194}:195}()
#44 C:/Users/Monami Sadhu/Music/🏫 Campus Lost & Found Portal – Authentication, CRUD, Search/vendor/laravel/framework/src/Illuminate/Pipeline/Pipeline.php(219): Illuminate/Http/Middleware/TrustProxies->handle()
#45 C:/Users/Monami Sadhu/Music/🏫 Campus Lost & Found Portal – Authentication, CRUD, Search/vendor/laravel/framework/src/Illuminate/Foundation/Http/Middleware/InvokeDeferredCallbacks.php(22): Illuminate/Pipeline/Pipeline->{closure:{closure:Illuminate/Pipeline/Pipeline::carry():194}:195}()
#46 C:/Users/Monami Sadhu/Music/🏫 Campus Lost & Found Portal – Authentication, CRUD, Search/vendor/laravel/framework/src/Illuminate/Pipeline/Pipeline.php(219): Illuminate/Foundation/Http/Middleware/InvokeDeferredCallbacks->handle()
#47 C:/Users/Monami Sadhu/Music/🏫 Campus Lost & Found Portal – Authentication, CRUD, Search/vendor/laravel/framework/src/Illuminate/Http/Middleware/ValidatePathEncoding.php(26): Illuminate/Pipeline/Pipeline->{closure:{closure:Illuminate/Pipeline/Pipeline::carry():194}:195}()
#48 C:/Users/Monami Sadhu/Music/🏫 Campus Lost & Found Portal – Authentication, CRUD, Search/vendor/laravel/framework/src/Illuminate/Pipeline/Pipeline.php(219): Illuminate/Http/Middleware/ValidatePathEncoding->handle()
#49 C:/Users/Monami Sadhu/Music/🏫 Campus Lost & Found Portal – Authentication, CRUD, Search/vendor/laravel/framework/src/Illuminate/Pipeline/Pipeline.php(137): Illuminate/Pipeline/Pipeline->{closure:{closure:Illuminate/Pipeline/Pipeline::carry():194}:195}()
#50 C:/Users/Monami Sadhu/Music/🏫 Campus Lost & Found Portal – Authentication, CRUD, Search/vendor/laravel/framework/src/Illuminate/Foundation/Http/Kernel.php(175): Illuminate/Pipeline/Pipeline->then()
#51 C:/Users/Monami Sadhu/Music/🏫 Campus Lost & Found Portal – Authentication, CRUD, Search/vendor/laravel/framework/src/Illuminate/Foundation/Http/Kernel.php(144): Illuminate/Foundation/Http/Kernel->sendRequestThroughRouter()
#52 C:/Users/Monami Sadhu/Music/🏫 Campus Lost & Found Portal – Authentication, CRUD, Search/vendor/laravel/framework/src/Illuminate/Foundation/Testing/Concerns/MakesHttpRequests.php(607): Illuminate/Foundation/Http/Kernel->handle()
#53 C:/Users/Monami Sadhu/Music/🏫 Campus Lost & Found Portal – Authentication, CRUD, Search/vendor/laravel/framework/src/Illuminate/Foundation/Testing/Concerns/MakesHttpRequests.php(368): Illuminate/Foundation/Testing/TestCase->call()
#54 C:/Users/Monami Sadhu/Music/🏫 Campus Lost & Found Portal – Authentication, CRUD, Search/tests/Feature/HomePageTest.php(11): Illuminate/Foundation/Testing/TestCase->get()
#55 C:/Users/Monami Sadhu/Music/🏫 Campus Lost & Found Portal – Authentication, CRUD, Search/vendor/phpunit/phpunit/src/Framework/TestCase.php(1667): Tests/Feature/HomePageTest->test_home_page_is_accessible()
#56 C:/Users/Monami Sadhu/Music/🏫 Campus Lost & Found Portal – Authentication, CRUD, Search/vendor/phpunit/phpunit/src/Framework/TestCase.php(519): PHPUnit/Framework/TestCase->runTest()
#57 C:/Users/Monami Sadhu/Music/🏫 Campus Lost & Found Portal – Authentication, CRUD, Search/vendor/phpunit/phpunit/src/Framework/TestRunner/TestRunner.php(87): PHPUnit/Framework/TestCase->runBare()
#58 C:/Users/Monami Sadhu/Music/🏫 Campus Lost & Found Portal – Authentication, CRUD, Search/vendor/phpunit/phpunit/src/Framework/TestCase.php(365): PHPUnit/Framework/TestRunner->run()
#59 C:/Users/Monami Sadhu/Music/🏫 Campus Lost & Found Portal – Authentication, CRUD, Search/vendor/phpunit/phpunit/src/Framework/TestSuite.php(369): PHPUnit/Framework/TestCase->run()
#60 C:/Users/Monami Sadhu/Music/🏫 Campus Lost & Found Portal – Authentication, CRUD, Search/vendor/phpunit/phpunit/src/TextUI/TestRunner.php(64): PHPUnit/Framework/TestSuite->run()
#61 C:/Users/Monami Sadhu/Music/🏫 Campus Lost & Found Portal – Authentication, CRUD, Search/vendor/phpunit/phpunit/src/TextUI/Application.php(211): PHPUnit/TextUI/TestRunner->run()
#62 C:/Users/Monami Sadhu/Music/🏫 Campus Lost & Found Portal – Authentication, CRUD, Search/vendor/phpunit/phpunit/phpunit(104): PHPUnit/TextUI/Application->run()
#63 {main}

[previous exception] [object] (Illuminate\\View\\ViewException(code: 0): Class \"Request\" not found (View: C:\\Users\\Monami Sadhu\\Music\\🏫 Campus Lost & Found Portal – Authentication, CRUD, Search\\resources\\views\\layouts\\app.blade.php) at C:/Users/Monami Sadhu/Music/🏫 Campus Lost & Found Portal – Authentication, CRUD, Search/storage/framework/views/7663ecabfccde130339e2852f5a718ea.php:97)
[stacktrace]
#0 C:/Users/Monami Sadhu/Music/🏫 Campus Lost & Found Portal – Authentication, CRUD, Search/vendor/laravel/framework/src/Illuminate/View/Engines/PhpEngine.php(59): Illuminate/View/Engines/CompilerEngine->handleViewException()
#1 C:/Users/Monami Sadhu/Music/🏫 Campus Lost & Found Portal – Authentication, CRUD, Search/vendor/laravel/framework/src/Illuminate/View/Engines/CompilerEngine.php(76): Illuminate/View/Engines/PhpEngine->evaluatePath()
#2 C:/Users/Monami Sadhu/Music/🏫 Campus Lost & Found Portal – Authentication, CRUD, Search/vendor/laravel/framework/src/Illuminate/View/View.php(208): Illuminate/View/Engines/CompilerEngine->get()
#3 C:/Users/Monami Sadhu/Music/🏫 Campus Lost & Found Portal – Authentication, CRUD, Search/vendor/laravel/framework/src/Illuminate/View/View.php(191): Illuminate/View/View->getContents()
#4 C:/Users/Monami Sadhu/Music/🏫 Campus Lost & Found Portal – Authentication, CRUD, Search/vendor/laravel/framework/src/Illuminate/View/View.php(160): Illuminate/View/View->renderContents()
#5 C:/Users/Monami Sadhu/Music/🏫 Campus Lost & Found Portal – Authentication, CRUD, Search/storage/framework/views/59a65b3265790f3e2a8a69f11286cb1d.php(202): Illuminate/View/View->render()
#6 C:/Users/Monami Sadhu/Music/🏫 Campus Lost & Found Portal – Authentication, CRUD, Search/vendor/laravel/framework/src/Illuminate/Filesystem/Filesystem.php(123): require('...')
#7 C:/Users/Monami Sadhu/Music/🏫 Campus Lost & Found Portal – Authentication, CRUD, Search/vendor/laravel/framework/src/Illuminate/Filesystem/Filesystem.php(124): Illuminate/Filesystem/Filesystem::{closure:Illuminate/Filesystem/Filesystem::getRequire():120}()
#8 C:/Users/Monami Sadhu/Music/🏫 Campus Lost & Found Portal – Authentication, CRUD, Search/vendor/laravel/framework/src/Illuminate/View/Engines/PhpEngine.php(57): Illuminate/Filesystem/Filesystem->getRequire()
#9 C:/Users/Monami Sadhu/Music/🏫 Campus Lost & Found Portal – Authentication, CRUD, Search/vendor/laravel/framework/src/Illuminate/View/Engines/CompilerEngine.php(76): Illuminate/View/Engines/PhpEngine->evaluatePath()
#10 C:/Users/Monami Sadhu/Music/🏫 Campus Lost & Found Portal – Authentication, CRUD, Search/vendor/laravel/framework/src/Illuminate/View/View.php(208): Illuminate/View/Engines/CompilerEngine->get()
#11 C:/Users/Monami Sadhu/Music/🏫 Campus Lost & Found Portal – Authentication, CRUD, Search/vendor/laravel/framework/src/Illuminate/View/View.php(191): Illuminate/View/View->getContents()
#12 C:/Users/Monami Sadhu/Music/🏫 Campus Lost & Found Portal – Authentication, CRUD, Search/vendor/laravel/framework/src/Illuminate/View/View.php(160): Illuminate/View/View->renderContents()
#13 C:/Users/Monami Sadhu/Music/🏫 Campus Lost & Found Portal – Authentication, CRUD, Search/vendor/laravel/framework/src/Illuminate/Http/Response.php(78): Illuminate/View/View->render()
#14 C:/Users/Monami Sadhu/Music/🏫 Campus Lost & Found Portal – Authentication, CRUD, Search/vendor/laravel/framework/src/Illuminate/Http/Response.php(34): Illuminate/Http/Response->setContent()
#15 C:/Users/Monami Sadhu/Music/🏫 Campus Lost & Found Portal – Authentication, CRUD, Search/vendor/laravel/framework/src/Illuminate/Routing/Router.php(939): Illuminate/Http/Response->__construct()
#16 C:/Users/Monami Sadhu/Music/🏫 Campus Lost & Found Portal – Authentication, CRUD, Search/vendor/laravel/framework/src/Illuminate/Routing/Router.php(906): Illuminate/Routing/Router::toResponse()
#17 C:/Users/Monami Sadhu/Music/🏫 Campus Lost & Found Portal – Authentication, CRUD, Search/vendor/laravel/framework/src/Illuminate/Routing/Router.php(821): Illuminate/Routing/Router->prepareResponse()
#18 C:/Users/Monami Sadhu/Music/🏫 Campus Lost & Found Portal – Authentication, CRUD, Search/vendor/laravel/framework/src/Illuminate/Pipeline/Pipeline.php(180): Illuminate/Routing/Router->{closure:Illuminate/Routing/Router::runRouteWithinStack():821}()
#19 C:/Users/Monami Sadhu/Music/🏫 Campus Lost & Found Portal – Authentication, CRUD, Search/vendor/laravel/framework/src/Illuminate/Routing/Middleware/SubstituteBindings.php(50): Illuminate/Pipeline/Pipeline->{closure:Illuminate/Pipeline/Pipeline::prepareDestination():178}()
#20 C:/Users/Monami Sadhu/Music/🏫 Campus Lost & Found Portal – Authentication, CRUD, Search/vendor/laravel/framework/src/Illuminate/Pipeline/Pipeline.php(219): Illuminate/Routing/Middleware/SubstituteBindings->handle()
#21 C:/Users/Monami Sadhu/Music/🏫 Campus Lost & Found Portal – Authentication, CRUD, Search/vendor/laravel/framework/src/Illuminate/Foundation/Http/Middleware/VerifyCsrfToken.php(87): Illuminate/Pipeline/Pipeline->{closure:{closure:Illuminate/Pipeline/Pipeline::carry():194}:195}()
#22 C:/Users/Monami Sadhu/Music/🏫 Campus Lost & Found Portal – Authentication, CRUD, Search/vendor/laravel/framework/src/Illuminate/Pipeline/Pipeline.php(219): Illuminate/Foundation/Http/Middleware/VerifyCsrfToken->handle()
#23 C:/Users/Monami Sadhu/Music/🏫 Campus Lost & Found Portal – Authentication, CRUD, Search/vendor/laravel/framework/src/Illuminate/View/Middleware/ShareErrorsFromSession.php(48): Illuminate/Pipeline/Pipeline->{closure:{closure:Illuminate/Pipeline/Pipeline::carry():194}:195}()
#24 C:/Users/Monami Sadhu/Music/🏫 Campus Lost & Found Portal – Authentication, CRUD, Search/vendor/laravel/framework/src/Illuminate/Pipeline/Pipeline.php(219): Illuminate/View/Middleware/ShareErrorsFromSession->handle()
#25 C:/Users/Monami Sadhu/Music/🏫 Campus Lost & Found Portal – Authentication, CRUD, Search/vendor/laravel/framework/src/Illuminate/Session/Middleware/StartSession.php(120): Illuminate/Pipeline/Pipeline->{closure:{closure:Illuminate/Pipeline/Pipeline::carry():194}:195}()
#26 C:/Users/Monami Sadhu/Music/🏫 Campus Lost & Found Portal – Authentication, CRUD, Search/vendor/laravel/framework/src/Illuminate/Session/Middleware/StartSession.php(63): Illuminate/Session/Middleware/StartSession->handleStatefulRequest()
#27 C:/Users/Monami Sadhu/Music/🏫 Campus Lost & Found Portal – Authentication, CRUD, Search/vendor/laravel/framework/src/Illuminate/Pipeline/Pipeline.php(219): Illuminate/Session/Middleware/StartSession->handle()
#28 C:/Users/Monami Sadhu/Music/🏫 Campus Lost & Found Portal – Authentication, CRUD, Search/vendor/laravel/framework/src/Illuminate/Cookie/Middleware/AddQueuedCookiesToResponse.php(36): Illuminate/Pipeline/Pipeline->{closure:{closure:Illuminate/Pipeline/Pipeline::carry():194}:195}()
#29 C:/Users/Monami Sadhu/Music/🏫 Campus Lost & Found Portal – Authentication, CRUD, Search/vendor/laravel/framework/src/Illuminate/Pipeline/Pipeline.php(219): Illuminate/Cookie/Middleware/AddQueuedCookiesToResponse->handle()
#30 C:/Users/Monami Sadhu/Music/🏫 Campus Lost & Found Portal – Authentication, CRUD, Search/vendor/laravel/framework/src/Illuminate/Cookie/Middleware/EncryptCookies.php(74): Illuminate/Pipeline/Pipeline->{closure:{closure:Illuminate/Pipeline/Pipeline::carry():194}:195}()
#31 C:/Users/Monami Sadhu/Music/🏫 Campus Lost & Found Portal – Authentication, CRUD, Search/vendor/laravel/framework/src/Illuminate/Pipeline/Pipeline.php(219): Illuminate/Cookie/Middleware/EncryptCookies->handle()
#32 C:/Users/Monami Sadhu/Music/🏫 Campus Lost & Found Portal – Authentication, CRUD, Search/vendor/laravel/framework/src/Illuminate/Pipeline/Pipeline.php(137): Illuminate/Pipeline/Pipeline->{closure:{closure:Illuminate/Pipeline/Pipeline::carry():194}:195}()
#33 C:/Users/Monami Sadhu/Music/🏫 Campus Lost & Found Portal – Authentication, CRUD, Search/vendor/laravel/framework/src/Illuminate/Routing/Router.php(821): Illuminate/Pipeline/Pipeline->then()
#34 C:/Users/Monami Sadhu/Music/🏫 Campus Lost & Found Portal – Authentication, CRUD, Search/vendor/laravel/framework/src/Illuminate/Routing/Router.php(800): Illuminate/Routing/Router->runRouteWithinStack()
#35 C:/Users/Monami Sadhu/Music/🏫 Campus Lost & Found Portal – Authentication, CRUD, Search/vendor/laravel/framework/src/Illuminate/Routing/Router.php(764): Illuminate/Routing/Router->runRoute()
#36 C:/Users/Monami Sadhu/Music/🏫 Campus Lost & Found Portal – Authentication, CRUD, Search/vendor/laravel/framework/src/Illuminate/Routing/Router.php(753): Illuminate/Routing/Router->dispatchToRoute()
#37 C:/Users/Monami Sadhu/Music/🏫 Campus Lost & Found Portal – Authentication, CRUD, Search/vendor/laravel/framework/src/Illuminate/Foundation/Http/Kernel.php(200): Illuminate/Routing/Router->dispatch()
#38 C:/Users/Monami Sadhu/Music/🏫 Campus Lost & Found Portal – Authentication, CRUD, Search/vendor/laravel/framework/src/Illuminate/Pipeline/Pipeline.php(180): Illuminate/Foundation/Http/Kernel->{closure:Illuminate/Foundation/Http/Kernel::dispatchToRouter():197}()
#39 C:/Users/Monami Sadhu/Music/🏫 Campus Lost & Found Portal – Authentication, CRUD, Search/vendor/laravel/framework/src/Illuminate/Foundation/Http/Middleware/TransformsRequest.php(21): Illuminate/Pipeline/Pipeline->{closure:Illuminate/Pipeline/Pipeline::prepareDestination():178}()
#40 C:/Users/Monami Sadhu/Music/🏫 Campus Lost & Found Portal – Authentication, CRUD, Search/vendor/laravel/framework/src/Illuminate/Foundation/Http/Middleware/ConvertEmptyStringsToNull.php(31): Illuminate/Foundation/Http/Middleware/TransformsRequest->handle()
#41 C:/Users/Monami Sadhu/Music/🏫 Campus Lost & Found Portal – Authentication, CRUD, Search/vendor/laravel/framework/src/Illuminate/Pipeline/Pipeline.php(219): Illuminate/Foundation/Http/Middleware/ConvertEmptyStringsToNull->handle()
#42 C:/Users/Monami Sadhu/Music/🏫 Campus Lost & Found Portal – Authentication, CRUD, Search/vendor/laravel/framework/src/Illuminate/Foundation/Http/Middleware/TransformsRequest.php(21): Illuminate/Pipeline/Pipeline->{closure:{closure:Illuminate/Pipeline/Pipeline::carry():194}:195}()
#43 C:/Users/Monami Sadhu/Music/🏫 Campus Lost & Found Portal – Authentication, CRUD, Search/vendor/laravel/framework/src/Illuminate/Foundation/Http/Middleware/TrimStrings.php(51): Illuminate/Foundation/Http/Middleware/TransformsRequest->handle()
#44 C:/Users/Monami Sadhu/Music/🏫 Campus Lost & Found Portal – Authentication, CRUD, Search/vendor/laravel/framework/src/Illuminate/Pipeline/Pipeline.php(219): Illuminate/Foundation/Http/Middleware/TrimStrings->handle()
#45 C:/Users/Monami Sadhu/Music/🏫 Campus Lost & Found Portal – Authentication, CRUD, Search/vendor/laravel/framework/src/Illuminate/Http/Middleware/ValidatePostSize.php(27): Illuminate/Pipeline/Pipeline->{closure:{closure:Illuminate/Pipeline/Pipeline::carry():194}:195}()
#46 C:/Users/Monami Sadhu/Music/🏫 Campus Lost & Found Portal – Authentication, CRUD, Search/vendor/laravel/framework/src/Illuminate/Pipeline/Pipeline.php(219): Illuminate/Http/Middleware/ValidatePostSize->handle()
#47 C:/Users/Monami Sadhu/Music/🏫 Campus Lost & Found Portal – Authentication, CRUD, Search/vendor/laravel/framework/src/Illuminate/Foundation/Http/Middleware/PreventRequestsDuringMaintenance.php(109): Illuminate/Pipeline/Pipeline->{closure:{closure:Illuminate/Pipeline/Pipeline::carry():194}:195}()
#48 C:/Users/Monami Sadhu/Music/🏫 Campus Lost & Found Portal – Authentication, CRUD, Search/vendor/laravel/framework/src/Illuminate/Pipeline/Pipeline.php(219): Illuminate/Foundation/Http/Middleware/PreventRequestsDuringMaintenance->handle()
#49 C:/Users/Monami Sadhu/Music/🏫 Campus Lost & Found Portal – Authentication, CRUD, Search/vendor/laravel/framework/src/Illuminate/Http/Middleware/HandleCors.php(61): Illuminate/Pipeline/Pipeline->{closure:{closure:Illuminate/Pipeline/Pipeline::carry():194}:195}()
#50 C:/Users/Monami Sadhu/Music/🏫 Campus Lost & Found Portal – Authentication, CRUD, Search/vendor/laravel/framework/src/Illuminate/Pipeline/Pipeline.php(219): Illuminate/Http/Middleware/HandleCors->handle()
#51 C:/Users/Monami Sadhu/Music/🏫 Campus Lost & Found Portal – Authentication, CRUD, Search/vendor/laravel/framework/src/Illuminate/Http/Middleware/TrustProxies.php(58): Illuminate/Pipeline/Pipeline->{closure:{closure:Illuminate/Pipeline/Pipeline::carry():194}:195}()
#52 C:/Users/Monami Sadhu/Music/🏫 Campus Lost & Found Portal – Authentication, CRUD, Search/vendor/laravel/framework/src/Illuminate/Pipeline/Pipeline.php(219): Illuminate/Http/Middleware/TrustProxies->handle()
#53 C:/Users/Monami Sadhu/Music/🏫 Campus Lost & Found Portal – Authentication, CRUD, Search/vendor/laravel/framework/src/Illuminate/Foundation/Http/Middleware/InvokeDeferredCallbacks.php(22): Illuminate/Pipeline/Pipeline->{closure:{closure:Illuminate/Pipeline/Pipeline::carry():194}:195}()
#54 C:/Users/Monami Sadhu/Music/🏫 Campus Lost & Found Portal – Authentication, CRUD, Search/vendor/laravel/framework/src/Illuminate/Pipeline/Pipeline.php(219): Illuminate/Foundation/Http/Middleware/InvokeDeferredCallbacks->handle()
#55 C:/Users/Monami Sadhu/Music/🏫 Campus Lost & Found Portal – Authentication, CRUD, Search/vendor/laravel/framework/src/Illuminate/Http/Middleware/ValidatePathEncoding.php(26): Illuminate/Pipeline/Pipeline->{closure:{closure:Illuminate/Pipeline/Pipeline::carry():194}:195}()
#56 C:/Users/Monami Sadhu/Music/🏫 Campus Lost & Found Portal – Authentication, CRUD, Search/vendor/laravel/framework/src/Illuminate/Pipeline/Pipeline.php(219): Illuminate/Http/Middleware/ValidatePathEncoding->handle()
#57 C:/Users/Monami Sadhu/Music/🏫 Campus Lost & Found Portal – Authentication, CRUD, Search/vendor/laravel/framework/src/Illuminate/Pipeline/Pipeline.php(137): Illuminate/Pipeline/Pipeline->{closure:{closure:Illuminate/Pipeline/Pipeline::carry():194}:195}()
#58 C:/Users/Monami Sadhu/Music/🏫 Campus Lost & Found Portal – Authentication, CRUD, Search/vendor/laravel/framework/src/Illuminate/Foundation/Http/Kernel.php(175): Illuminate/Pipeline/Pipeline->then()
#59 C:/Users/Monami Sadhu/Music/🏫 Campus Lost & Found Portal – Authentication, CRUD, Search/vendor/laravel/framework/src/Illuminate/Foundation/Http/Kernel.php(144): Illuminate/Foundation/Http/Kernel->sendRequestThroughRouter()
#60 C:/Users/Monami Sadhu/Music/🏫 Campus Lost & Found Portal – Authentication, CRUD, Search/vendor/laravel/framework/src/Illuminate/Foundation/Testing/Concerns/MakesHttpRequests.php(607): Illuminate/Foundation/Http/Kernel->handle()
#61 C:/Users/Monami Sadhu/Music/🏫 Campus Lost & Found Portal – Authentication, CRUD, Search/vendor/laravel/framework/src/Illuminate/Foundation/Testing/Concerns/MakesHttpRequests.php(368): Illuminate/Foundation/Testing/TestCase->call()
#62 C:/Users/Monami Sadhu/Music/🏫 Campus Lost & Found Portal – Authentication, CRUD, Search/tests/Feature/HomePageTest.php(11): Illuminate/Foundation/Testing/TestCase->get()
#63 C:/Users/Monami Sadhu/Music/🏫 Campus Lost & Found Portal – Authentication, CRUD, Search/vendor/phpunit/phpunit/src/Framework/TestCase.php(1667): Tests/Feature/HomePageTest->test_home_page_is_accessible()
#64 C:/Users/Monami Sadhu/Music/🏫 Campus Lost & Found Portal – Authentication, CRUD, Search/vendor/phpunit/phpunit/src/Framework/TestCase.php(519): PHPUnit/Framework/TestCase->runTest()
#65 C:/Users/Monami Sadhu/Music/🏫 Campus Lost & Found Portal – Authentication, CRUD, Search/vendor/phpunit/phpunit/src/Framework/TestRunner/TestRunner.php(87): PHPUnit/Framework/TestCase->runBare()
#66 C:/Users/Monami Sadhu/Music/🏫 Campus Lost & Found Portal – Authentication, CRUD, Search/vendor/phpunit/phpunit/src/Framework/TestCase.php(365): PHPUnit/Framework/TestRunner->run()
#67 C:/Users/Monami Sadhu/Music/🏫 Campus Lost & Found Portal – Authentication, CRUD, Search/vendor/phpunit/phpunit/src/Framework/TestSuite.php(369): PHPUnit/Framework/TestCase->run()
#68 C:/Users/Monami Sadhu/Music/🏫 Campus Lost & Found Portal – Authentication, CRUD, Search/vendor/phpunit/phpunit/src/TextUI/TestRunner.php(64): PHPUnit/Framework/TestSuite->run()
#69 C:/Users/Monami Sadhu/Music/🏫 Campus Lost & Found Portal – Authentication, CRUD, Search/vendor/phpunit/phpunit/src/TextUI/Application.php(211): PHPUnit/TextUI/TestRunner->run()
#70 C:/Users/Monami Sadhu/Music/🏫 Campus Lost & Found Portal – Authentication, CRUD, Search/vendor/phpunit/phpunit/phpunit(104): PHPUnit/TextUI/Application->run()
#71 {main}

[previous exception] [object] (Error(code: 0): Class \"Request\" not found at C:/Users/Monami Sadhu/Music/🏫 Campus Lost & Found Portal – Authentication, CRUD, Search/storage/framework/views/7663ecabfccde130339e2852f5a718ea.php:97)
[stacktrace]
#0 C:/Users/Monami Sadhu/Music/🏫 Campus Lost & Found Portal – Authentication, CRUD, Search/vendor/laravel/framework/src/Illuminate/Filesystem/Filesystem.php(123): require()
#1 C:/Users/Monami Sadhu/Music/🏫 Campus Lost & Found Portal – Authentication, CRUD, Search/vendor/laravel/framework/src/Illuminate/Filesystem/Filesystem.php(124): Illuminate/Filesystem/Filesystem::{closure:Illuminate/Filesystem/Filesystem::getRequire():120}()
#2 C:/Users/Monami Sadhu/Music/🏫 Campus Lost & Found Portal – Authentication, CRUD, Search/vendor/laravel/framework/src/Illuminate/View/Engines/PhpEngine.php(57): Illuminate/Filesystem/Filesystem->getRequire()
#3 C:/Users/Monami Sadhu/Music/🏫 Campus Lost & Found Portal – Authentication, CRUD, Search/vendor/laravel/framework/src/Illuminate/View/Engines/CompilerEngine.php(76): Illuminate/View/Engines/PhpEngine->evaluatePath()
#4 C:/Users/Monami Sadhu/Music/🏫 Campus Lost & Found Portal – Authentication, CRUD, Search/vendor/laravel/framework/src/Illuminate/View/View.php(208): Illuminate/View/Engines/CompilerEngine->get()
#5 C:/Users/Monami Sadhu/Music/🏫 Campus Lost & Found Portal – Authentication, CRUD, Search/vendor/laravel/framework/src/Illuminate/View/View.php(191): Illuminate/View/View->getContents()
#6 C:/Users/Monami Sadhu/Music/🏫 Campus Lost & Found Portal – Authentication, CRUD, Search/vendor/laravel/framework/src/Illuminate/View/View.php(160): Illuminate/View/View->renderContents()
#7 C:/Users/Monami Sadhu/Music/🏫 Campus Lost & Found Portal – Authentication, CRUD, Search/storage/framework/views/59a65b3265790f3e2a8a69f11286cb1d.php(202): Illuminate/View/View->render()
#8 C:/Users/Monami Sadhu/Music/🏫 Campus Lost & Found Portal – Authentication, CRUD, Search/vendor/laravel/framework/src/Illuminate/Filesystem/Filesystem.php(123): require('...')
#9 C:/Users/Monami Sadhu/Music/🏫 Campus Lost & Found Portal – Authentication, CRUD, Search/vendor/laravel/framework/src/Illuminate/Filesystem/Filesystem.php(124): Illuminate/Filesystem/Filesystem::{closure:Illuminate/Filesystem/Filesystem::getRequire():120}()
#10 C:/Users/Monami Sadhu/Music/🏫 Campus Lost & Found Portal – Authentication, CRUD, Search/vendor/laravel/framework/src/Illuminate/View/Engines/PhpEngine.php(57): Illuminate/Filesystem/Filesystem->getRequire()
#11 C:/Users/Monami Sadhu/Music/🏫 Campus Lost & Found Portal – Authentication, CRUD, Search/vendor/laravel/framework/src/Illuminate/View/Engines/CompilerEngine.php(76): Illuminate/View/Engines/PhpEngine->evaluatePath()
#12 C:/Users/Monami Sadhu/Music/🏫 Campus Lost & Found Portal – Authentication, CRUD, Search/vendor/laravel/framework/src/Illuminate/View/View.php(208): Illuminate/View/Engines/CompilerEngine->get()
#13 C:/Users/Monami Sadhu/Music/🏫 Campus Lost & Found Portal – Authentication, CRUD, Search/vendor/laravel/framework/src/Illuminate/View/View.php(191): Illuminate/View/View->getContents()
#14 C:/Users/Monami Sadhu/Music/🏫 Campus Lost & Found Portal – Authentication, CRUD, Search/vendor/laravel/framework/src/Illuminate/View/View.php(160): Illuminate/View/View->renderContents()
#15 C:/Users/Monami Sadhu/Music/🏫 Campus Lost & Found Portal – Authentication, CRUD, Search/vendor/laravel/framework/src/Illuminate/Http/Response.php(78): Illuminate/View/View->render()
#16 C:/Users/Monami Sadhu/Music/🏫 Campus Lost & Found Portal – Authentication, CRUD, Search/vendor/laravel/framework/src/Illuminate/Http/Response.php(34): Illuminate/Http/Response->setContent()
#17 C:/Users/Monami Sadhu/Music/🏫 Campus Lost & Found Portal – Authentication, CRUD, Search/vendor/laravel/framework/src/Illuminate/Routing/Router.php(939): Illuminate/Http/Response->__construct()
#18 C:/Users/Monami Sadhu/Music/🏫 Campus Lost & Found Portal – Authentication, CRUD, Search/vendor/laravel/framework/src/Illuminate/Routing/Router.php(906): Illuminate/Routing/Router::toResponse()
#19 C:/Users/Monami Sadhu/Music/🏫 Campus Lost & Found Portal – Authentication, CRUD, Search/vendor/laravel/framework/src/Illuminate/Routing/Router.php(821): Illuminate/Routing/Router->prepareResponse()
#20 C:/Users/Monami Sadhu/Music/🏫 Campus Lost & Found Portal – Authentication, CRUD, Search/vendor/laravel/framework/src/Illuminate/Pipeline/Pipeline.php(180): Illuminate/Routing/Router->{closure:Illuminate/Routing/Router::runRouteWithinStack():821}()
#21 C:/Users/Monami Sadhu/Music/🏫 Campus Lost & Found Portal – Authentication, CRUD, Search/vendor/laravel/framework/src/Illuminate/Routing/Middleware/SubstituteBindings.php(50): Illuminate/Pipeline/Pipeline->{closure:Illuminate/Pipeline/Pipeline::prepareDestination():178}()
#22 C:/Users/Monami Sadhu/Music/🏫 Campus Lost & Found Portal – Authentication, CRUD, Search/vendor/laravel/framework/src/Illuminate/Pipeline/Pipeline.php(219): Illuminate/Routing/Middleware/SubstituteBindings->handle()
#23 C:/Users/Monami Sadhu/Music/🏫 Campus Lost & Found Portal – Authentication, CRUD, Search/vendor/laravel/framework/src/Illuminate/Foundation/Http/Middleware/VerifyCsrfToken.php(87): Illuminate/Pipeline/Pipeline->{closure:{closure:Illuminate/Pipeline/Pipeline::carry():194}:195}()
#24 C:/Users/Monami Sadhu/Music/🏫 Campus Lost & Found Portal – Authentication, CRUD, Search/vendor/laravel/framework/src/Illuminate/Pipeline/Pipeline.php(219): Illuminate/Foundation/Http/Middleware/VerifyCsrfToken->handle()
#25 C:/Users/Monami Sadhu/Music/🏫 Campus Lost & Found Portal – Authentication, CRUD, Search/vendor/laravel/framework/src/Illuminate/View/Middleware/ShareErrorsFromSession.php(48): Illuminate/Pipeline/Pipeline->{closure:{closure:Illuminate/Pipeline/Pipeline::carry():194}:195}()
#26 C:/Users/Monami Sadhu/Music/🏫 Campus Lost & Found Portal – Authentication, CRUD, Search/vendor/laravel/framework/src/Illuminate/Pipeline/Pipeline.php(219): Illuminate/View/Middleware/ShareErrorsFromSession->handle()
#27 C:/Users/Monami Sadhu/Music/🏫 Campus Lost & Found Portal – Authentication, CRUD, Search/vendor/laravel/framework/src/Illuminate/Session/Middleware/StartSession.php(120): Illuminate/Pipeline/Pipeline->{closure:{closure:Illuminate/Pipeline/Pipeline::carry():194}:195}()
#28 C:/Users/Monami Sadhu/Music/🏫 Campus Lost & Found Portal – Authentication, CRUD, Search/vendor/laravel/framework/src/Illuminate/Session/Middleware/StartSession.php(63): Illuminate/Session/Middleware/StartSession->handleStatefulRequest()
#29 C:/Users/Monami Sadhu/Music/🏫 Campus Lost & Found Portal – Authentication, CRUD, Search/vendor/laravel/framework/src/Illuminate/Pipeline/Pipeline.php(219): Illuminate/Session/Middleware/StartSession->handle()
#30 C:/Users/Monami Sadhu/Music/🏫 Campus Lost & Found Portal – Authentication, CRUD, Search/vendor/laravel/framework/src/Illuminate/Cookie/Middleware/AddQueuedCookiesToResponse.php(36): Illuminate/Pipeline/Pipeline->{closure:{closure:Illuminate/Pipeline/Pipeline::carry():194}:195}()
#31 C:/Users/Monami Sadhu/Music/🏫 Campus Lost & Found Portal – Authentication, CRUD, Search/vendor/laravel/framework/src/Illuminate/Pipeline/Pipeline.php(219): Illuminate/Cookie/Middleware/AddQueuedCookiesToResponse->handle()
#32 C:/Users/Monami Sadhu/Music/🏫 Campus Lost & Found Portal – Authentication, CRUD, Search/vendor/laravel/framework/src/Illuminate/Cookie/Middleware/EncryptCookies.php(74): Illuminate/Pipeline/Pipeline->{closure:{closure:Illuminate/Pipeline/Pipeline::carry():194}:195}()
#33 C:/Users/Monami Sadhu/Music/🏫 Campus Lost & Found Portal – Authentication, CRUD, Search/vendor/laravel/framework/src/Illuminate/Pipeline/Pipeline.php(219): Illuminate/Cookie/Middleware/EncryptCookies->handle()
#34 C:/Users/Monami Sadhu/Music/🏫 Campus Lost & Found Portal – Authentication, CRUD, Search/vendor/laravel/framework/src/Illuminate/Pipeline/Pipeline.php(137): Illuminate/Pipeline/Pipeline->{closure:{closure:Illuminate/Pipeline/Pipeline::carry():194}:195}()
#35 C:/Users/Monami Sadhu/Music/🏫 Campus Lost & Found Portal – Authentication, CRUD, Search/vendor/laravel/framework/src/Illuminate/Routing/Router.php(821): Illuminate/Pipeline/Pipeline->then()
#36 C:/Users/Monami Sadhu/Music/🏫 Campus Lost & Found Portal – Authentication, CRUD, Search/vendor/laravel/framework/src/Illuminate/Routing/Router.php(800): Illuminate/Routing/Router->runRouteWithinStack()
#37 C:/Users/Monami Sadhu/Music/🏫 Campus Lost & Found Portal – Authentication, CRUD, Search/vendor/laravel/framework/src/Illuminate/Routing/Router.php(764): Illuminate/Routing/Router->runRoute()
#38 C:/Users/Monami Sadhu/Music/🏫 Campus Lost & Found Portal – Authentication, CRUD, Search/vendor/laravel/framework/src/Illuminate/Routing/Router.php(753): Illuminate/Routing/Router->dispatchToRoute()
#39 C:/Users/Monami Sadhu/Music/🏫 Campus Lost & Found Portal – Authentication, CRUD, Search/vendor/laravel/framework/src/Illuminate/Foundation/Http/Kernel.php(200): Illuminate/Routing/Router->dispatch()
#40 C:/Users/Monami Sadhu/Music/🏫 Campus Lost & Found Portal – Authentication, CRUD, Search/vendor/laravel/framework/src/Illuminate/Pipeline/Pipeline.php(180): Illuminate/Foundation/Http/Kernel->{closure:Illuminate/Foundation/Http/Kernel::dispatchToRouter():197}()
#41 C:/Users/Monami Sadhu/Music/🏫 Campus Lost & Found Portal – Authentication, CRUD, Search/vendor/laravel/framework/src/Illuminate/Foundation/Http/Middleware/TransformsRequest.php(21): Illuminate/Pipeline/Pipeline->{closure:Illuminate/Pipeline/Pipeline::prepareDestination():178}()
#42 C:/Users/Monami Sadhu/Music/🏫 Campus Lost & Found Portal – Authentication, CRUD, Search/vendor/laravel/framework/src/Illuminate/Foundation/Http/Middleware/ConvertEmptyStringsToNull.php(31): Illuminate/Foundation/Http/Middleware/TransformsRequest->handle()
#43 C:/Users/Monami Sadhu/Music/🏫 Campus Lost & Found Portal – Authentication, CRUD, Search/vendor/laravel/framework/src/Illuminate/Pipeline/Pipeline.php(219): Illuminate/Foundation/Http/Middleware/ConvertEmptyStringsToNull->handle()
#44 C:/Users/Monami Sadhu/Music/🏫 Campus Lost & Found Portal – Authentication, CRUD, Search/vendor/laravel/framework/src/Illuminate/Foundation/Http/Middleware/TransformsRequest.php(21): Illuminate/Pipeline/Pipeline->{closure:{closure:Illuminate/Pipeline/Pipeline::carry():194}:195}()
#45 C:/Users/Monami Sadhu/Music/🏫 Campus Lost & Found Portal – Authentication, CRUD, Search/vendor/laravel/framework/src/Illuminate/Foundation/Http/Middleware/TrimStrings.php(51): Illuminate/Foundation/Http/Middleware/TransformsRequest->handle()
#46 C:/Users/Monami Sadhu/Music/🏫 Campus Lost & Found Portal – Authentication, CRUD, Search/vendor/laravel/framework/src/Illuminate/Pipeline/Pipeline.php(219): Illuminate/Foundation/Http/Middleware/TrimStrings->handle()
#47 C:/Users/Monami Sadhu/Music/🏫 Campus Lost & Found Portal – Authentication, CRUD, Search/vendor/laravel/framework/src/Illuminate/Http/Middleware/ValidatePostSize.php(27): Illuminate/Pipeline/Pipeline->{closure:{closure:Illuminate/Pipeline/Pipeline::carry():194}:195}()
#48 C:/Users/Monami Sadhu/Music/🏫 Campus Lost & Found Portal – Authentication, CRUD, Search/vendor/laravel/framework/src/Illuminate/Pipeline/Pipeline.php(219): Illuminate/Http/Middleware/ValidatePostSize->handle()
#49 C:/Users/Monami Sadhu/Music/🏫 Campus Lost & Found Portal – Authentication, CRUD, Search/vendor/laravel/framework/src/Illuminate/Foundation/Http/Middleware/PreventRequestsDuringMaintenance.php(109): Illuminate/Pipeline/Pipeline->{closure:{closure:Illuminate/Pipeline/Pipeline::carry():194}:195}()
#50 C:/Users/Monami Sadhu/Music/🏫 Campus Lost & Found Portal – Authentication, CRUD, Search/vendor/laravel/framework/src/Illuminate/Pipeline/Pipeline.php(219): Illuminate/Foundation/Http/Middleware/PreventRequestsDuringMaintenance->handle()
#51 C:/Users/Monami Sadhu/Music/🏫 Campus Lost & Found Portal – Authentication, CRUD, Search/vendor/laravel/framework/src/Illuminate/Http/Middleware/HandleCors.php(61): Illuminate/Pipeline/Pipeline->{closure:{closure:Illuminate/Pipeline/Pipeline::carry():194}:195}()
#52 C:/Users/Monami Sadhu/Music/🏫 Campus Lost & Found Portal – Authentication, CRUD, Search/vendor/laravel/framework/src/Illuminate/Pipeline/Pipeline.php(219): Illuminate/Http/Middleware/HandleCors->handle()
#53 C:/Users/Monami Sadhu/Music/🏫 Campus Lost & Found Portal – Authentication, CRUD, Search/vendor/laravel/framework/src/Illuminate/Http/Middleware/TrustProxies.php(58): Illuminate/Pipeline/Pipeline->{closure:{closure:Illuminate/Pipeline/Pipeline::carry():194}:195}()
#54 C:/Users/Monami Sadhu/Music/🏫 Campus Lost & Found Portal – Authentication, CRUD, Search/vendor/laravel/framework/src/Illuminate/Pipeline/Pipeline.php(219): Illuminate/Http/Middleware/TrustProxies->handle()
#55 C:/Users/Monami Sadhu/Music/🏫 Campus Lost & Found Portal – Authentication, CRUD, Search/vendor/laravel/framework/src/Illuminate/Foundation/Http/Middleware/InvokeDeferredCallbacks.php(22): Illuminate/Pipeline/Pipeline->{closure:{closure:Illuminate/Pipeline/Pipeline::carry():194}:195}()
#56 C:/Users/Monami Sadhu/Music/🏫 Campus Lost & Found Portal – Authentication, CRUD, Search/vendor/laravel/framework/src/Illuminate/Pipeline/Pipeline.php(219): Illuminate/Foundation/Http/Middleware/InvokeDeferredCallbacks->handle()
#57 C:/Users/Monami Sadhu/Music/🏫 Campus Lost & Found Portal – Authentication, CRUD, Search/vendor/laravel/framework/src/Illuminate/Http/Middleware/ValidatePathEncoding.php(26): Illuminate/Pipeline/Pipeline->{closure:{closure:Illuminate/Pipeline/Pipeline::carry():194}:195}()
#58 C:/Users/Monami Sadhu/Music/🏫 Campus Lost & Found Portal – Authentication, CRUD, Search/vendor/laravel/framework/src/Illuminate/Pipeline/Pipeline.php(219): Illuminate/Http/Middleware/ValidatePathEncoding->handle()
#59 C:/Users/Monami Sadhu/Music/🏫 Campus Lost & Found Portal – Authentication, CRUD, Search/vendor/laravel/framework/src/Illuminate/Pipeline/Pipeline.php(137): Illuminate/Pipeline/Pipeline->{closure:{closure:Illuminate/Pipeline/Pipeline::carry():194}:195}()
#60 C:/Users/Monami Sadhu/Music/🏫 Campus Lost & Found Portal – Authentication, CRUD, Search/vendor/laravel/framework/src/Illuminate/Foundation/Http/Kernel.php(175): Illuminate/Pipeline/Pipeline->then()
#61 C:/Users/Monami Sadhu/Music/🏫 Campus Lost & Found Portal – Authentication, CRUD, Search/vendor/laravel/framework/src/Illuminate/Foundation/Http/Kernel.php(144): Illuminate/Foundation/Http/Kernel->sendRequestThroughRouter()
#62 C:/Users/Monami Sadhu/Music/🏫 Campus Lost & Found Portal – Authentication, CRUD, Search/vendor/laravel/framework/src/Illuminate/Foundation/Testing/Concerns/MakesHttpRequests.php(607): Illuminate/Foundation/Http/Kernel->handle()
#63 C:/Users/Monami Sadhu/Music/🏫 Campus Lost & Found Portal – Authentication, CRUD, Search/vendor/laravel/framework/src/Illuminate/Foundation/Testing/Concerns/MakesHttpRequests.php(368): Illuminate/Foundation/Testing/TestCase->call()
#64 C:/Users/Monami Sadhu/Music/🏫 Campus Lost & Found Portal – Authentication, CRUD, Search/tests/Feature/HomePageTest.php(11): Illuminate/Foundation/Testing/TestCase->get()
#65 C:/Users/Monami Sadhu/Music/🏫 Campus Lost & Found Portal – Authentication, CRUD, Search/vendor/phpunit/phpunit/src/Framework/TestCase.php(1667): Tests/Feature/HomePageTest->test_home_page_is_accessible()
#66 C:/Users/Monami Sadhu/Music/🏫 Campus Lost & Found Portal – Authentication, CRUD, Search/vendor/phpunit/phpunit/src/Framework/TestCase.php(519): PHPUnit/Framework/TestCase->runTest()
#67 C:/Users/Monami Sadhu/Music/🏫 Campus Lost & Found Portal – Authentication, CRUD, Search/vendor/phpunit/phpunit/src/Framework/TestRunner/TestRunner.php(87): PHPUnit/Framework/TestCase->runBare()
#68 C:/Users/Monami Sadhu/Music/🏫 Campus Lost & Found Portal – Authentication, CRUD, Search/vendor/phpunit/phpunit/src/Framework/TestCase.php(365): PHPUnit/Framework/TestRunner->run()
#69 C:/Users/Monami Sadhu/Music/🏫 Campus Lost & Found Portal – Authentication, CRUD, Search/vendor/phpunit/phpunit/src/Framework/TestSuite.php(369): PHPUnit/Framework/TestCase->run()
#70 C:/Users/Monami Sadhu/Music/🏫 Campus Lost & Found Portal – Authentication, CRUD, Search/vendor/phpunit/phpunit/src/TextUI/TestRunner.php(64): PHPUnit/Framework/TestSuite->run()
#71 C:/Users/Monami Sadhu/Music/🏫 Campus Lost & Found Portal – Authentication, CRUD, Search/vendor/phpunit/phpunit/src/TextUI/Application.php(211): PHPUnit/TextUI/TestRunner->run()
#72 C:/Users/Monami Sadhu/Music/🏫 Campus Lost & Found Portal – Authentication, CRUD, Search/vendor/phpunit/phpunit/phpunit(104): PHPUnit/TextUI/Application->run()
#73 {main}
"} 
[2026-08-08 04:36:00] local.ERROR: Class "Request" not found (View: C:\Users\Monami Sadhu\Music\🏫 Campus Lost & Found Portal – Authentication, CRUD, Search\resources\views\layouts\app.blade.php) (View: C:\Users\Monami Sadhu\Music\🏫 Campus Lost & Found Portal – Authentication, CRUD, Search\resources\views\layouts\app.blade.php) {"exception":"[object] (Illuminate\\View\\ViewException(code: 0): Class \"Request\" not found (View: C:\\Users\\Monami Sadhu\\Music\\🏫 Campus Lost & Found Portal – Authentication, CRUD, Search\\resources\\views\\layouts\\app.blade.php) (View: C:\\Users\\Monami Sadhu\\Music\\🏫 Campus Lost & Found Portal – Authentication, CRUD, Search\\resources\\views\\layouts\\app.blade.php) at C:/Users/Monami Sadhu/Music/🏫 Campus Lost & Found Portal – Authentication, CRUD, Search/storage/framework/views/7663ecabfccde130339e2852f5a718ea.php:97)
[stacktrace]
#0 C:/Users/Monami Sadhu/Music/🏫 Campus Lost & Found Portal – Authentication, CRUD, Search/vendor/laravel/framework/src/Illuminate/View/Engines/PhpEngine.php(59): Illuminate/View/Engines/CompilerEngine->handleViewException()
#1 C:/Users/Monami Sadhu/Music/🏫 Campus Lost & Found Portal – Authentication, CRUD, Search/vendor/laravel/framework/src/Illuminate/View/Engines/CompilerEngine.php(76): Illuminate/View/Engines/PhpEngine->evaluatePath()
#2 C:/Users/Monami Sadhu/Music/🏫 Campus Lost & Found Portal – Authentication, CRUD, Search/vendor/laravel/framework/src/Illuminate/View/View.php(208): Illuminate/View/Engines/CompilerEngine->get()
#3 C:/Users/Monami Sadhu/Music/🏫 Campus Lost & Found Portal – Authentication, CRUD, Search/vendor/laravel/framework/src/Illuminate/View/View.php(191): Illuminate/View/View->getContents()
#4 C:/Users/Monami Sadhu/Music/🏫 Campus Lost & Found Portal – Authentication, CRUD, Search/vendor/laravel/framework/src/Illuminate/View/View.php(160): Illuminate/View/View->renderContents()
#5 C:/Users/Monami Sadhu/Music/🏫 Campus Lost & Found Portal – Authentication, CRUD, Search/vendor/laravel/framework/src/Illuminate/Http/Response.php(78): Illuminate/View/View->render()
#6 C:/Users/Monami Sadhu/Music/🏫 Campus Lost & Found Portal – Authentication, CRUD, Search/vendor/laravel/framework/src/Illuminate/Http/Response.php(34): Illuminate/Http/Response->setContent()
#7 C:/Users/Monami Sadhu/Music/🏫 Campus Lost & Found Portal – Authentication, CRUD, Search/vendor/laravel/framework/src/Illuminate/Routing/Router.php(939): Illuminate/Http/Response->__construct()
#8 C:/Users/Monami Sadhu/Music/🏫 Campus Lost & Found Portal – Authentication, CRUD, Search/vendor/laravel/framework/src/Illuminate/Routing/Router.php(906): Illuminate/Routing/Router::toResponse()
#9 C:/Users/Monami Sadhu/Music/🏫 Campus Lost & Found Portal – Authentication, CRUD, Search/vendor/laravel/framework/src/Illuminate/Routing/Router.php(821): Illuminate/Routing/Router->prepareResponse()
#10 C:/Users/Monami Sadhu/Music/🏫 Campus Lost & Found Portal – Authentication, CRUD, Search/vendor/laravel/framework/src/Illuminate/Pipeline/Pipeline.php(180): Illuminate/Routing/Router->{closure:Illuminate/Routing/Router::runRouteWithinStack():821}()
#11 C:/Users/Monami Sadhu/Music/🏫 Campus Lost & Found Portal – Authentication, CRUD, Search/vendor/laravel/framework/src/Illuminate/Routing/Middleware/SubstituteBindings.php(50): Illuminate/Pipeline/Pipeline->{closure:Illuminate/Pipeline/Pipeline::prepareDestination():178}()
#12 C:/Users/Monami Sadhu/Music/🏫 Campus Lost & Found Portal – Authentication, CRUD, Search/vendor/laravel/framework/src/Illuminate/Pipeline/Pipeline.php(219): Illuminate/Routing/Middleware/SubstituteBindings->handle()
#13 C:/Users/Monami Sadhu/Music/🏫 Campus Lost & Found Portal – Authentication, CRUD, Search/vendor/laravel/framework/src/Illuminate/Foundation/Http/Middleware/VerifyCsrfToken.php(87): Illuminate/Pipeline/Pipeline->{closure:{closure:Illuminate/Pipeline/Pipeline::carry():194}:195}()
#14 C:/Users/Monami Sadhu/Music/🏫 Campus Lost & Found Portal – Authentication, CRUD, Search/vendor/laravel/framework/src/Illuminate/Pipeline/Pipeline.php(219): Illuminate/Foundation/Http/Middleware/VerifyCsrfToken->handle()
#15 C:/Users/Monami Sadhu/Music/🏫 Campus Lost & Found Portal – Authentication, CRUD, Search/vendor/laravel/framework/src/Illuminate/View/Middleware/ShareErrorsFromSession.php(48): Illuminate/Pipeline/Pipeline->{closure:{closure:Illuminate/Pipeline/Pipeline::carry():194}:195}()
#16 C:/Users/Monami Sadhu/Music/🏫 Campus Lost & Found Portal – Authentication, CRUD, Search/vendor/laravel/framework/src/Illuminate/Pipeline/Pipeline.php(219): Illuminate/View/Middleware/ShareErrorsFromSession->handle()
#17 C:/Users/Monami Sadhu/Music/🏫 Campus Lost & Found Portal – Authentication, CRUD, Search/vendor/laravel/framework/src/Illuminate/Session/Middleware/StartSession.php(120): Illuminate/Pipeline/Pipeline->{closure:{closure:Illuminate/Pipeline/Pipeline::carry():194}:195}()
#18 C:/Users/Monami Sadhu/Music/🏫 Campus Lost & Found Portal – Authentication, CRUD, Search/vendor/laravel/framework/src/Illuminate/Session/Middleware/StartSession.php(63): Illuminate/Session/Middleware/StartSession->handleStatefulRequest()
#19 C:/Users/Monami Sadhu/Music/🏫 Campus Lost & Found Portal – Authentication, CRUD, Search/vendor/laravel/framework/src/Illuminate/Pipeline/Pipeline.php(219): Illuminate/Session/Middleware/StartSession->handle()
#20 C:/Users/Monami Sadhu/Music/🏫 Campus Lost & Found Portal – Authentication, CRUD, Search/vendor/laravel/framework/src/Illuminate/Cookie/Middleware/AddQueuedCookiesToResponse.php(36): Illuminate/Pipeline/Pipeline->{closure:{closure:Illuminate/Pipeline/Pipeline::carry():194}:195}()
#21 C:/Users/Monami Sadhu/Music/🏫 Campus Lost & Found Portal – Authentication, CRUD, Search/vendor/laravel/framework/src/Illuminate/Pipeline/Pipeline.php(219): Illuminate/Cookie/Middleware/AddQueuedCookiesToResponse->handle()
#22 C:/Users/Monami Sadhu/Music/🏫 Campus Lost & Found Portal – Authentication, CRUD, Search/vendor/laravel/framework/src/Illuminate/Cookie/Middleware/EncryptCookies.php(74): Illuminate/Pipeline/Pipeline->{closure:{closure:Illuminate/Pipeline/Pipeline::carry():194}:195}()
#23 C:/Users/Monami Sadhu/Music/🏫 Campus Lost & Found Portal – Authentication, CRUD, Search/vendor/laravel/framework/src/Illuminate/Pipeline/Pipeline.php(219): Illuminate/Cookie/Middleware/EncryptCookies->handle()
#24 C:/Users/Monami Sadhu/Music/🏫 Campus Lost & Found Portal – Authentication, CRUD, Search/vendor/laravel/framework/src/Illuminate/Pipeline/Pipeline.php(137): Illuminate/Pipeline/Pipeline->{closure:{closure:Illuminate/Pipeline/Pipeline::carry():194}:195}()
#25 C:/Users/Monami Sadhu/Music/🏫 Campus Lost & Found Portal – Authentication, CRUD, Search/vendor/laravel/framework/src/Illuminate/Routing/Router.php(821): Illuminate/Pipeline/Pipeline->then()
#26 C:/Users/Monami Sadhu/Music/🏫 Campus Lost & Found Portal – Authentication, CRUD, Search/vendor/laravel/framework/src/Illuminate/Routing/Router.php(800): Illuminate/Routing/Router->runRouteWithinStack()
#27 C:/Users/Monami Sadhu/Music/🏫 Campus Lost & Found Portal – Authentication, CRUD, Search/vendor/laravel/framework/src/Illuminate/Routing/Router.php(764): Illuminate/Routing/Router->runRoute()
#28 C:/Users/Monami Sadhu/Music/🏫 Campus Lost & Found Portal – Authentication, CRUD, Search/vendor/laravel/framework/src/Illuminate/Routing/Router.php(753): Illuminate/Routing/Router->dispatchToRoute()
#29 C:/Users/Monami Sadhu/Music/🏫 Campus Lost & Found Portal – Authentication, CRUD, Search/vendor/laravel/framework/src/Illuminate/Foundation/Http/Kernel.php(200): Illuminate/Routing/Router->dispatch()
#30 C:/Users/Monami Sadhu/Music/🏫 Campus Lost & Found Portal – Authentication, CRUD, Search/vendor/laravel/framework/src/Illuminate/Pipeline/Pipeline.php(180): Illuminate/Foundation/Http/Kernel->{closure:Illuminate/Foundation/Http/Kernel::dispatchToRouter():197}()
#31 C:/Users/Monami Sadhu/Music/🏫 Campus Lost & Found Portal – Authentication, CRUD, Search/vendor/laravel/framework/src/Illuminate/Foundation/Http/Middleware/TransformsRequest.php(21): Illuminate/Pipeline/Pipeline->{closure:Illuminate/Pipeline/Pipeline::prepareDestination():178}()
#32 C:/Users/Monami Sadhu/Music/🏫 Campus Lost & Found Portal – Authentication, CRUD, Search/vendor/laravel/framework/src/Illuminate/Foundation/Http/Middleware/ConvertEmptyStringsToNull.php(31): Illuminate/Foundation/Http/Middleware/TransformsRequest->handle()
#33 C:/Users/Monami Sadhu/Music/🏫 Campus Lost & Found Portal – Authentication, CRUD, Search/vendor/laravel/framework/src/Illuminate/Pipeline/Pipeline.php(219): Illuminate/Foundation/Http/Middleware/ConvertEmptyStringsToNull->handle()
#34 C:/Users/Monami Sadhu/Music/🏫 Campus Lost & Found Portal – Authentication, CRUD, Search/vendor/laravel/framework/src/Illuminate/Foundation/Http/Middleware/TransformsRequest.php(21): Illuminate/Pipeline/Pipeline->{closure:{closure:Illuminate/Pipeline/Pipeline::carry():194}:195}()
#35 C:/Users/Monami Sadhu/Music/🏫 Campus Lost & Found Portal – Authentication, CRUD, Search/vendor/laravel/framework/src/Illuminate/Foundation/Http/Middleware/TrimStrings.php(51): Illuminate/Foundation/Http/Middleware/TransformsRequest->handle()
#36 C:/Users/Monami Sadhu/Music/🏫 Campus Lost & Found Portal – Authentication, CRUD, Search/vendor/laravel/framework/src/Illuminate/Pipeline/Pipeline.php(219): Illuminate/Foundation/Http/Middleware/TrimStrings->handle()
#37 C:/Users/Monami Sadhu/Music/🏫 Campus Lost & Found Portal – Authentication, CRUD, Search/vendor/laravel/framework/src/Illuminate/Http/Middleware/ValidatePostSize.php(27): Illuminate/Pipeline/Pipeline->{closure:{closure:Illuminate/Pipeline/Pipeline::carry():194}:195}()
#38 C:/Users/Monami Sadhu/Music/🏫 Campus Lost & Found Portal – Authentication, CRUD, Search/vendor/laravel/framework/src/Illuminate/Pipeline/Pipeline.php(219): Illuminate/Http/Middleware/ValidatePostSize->handle()
#39 C:/Users/Monami Sadhu/Music/🏫 Campus Lost & Found Portal – Authentication, CRUD, Search/vendor/laravel/framework/src/Illuminate/Foundation/Http/Middleware/PreventRequestsDuringMaintenance.php(109): Illuminate/Pipeline/Pipeline->{closure:{closure:Illuminate/Pipeline/Pipeline::carry():194}:195}()
#40 C:/Users/Monami Sadhu/Music/🏫 Campus Lost & Found Portal – Authentication, CRUD, Search/vendor/laravel/framework/src/Illuminate/Pipeline/Pipeline.php(219): Illuminate/Foundation/Http/Middleware/PreventRequestsDuringMaintenance->handle()
#41 C:/Users/Monami Sadhu/Music/🏫 Campus Lost & Found Portal – Authentication, CRUD, Search/vendor/laravel/framework/src/Illuminate/Http/Middleware/HandleCors.php(61): Illuminate/Pipeline/Pipeline->{closure:{closure:Illuminate/Pipeline/Pipeline::carry():194}:195}()
#42 C:/Users/Monami Sadhu/Music/🏫 Campus Lost & Found Portal – Authentication, CRUD, Search/vendor/laravel/framework/src/Illuminate/Pipeline/Pipeline.php(219): Illuminate/Http/Middleware/HandleCors->handle()
#43 C:/Users/Monami Sadhu/Music/🏫 Campus Lost & Found Portal – Authentication, CRUD, Search/vendor/laravel/framework/src/Illuminate/Http/Middleware/TrustProxies.php(58): Illuminate/Pipeline/Pipeline->{closure:{closure:Illuminate/Pipeline/Pipeline::carry():194}:195}()
#44 C:/Users/Monami Sadhu/Music/🏫 Campus Lost & Found Portal – Authentication, CRUD, Search/vendor/laravel/framework/src/Illuminate/Pipeline/Pipeline.php(219): Illuminate/Http/Middleware/TrustProxies->handle()
#45 C:/Users/Monami Sadhu/Music/🏫 Campus Lost & Found Portal – Authentication, CRUD, Search/vendor/laravel/framework/src/Illuminate/Foundation/Http/Middleware/InvokeDeferredCallbacks.php(22): Illuminate/Pipeline/Pipeline->{closure:{closure:Illuminate/Pipeline/Pipeline::carry():194}:195}()
#46 C:/Users/Monami Sadhu/Music/🏫 Campus Lost & Found Portal – Authentication, CRUD, Search/vendor/laravel/framework/src/Illuminate/Pipeline/Pipeline.php(219): Illuminate/Foundation/Http/Middleware/InvokeDeferredCallbacks->handle()
#47 C:/Users/Monami Sadhu/Music/🏫 Campus Lost & Found Portal – Authentication, CRUD, Search/vendor/laravel/framework/src/Illuminate/Http/Middleware/ValidatePathEncoding.php(26): Illuminate/Pipeline/Pipeline->{closure:{closure:Illuminate/Pipeline/Pipeline::carry():194}:195}()
#48 C:/Users/Monami Sadhu/Music/🏫 Campus Lost & Found Portal – Authentication, CRUD, Search/vendor/laravel/framework/src/Illuminate/Pipeline/Pipeline.php(219): Illuminate/Http/Middleware/ValidatePathEncoding->handle()
#49 C:/Users/Monami Sadhu/Music/🏫 Campus Lost & Found Portal – Authentication, CRUD, Search/vendor/laravel/framework/src/Illuminate/Pipeline/Pipeline.php(137): Illuminate/Pipeline/Pipeline->{closure:{closure:Illuminate/Pipeline/Pipeline::carry():194}:195}()
#50 C:/Users/Monami Sadhu/Music/🏫 Campus Lost & Found Portal – Authentication, CRUD, Search/vendor/laravel/framework/src/Illuminate/Foundation/Http/Kernel.php(175): Illuminate/Pipeline/Pipeline->then()
#51 C:/Users/Monami Sadhu/Music/🏫 Campus Lost & Found Portal – Authentication, CRUD, Search/vendor/laravel/framework/src/Illuminate/Foundation/Http/Kernel.php(144): Illuminate/Foundation/Http/Kernel->sendRequestThroughRouter()
#52 C:/Users/Monami Sadhu/Music/🏫 Campus Lost & Found Portal – Authentication, CRUD, Search/vendor/laravel/framework/src/Illuminate/Foundation/Testing/Concerns/MakesHttpRequests.php(607): Illuminate/Foundation/Http/Kernel->handle()
#53 C:/Users/Monami Sadhu/Music/🏫 Campus Lost & Found Portal – Authentication, CRUD, Search/vendor/laravel/framework/src/Illuminate/Foundation/Testing/Concerns/MakesHttpRequests.php(368): Illuminate/Foundation/Testing/TestCase->call()
#54 C:/Users/Monami Sadhu/Music/🏫 Campus Lost & Found Portal – Authentication, CRUD, Search/tests/Feature/HomePageTest.php(11): Illuminate/Foundation/Testing/TestCase->get()
#55 C:/Users/Monami Sadhu/Music/🏫 Campus Lost & Found Portal – Authentication, CRUD, Search/vendor/phpunit/phpunit/src/Framework/TestCase.php(1667): Tests/Feature/HomePageTest->test_home_page_is_accessible()
#56 C:/Users/Monami Sadhu/Music/🏫 Campus Lost & Found Portal – Authentication, CRUD, Search/vendor/phpunit/phpunit/src/Framework/TestCase.php(519): PHPUnit/Framework/TestCase->runTest()
#57 C:/Users/Monami Sadhu/Music/🏫 Campus Lost & Found Portal – Authentication, CRUD, Search/vendor/phpunit/phpunit/src/Framework/TestRunner/TestRunner.php(87): PHPUnit/Framework/TestCase->runBare()
#58 C:/Users/Monami Sadhu/Music/🏫 Campus Lost & Found Portal – Authentication, CRUD, Search/vendor/phpunit/phpunit/src/Framework/TestCase.php(365): PHPUnit/Framework/TestRunner->run()
#59 C:/Users/Monami Sadhu/Music/🏫 Campus Lost & Found Portal – Authentication, CRUD, Search/vendor/phpunit/phpunit/src/Framework/TestSuite.php(369): PHPUnit/Framework/TestCase->run()
#60 C:/Users/Monami Sadhu/Music/🏫 Campus Lost & Found Portal – Authentication, CRUD, Search/vendor/phpunit/phpunit/src/Framework/TestSuite.php(369): PHPUnit/Framework/TestSuite->run()
#61 C:/Users/Monami Sadhu/Music/🏫 Campus Lost & Found Portal – Authentication, CRUD, Search/vendor/phpunit/phpunit/src/Framework/TestSuite.php(369): PHPUnit/Framework/TestSuite->run()
#62 C:/Users/Monami Sadhu/Music/🏫 Campus Lost & Found Portal – Authentication, CRUD, Search/vendor/phpunit/phpunit/src/TextUI/TestRunner.php(64): PHPUnit/Framework/TestSuite->run()
#63 C:/Users/Monami Sadhu/Music/🏫 Campus Lost & Found Portal – Authentication, CRUD, Search/vendor/phpunit/phpunit/src/TextUI/Application.php(211): PHPUnit/TextUI/TestRunner->run()
#64 C:/Users/Monami Sadhu/Music/🏫 Campus Lost & Found Portal – Authentication, CRUD, Search/vendor/phpunit/phpunit/phpunit(104): PHPUnit/TextUI/Application->run()
#65 {main}

[previous exception] [object] (Illuminate\\View\\ViewException(code: 0): Class \"Request\" not found (View: C:\\Users\\Monami Sadhu\\Music\\🏫 Campus Lost & Found Portal – Authentication, CRUD, Search\\resources\\views\\layouts\\app.blade.php) at C:/Users/Monami Sadhu/Music/🏫 Campus Lost & Found Portal – Authentication, CRUD, Search/storage/framework/views/7663ecabfccde130339e2852f5a718ea.php:97)
[stacktrace]
#0 C:/Users/Monami Sadhu/Music/🏫 Campus Lost & Found Portal – Authentication, CRUD, Search/vendor/laravel/framework/src/Illuminate/View/Engines/PhpEngine.php(59): Illuminate/View/Engines/CompilerEngine->handleViewException()
#1 C:/Users/Monami Sadhu/Music/🏫 Campus Lost & Found Portal – Authentication, CRUD, Search/vendor/laravel/framework/src/Illuminate/View/Engines/CompilerEngine.php(76): Illuminate/View/Engines/PhpEngine->evaluatePath()
#2 C:/Users/Monami Sadhu/Music/🏫 Campus Lost & Found Portal – Authentication, CRUD, Search/vendor/laravel/framework/src/Illuminate/View/View.php(208): Illuminate/View/Engines/CompilerEngine->get()
#3 C:/Users/Monami Sadhu/Music/🏫 Campus Lost & Found Portal – Authentication, CRUD, Search/vendor/laravel/framework/src/Illuminate/View/View.php(191): Illuminate/View/View->getContents()
#4 C:/Users/Monami Sadhu/Music/🏫 Campus Lost & Found Portal – Authentication, CRUD, Search/vendor/laravel/framework/src/Illuminate/View/View.php(160): Illuminate/View/View->renderContents()
#5 C:/Users/Monami Sadhu/Music/🏫 Campus Lost & Found Portal – Authentication, CRUD, Search/storage/framework/views/59a65b3265790f3e2a8a69f11286cb1d.php(202): Illuminate/View/View->render()
#6 C:/Users/Monami Sadhu/Music/🏫 Campus Lost & Found Portal – Authentication, CRUD, Search/vendor/laravel/framework/src/Illuminate/Filesystem/Filesystem.php(123): require('...')
#7 C:/Users/Monami Sadhu/Music/🏫 Campus Lost & Found Portal – Authentication, CRUD, Search/vendor/laravel/framework/src/Illuminate/Filesystem/Filesystem.php(124): Illuminate/Filesystem/Filesystem::{closure:Illuminate/Filesystem/Filesystem::getRequire():120}()
#8 C:/Users/Monami Sadhu/Music/🏫 Campus Lost & Found Portal – Authentication, CRUD, Search/vendor/laravel/framework/src/Illuminate/View/Engines/PhpEngine.php(57): Illuminate/Filesystem/Filesystem->getRequire()
#9 C:/Users/Monami Sadhu/Music/🏫 Campus Lost & Found Portal – Authentication, CRUD, Search/vendor/laravel/framework/src/Illuminate/View/Engines/CompilerEngine.php(76): Illuminate/View/Engines/PhpEngine->evaluatePath()
#10 C:/Users/Monami Sadhu/Music/🏫 Campus Lost & Found Portal – Authentication, CRUD, Search/vendor/laravel/framework/src/Illuminate/View/View.php(208): Illuminate/View/Engines/CompilerEngine->get()
#11 C:/Users/Monami Sadhu/Music/🏫 Campus Lost & Found Portal – Authentication, CRUD, Search/vendor/laravel/framework/src/Illuminate/View/View.php(191): Illuminate/View/View->getContents()
#12 C:/Users/Monami Sadhu/Music/🏫 Campus Lost & Found Portal – Authentication, CRUD, Search/vendor/laravel/framework/src/Illuminate/View/View.php(160): Illuminate/View/View->renderContents()
#13 C:/Users/Monami Sadhu/Music/🏫 Campus Lost & Found Portal – Authentication, CRUD, Search/vendor/laravel/framework/src/Illuminate/Http/Response.php(78): Illuminate/View/View->render()
#14 C:/Users/Monami Sadhu/Music/🏫 Campus Lost & Found Portal – Authentication, CRUD, Search/vendor/laravel/framework/src/Illuminate/Http/Response.php(34): Illuminate/Http/Response->setContent()
#15 C:/Users/Monami Sadhu/Music/🏫 Campus Lost & Found Portal – Authentication, CRUD, Search/vendor/laravel/framework/src/Illuminate/Routing/Router.php(939): Illuminate/Http/Response->__construct()
#16 C:/Users/Monami Sadhu/Music/🏫 Campus Lost & Found Portal – Authentication, CRUD, Search/vendor/laravel/framework/src/Illuminate/Routing/Router.php(906): Illuminate/Routing/Router::toResponse()
#17 C:/Users/Monami Sadhu/Music/🏫 Campus Lost & Found Portal – Authentication, CRUD, Search/vendor/laravel/framework/src/Illuminate/Routing/Router.php(821): Illuminate/Routing/Router->prepareResponse()
#18 C:/Users/Monami Sadhu/Music/🏫 Campus Lost & Found Portal – Authentication, CRUD, Search/vendor/laravel/framework/src/Illuminate/Pipeline/Pipeline.php(180): Illuminate/Routing/Router->{closure:Illuminate/Routing/Router::runRouteWithinStack():821}()
#19 C:/Users/Monami Sadhu/Music/🏫 Campus Lost & Found Portal – Authentication, CRUD, Search/vendor/laravel/framework/src/Illuminate/Routing/Middleware/SubstituteBindings.php(50): Illuminate/Pipeline/Pipeline->{closure:Illuminate/Pipeline/Pipeline::prepareDestination():178}()
#20 C:/Users/Monami Sadhu/Music/🏫 Campus Lost & Found Portal – Authentication, CRUD, Search/vendor/laravel/framework/src/Illuminate/Pipeline/Pipeline.php(219): Illuminate/Routing/Middleware/SubstituteBindings->handle()
#21 C:/Users/Monami Sadhu/Music/🏫 Campus Lost & Found Portal – Authentication, CRUD, Search/vendor/laravel/framework/src/Illuminate/Foundation/Http/Middleware/VerifyCsrfToken.php(87): Illuminate/Pipeline/Pipeline->{closure:{closure:Illuminate/Pipeline/Pipeline::carry():194}:195}()
#22 C:/Users/Monami Sadhu/Music/🏫 Campus Lost & Found Portal – Authentication, CRUD, Search/vendor/laravel/framework/src/Illuminate/Pipeline/Pipeline.php(219): Illuminate/Foundation/Http/Middleware/VerifyCsrfToken->handle()
#23 C:/Users/Monami Sadhu/Music/🏫 Campus Lost & Found Portal – Authentication, CRUD, Search/vendor/laravel/framework/src/Illuminate/View/Middleware/ShareErrorsFromSession.php(48): Illuminate/Pipeline/Pipeline->{closure:{closure:Illuminate/Pipeline/Pipeline::carry():194}:195}()
#24 C:/Users/Monami Sadhu/Music/🏫 Campus Lost & Found Portal – Authentication, CRUD, Search/vendor/laravel/framework/src/Illuminate/Pipeline/Pipeline.php(219): Illuminate/View/Middleware/ShareErrorsFromSession->handle()
#25 C:/Users/Monami Sadhu/Music/🏫 Campus Lost & Found Portal – Authentication, CRUD, Search/vendor/laravel/framework/src/Illuminate/Session/Middleware/StartSession.php(120): Illuminate/Pipeline/Pipeline->{closure:{closure:Illuminate/Pipeline/Pipeline::carry():194}:195}()
#26 C:/Users/Monami Sadhu/Music/🏫 Campus Lost & Found Portal – Authentication, CRUD, Search/vendor/laravel/framework/src/Illuminate/Session/Middleware/StartSession.php(63): Illuminate/Session/Middleware/StartSession->handleStatefulRequest()
#27 C:/Users/Monami Sadhu/Music/🏫 Campus Lost & Found Portal – Authentication, CRUD, Search/vendor/laravel/framework/src/Illuminate/Pipeline/Pipeline.php(219): Illuminate/Session/Middleware/StartSession->handle()
#28 C:/Users/Monami Sadhu/Music/🏫 Campus Lost & Found Portal – Authentication, CRUD, Search/vendor/laravel/framework/src/Illuminate/Cookie/Middleware/AddQueuedCookiesToResponse.php(36): Illuminate/Pipeline/Pipeline->{closure:{closure:Illuminate/Pipeline/Pipeline::carry():194}:195}()
#29 C:/Users/Monami Sadhu/Music/🏫 Campus Lost & Found Portal – Authentication, CRUD, Search/vendor/laravel/framework/src/Illuminate/Pipeline/Pipeline.php(219): Illuminate/Cookie/Middleware/AddQueuedCookiesToResponse->handle()
#30 C:/Users/Monami Sadhu/Music/🏫 Campus Lost & Found Portal – Authentication, CRUD, Search/vendor/laravel/framework/src/Illuminate/Cookie/Middleware/EncryptCookies.php(74): Illuminate/Pipeline/Pipeline->{closure:{closure:Illuminate/Pipeline/Pipeline::carry():194}:195}()
#31 C:/Users/Monami Sadhu/Music/🏫 Campus Lost & Found Portal – Authentication, CRUD, Search/vendor/laravel/framework/src/Illuminate/Pipeline/Pipeline.php(219): Illuminate/Cookie/Middleware/EncryptCookies->handle()
#32 C:/Users/Monami Sadhu/Music/🏫 Campus Lost & Found Portal – Authentication, CRUD, Search/vendor/laravel/framework/src/Illuminate/Pipeline/Pipeline.php(137): Illuminate/Pipeline/Pipeline->{closure:{closure:Illuminate/Pipeline/Pipeline::carry():194}:195}()
#33 C:/Users/Monami Sadhu/Music/🏫 Campus Lost & Found Portal – Authentication, CRUD, Search/vendor/laravel/framework/src/Illuminate/Routing/Router.php(821): Illuminate/Pipeline/Pipeline->then()
#34 C:/Users/Monami Sadhu/Music/🏫 Campus Lost & Found Portal – Authentication, CRUD, Search/vendor/laravel/framework/src/Illuminate/Routing/Router.php(800): Illuminate/Routing/Router->runRouteWithinStack()
#35 C:/Users/Monami Sadhu/Music/🏫 Campus Lost & Found Portal – Authentication, CRUD, Search/vendor/laravel/framework/src/Illuminate/Routing/Router.php(764): Illuminate/Routing/Router->runRoute()
#36 C:/Users/Monami Sadhu/Music/🏫 Campus Lost & Found Portal – Authentication, CRUD, Search/vendor/laravel/framework/src/Illuminate/Routing/Router.php(753): Illuminate/Routing/Router->dispatchToRoute()
#37 C:/Users/Monami Sadhu/Music/🏫 Campus Lost & Found Portal – Authentication, CRUD, Search/vendor/laravel/framework/src/Illuminate/Foundation/Http/Kernel.php(200): Illuminate/Routing/Router->dispatch()
#38 C:/Users/Monami Sadhu/Music/🏫 Campus Lost & Found Portal – Authentication, CRUD, Search/vendor/laravel/framework/src/Illuminate/Pipeline/Pipeline.php(180): Illuminate/Foundation/Http/Kernel->{closure:Illuminate/Foundation/Http/Kernel::dispatchToRouter():197}()
#39 C:/Users/Monami Sadhu/Music/🏫 Campus Lost & Found Portal – Authentication, CRUD, Search/vendor/laravel/framework/src/Illuminate/Foundation/Http/Middleware/TransformsRequest.php(21): Illuminate/Pipeline/Pipeline->{closure:Illuminate/Pipeline/Pipeline::prepareDestination():178}()
#40 C:/Users/Monami Sadhu/Music/🏫 Campus Lost & Found Portal – Authentication, CRUD, Search/vendor/laravel/framework/src/Illuminate/Foundation/Http/Middleware/ConvertEmptyStringsToNull.php(31): Illuminate/Foundation/Http/Middleware/TransformsRequest->handle()
#41 C:/Users/Monami Sadhu/Music/🏫 Campus Lost & Found Portal – Authentication, CRUD, Search/vendor/laravel/framework/src/Illuminate/Pipeline/Pipeline.php(219): Illuminate/Foundation/Http/Middleware/ConvertEmptyStringsToNull->handle()
#42 C:/Users/Monami Sadhu/Music/🏫 Campus Lost & Found Portal – Authentication, CRUD, Search/vendor/laravel/framework/src/Illuminate/Foundation/Http/Middleware/TransformsRequest.php(21): Illuminate/Pipeline/Pipeline->{closure:{closure:Illuminate/Pipeline/Pipeline::carry():194}:195}()
#43 C:/Users/Monami Sadhu/Music/🏫 Campus Lost & Found Portal – Authentication, CRUD, Search/vendor/laravel/framework/src/Illuminate/Foundation/Http/Middleware/TrimStrings.php(51): Illuminate/Foundation/Http/Middleware/TransformsRequest->handle()
#44 C:/Users/Monami Sadhu/Music/🏫 Campus Lost & Found Portal – Authentication, CRUD, Search/vendor/laravel/framework/src/Illuminate/Pipeline/Pipeline.php(219): Illuminate/Foundation/Http/Middleware/TrimStrings->handle()
#45 C:/Users/Monami Sadhu/Music/🏫 Campus Lost & Found Portal – Authentication, CRUD, Search/vendor/laravel/framework/src/Illuminate/Http/Middleware/ValidatePostSize.php(27): Illuminate/Pipeline/Pipeline->{closure:{closure:Illuminate/Pipeline/Pipeline::carry():194}:195}()
#46 C:/Users/Monami Sadhu/Music/🏫 Campus Lost & Found Portal – Authentication, CRUD, Search/vendor/laravel/framework/src/Illuminate/Pipeline/Pipeline.php(219): Illuminate/Http/Middleware/ValidatePostSize->handle()
#47 C:/Users/Monami Sadhu/Music/🏫 Campus Lost & Found Portal – Authentication, CRUD, Search/vendor/laravel/framework/src/Illuminate/Foundation/Http/Middleware/PreventRequestsDuringMaintenance.php(109): Illuminate/Pipeline/Pipeline->{closure:{closure:Illuminate/Pipeline/Pipeline::carry():194}:195}()
#48 C:/Users/Monami Sadhu/Music/🏫 Campus Lost & Found Portal – Authentication, CRUD, Search/vendor/laravel/framework/src/Illuminate/Pipeline/Pipeline.php(219): Illuminate/Foundation/Http/Middleware/PreventRequestsDuringMaintenance->handle()
#49 C:/Users/Monami Sadhu/Music/🏫 Campus Lost & Found Portal – Authentication, CRUD, Search/vendor/laravel/framework/src/Illuminate/Http/Middleware/HandleCors.php(61): Illuminate/Pipeline/Pipeline->{closure:{closure:Illuminate/Pipeline/Pipeline::carry():194}:195}()
#50 C:/Users/Monami Sadhu/Music/🏫 Campus Lost & Found Portal – Authentication, CRUD, Search/vendor/laravel/framework/src/Illuminate/Pipeline/Pipeline.php(219): Illuminate/Http/Middleware/HandleCors->handle()
#51 C:/Users/Monami Sadhu/Music/🏫 Campus Lost & Found Portal – Authentication, CRUD, Search/vendor/laravel/framework/src/Illuminate/Http/Middleware/TrustProxies.php(58): Illuminate/Pipeline/Pipeline->{closure:{closure:Illuminate/Pipeline/Pipeline::carry():194}:195}()
#52 C:/Users/Monami Sadhu/Music/🏫 Campus Lost & Found Portal – Authentication, CRUD, Search/vendor/laravel/framework/src/Illuminate/Pipeline/Pipeline.php(219): Illuminate/Http/Middleware/TrustProxies->handle()
#53 C:/Users/Monami Sadhu/Music/🏫 Campus Lost & Found Portal – Authentication, CRUD, Search/vendor/laravel/framework/src/Illuminate/Foundation/Http/Middleware/InvokeDeferredCallbacks.php(22): Illuminate/Pipeline/Pipeline->{closure:{closure:Illuminate/Pipeline/Pipeline::carry():194}:195}()
#54 C:/Users/Monami Sadhu/Music/🏫 Campus Lost & Found Portal – Authentication, CRUD, Search/vendor/laravel/framework/src/Illuminate/Pipeline/Pipeline.php(219): Illuminate/Foundation/Http/Middleware/InvokeDeferredCallbacks->handle()
#55 C:/Users/Monami Sadhu/Music/🏫 Campus Lost & Found Portal – Authentication, CRUD, Search/vendor/laravel/framework/src/Illuminate/Http/Middleware/ValidatePathEncoding.php(26): Illuminate/Pipeline/Pipeline->{closure:{closure:Illuminate/Pipeline/Pipeline::carry():194}:195}()
#56 C:/Users/Monami Sadhu/Music/🏫 Campus Lost & Found Portal – Authentication, CRUD, Search/vendor/laravel/framework/src/Illuminate/Pipeline/Pipeline.php(219): Illuminate/Http/Middleware/ValidatePathEncoding->handle()
#57 C:/Users/Monami Sadhu/Music/🏫 Campus Lost & Found Portal – Authentication, CRUD, Search/vendor/laravel/framework/src/Illuminate/Pipeline/Pipeline.php(137): Illuminate/Pipeline/Pipeline->{closure:{closure:Illuminate/Pipeline/Pipeline::carry():194}:195}()
#58 C:/Users/Monami Sadhu/Music/🏫 Campus Lost & Found Portal – Authentication, CRUD, Search/vendor/laravel/framework/src/Illuminate/Foundation/Http/Kernel.php(175): Illuminate/Pipeline/Pipeline->then()
#59 C:/Users/Monami Sadhu/Music/🏫 Campus Lost & Found Portal – Authentication, CRUD, Search/vendor/laravel/framework/src/Illuminate/Foundation/Http/Kernel.php(144): Illuminate/Foundation/Http/Kernel->sendRequestThroughRouter()
#60 C:/Users/Monami Sadhu/Music/🏫 Campus Lost & Found Portal – Authentication, CRUD, Search/vendor/laravel/framework/src/Illuminate/Foundation/Testing/Concerns/MakesHttpRequests.php(607): Illuminate/Foundation/Http/Kernel->handle()
#61 C:/Users/Monami Sadhu/Music/🏫 Campus Lost & Found Portal – Authentication, CRUD, Search/vendor/laravel/framework/src/Illuminate/Foundation/Testing/Concerns/MakesHttpRequests.php(368): Illuminate/Foundation/Testing/TestCase->call()
#62 C:/Users/Monami Sadhu/Music/🏫 Campus Lost & Found Portal – Authentication, CRUD, Search/tests/Feature/HomePageTest.php(11): Illuminate/Foundation/Testing/TestCase->get()
#63 C:/Users/Monami Sadhu/Music/🏫 Campus Lost & Found Portal – Authentication, CRUD, Search/vendor/phpunit/phpunit/src/Framework/TestCase.php(1667): Tests/Feature/HomePageTest->test_home_page_is_accessible()
#64 C:/Users/Monami Sadhu/Music/🏫 Campus Lost & Found Portal – Authentication, CRUD, Search/vendor/phpunit/phpunit/src/Framework/TestCase.php(519): PHPUnit/Framework/TestCase->runTest()
#65 C:/Users/Monami Sadhu/Music/🏫 Campus Lost & Found Portal – Authentication, CRUD, Search/vendor/phpunit/phpunit/src/Framework/TestRunner/TestRunner.php(87): PHPUnit/Framework/TestCase->runBare()
#66 C:/Users/Monami Sadhu/Music/🏫 Campus Lost & Found Portal – Authentication, CRUD, Search/vendor/phpunit/phpunit/src/Framework/TestCase.php(365): PHPUnit/Framework/TestRunner->run()
#67 C:/Users/Monami Sadhu/Music/🏫 Campus Lost & Found Portal – Authentication, CRUD, Search/vendor/phpunit/phpunit/src/Framework/TestSuite.php(369): PHPUnit/Framework/TestCase->run()
#68 C:/Users/Monami Sadhu/Music/🏫 Campus Lost & Found Portal – Authentication, CRUD, Search/vendor/phpunit/phpunit/src/Framework/TestSuite.php(369): PHPUnit/Framework/TestSuite->run()
#69 C:/Users/Monami Sadhu/Music/🏫 Campus Lost & Found Portal – Authentication, CRUD, Search/vendor/phpunit/phpunit/src/Framework/TestSuite.php(369): PHPUnit/Framework/TestSuite->run()
#70 C:/Users/Monami Sadhu/Music/🏫 Campus Lost & Found Portal – Authentication, CRUD, Search/vendor/phpunit/phpunit/src/TextUI/TestRunner.php(64): PHPUnit/Framework/TestSuite->run()
#71 C:/Users/Monami Sadhu/Music/🏫 Campus Lost & Found Portal – Authentication, CRUD, Search/vendor/phpunit/phpunit/src/TextUI/Application.php(211): PHPUnit/TextUI/TestRunner->run()
#72 C:/Users/Monami Sadhu/Music/🏫 Campus Lost & Found Portal – Authentication, CRUD, Search/vendor/phpunit/phpunit/phpunit(104): PHPUnit/TextUI/Application->run()
#73 {main}

[previous exception] [object] (Error(code: 0): Class \"Request\" not found at C:/Users/Monami Sadhu/Music/🏫 Campus Lost & Found Portal – Authentication, CRUD, Search/storage/framework/views/7663ecabfccde130339e2852f5a718ea.php:97)
[stacktrace]
#0 C:/Users/Monami Sadhu/Music/🏫 Campus Lost & Found Portal – Authentication, CRUD, Search/vendor/laravel/framework/src/Illuminate/Filesystem/Filesystem.php(123): require()
#1 C:/Users/Monami Sadhu/Music/🏫 Campus Lost & Found Portal – Authentication, CRUD, Search/vendor/laravel/framework/src/Illuminate/Filesystem/Filesystem.php(124): Illuminate/Filesystem/Filesystem::{closure:Illuminate/Filesystem/Filesystem::getRequire():120}()
#2 C:/Users/Monami Sadhu/Music/🏫 Campus Lost & Found Portal – Authentication, CRUD, Search/vendor/laravel/framework/src/Illuminate/View/Engines/PhpEngine.php(57): Illuminate/Filesystem/Filesystem->getRequire()
#3 C:/Users/Monami Sadhu/Music/🏫 Campus Lost & Found Portal – Authentication, CRUD, Search/vendor/laravel/framework/src/Illuminate/View/Engines/CompilerEngine.php(76): Illuminate/View/Engines/PhpEngine->evaluatePath()
#4 C:/Users/Monami Sadhu/Music/🏫 Campus Lost & Found Portal – Authentication, CRUD, Search/vendor/laravel/framework/src/Illuminate/View/View.php(208): Illuminate/View/Engines/CompilerEngine->get()
#5 C:/Users/Monami Sadhu/Music/🏫 Campus Lost & Found Portal – Authentication, CRUD, Search/vendor/laravel/framework/src/Illuminate/View/View.php(191): Illuminate/View/View->getContents()
#6 C:/Users/Monami Sadhu/Music/🏫 Campus Lost & Found Portal – Authentication, CRUD, Search/vendor/laravel/framework/src/Illuminate/View/View.php(160): Illuminate/View/View->renderContents()
#7 C:/Users/Monami Sadhu/Music/🏫 Campus Lost & Found Portal – Authentication, CRUD, Search/storage/framework/views/59a65b3265790f3e2a8a69f11286cb1d.php(202): Illuminate/View/View->render()
#8 C:/Users/Monami Sadhu/Music/🏫 Campus Lost & Found Portal – Authentication, CRUD, Search/vendor/laravel/framework/src/Illuminate/Filesystem/Filesystem.php(123): require('...')
#9 C:/Users/Monami Sadhu/Music/🏫 Campus Lost & Found Portal – Authentication, CRUD, Search/vendor/laravel/framework/src/Illuminate/Filesystem/Filesystem.php(124): Illuminate/Filesystem/Filesystem::{closure:Illuminate/Filesystem/Filesystem::getRequire():120}()
#10 C:/Users/Monami Sadhu/Music/🏫 Campus Lost & Found Portal – Authentication, CRUD, Search/vendor/laravel/framework/src/Illuminate/View/Engines/PhpEngine.php(57): Illuminate/Filesystem/Filesystem->getRequire()
#11 C:/Users/Monami Sadhu/Music/🏫 Campus Lost & Found Portal – Authentication, CRUD, Search/vendor/laravel/framework/src/Illuminate/View/Engines/CompilerEngine.php(76): Illuminate/View/Engines/PhpEngine->evaluatePath()
#12 C:/Users/Monami Sadhu/Music/🏫 Campus Lost & Found Portal – Authentication, CRUD, Search/vendor/laravel/framework/src/Illuminate/View/View.php(208): Illuminate/View/Engines/CompilerEngine->get()
#13 C:/Users/Monami Sadhu/Music/🏫 Campus Lost & Found Portal – Authentication, CRUD, Search/vendor/laravel/framework/src/Illuminate/View/View.php(191): Illuminate/View/View->getContents()
#14 C:/Users/Monami Sadhu/Music/🏫 Campus Lost & Found Portal – Authentication, CRUD, Search/vendor/laravel/framework/src/Illuminate/View/View.php(160): Illuminate/View/View->renderContents()
#15 C:/Users/Monami Sadhu/Music/🏫 Campus Lost & Found Portal – Authentication, CRUD, Search/vendor/laravel/framework/src/Illuminate/Http/Response.php(78): Illuminate/View/View->render()
#16 C:/Users/Monami Sadhu/Music/🏫 Campus Lost & Found Portal – Authentication, CRUD, Search/vendor/laravel/framework/src/Illuminate/Http/Response.php(34): Illuminate/Http/Response->setContent()
#17 C:/Users/Monami Sadhu/Music/🏫 Campus Lost & Found Portal – Authentication, CRUD, Search/vendor/laravel/framework/src/Illuminate/Routing/Router.php(939): Illuminate/Http/Response->__construct()
#18 C:/Users/Monami Sadhu/Music/🏫 Campus Lost & Found Portal – Authentication, CRUD, Search/vendor/laravel/framework/src/Illuminate/Routing/Router.php(906): Illuminate/Routing/Router::toResponse()
#19 C:/Users/Monami Sadhu/Music/🏫 Campus Lost & Found Portal – Authentication, CRUD, Search/vendor/laravel/framework/src/Illuminate/Routing/Router.php(821): Illuminate/Routing/Router->prepareResponse()
#20 C:/Users/Monami Sadhu/Music/🏫 Campus Lost & Found Portal – Authentication, CRUD, Search/vendor/laravel/framework/src/Illuminate/Pipeline/Pipeline.php(180): Illuminate/Routing/Router->{closure:Illuminate/Routing/Router::runRouteWithinStack():821}()
#21 C:/Users/Monami Sadhu/Music/🏫 Campus Lost & Found Portal – Authentication, CRUD, Search/vendor/laravel/framework/src/Illuminate/Routing/Middleware/SubstituteBindings.php(50): Illuminate/Pipeline/Pipeline->{closure:Illuminate/Pipeline/Pipeline::prepareDestination():178}()
#22 C:/Users/Monami Sadhu/Music/🏫 Campus Lost & Found Portal – Authentication, CRUD, Search/vendor/laravel/framework/src/Illuminate/Pipeline/Pipeline.php(219): Illuminate/Routing/Middleware/SubstituteBindings->handle()
#23 C:/Users/Monami Sadhu/Music/🏫 Campus Lost & Found Portal – Authentication, CRUD, Search/vendor/laravel/framework/src/Illuminate/Foundation/Http/Middleware/VerifyCsrfToken.php(87): Illuminate/Pipeline/Pipeline->{closure:{closure:Illuminate/Pipeline/Pipeline::carry():194}:195}()
#24 C:/Users/Monami Sadhu/Music/🏫 Campus Lost & Found Portal – Authentication, CRUD, Search/vendor/laravel/framework/src/Illuminate/Pipeline/Pipeline.php(219): Illuminate/Foundation/Http/Middleware/VerifyCsrfToken->handle()
#25 C:/Users/Monami Sadhu/Music/🏫 Campus Lost & Found Portal – Authentication, CRUD, Search/vendor/laravel/framework/src/Illuminate/View/Middleware/ShareErrorsFromSession.php(48): Illuminate/Pipeline/Pipeline->{closure:{closure:Illuminate/Pipeline/Pipeline::carry():194}:195}()
#26 C:/Users/Monami Sadhu/Music/🏫 Campus Lost & Found Portal – Authentication, CRUD, Search/vendor/laravel/framework/src/Illuminate/Pipeline/Pipeline.php(219): Illuminate/View/Middleware/ShareErrorsFromSession->handle()
#27 C:/Users/Monami Sadhu/Music/🏫 Campus Lost & Found Portal – Authentication, CRUD, Search/vendor/laravel/framework/src/Illuminate/Session/Middleware/StartSession.php(120): Illuminate/Pipeline/Pipeline->{closure:{closure:Illuminate/Pipeline/Pipeline::carry():194}:195}()
#28 C:/Users/Monami Sadhu/Music/🏫 Campus Lost & Found Portal – Authentication, CRUD, Search/vendor/laravel/framework/src/Illuminate/Session/Middleware/StartSession.php(63): Illuminate/Session/Middleware/StartSession->handleStatefulRequest()
#29 C:/Users/Monami Sadhu/Music/🏫 Campus Lost & Found Portal – Authentication, CRUD, Search/vendor/laravel/framework/src/Illuminate/Pipeline/Pipeline.php(219): Illuminate/Session/Middleware/StartSession->handle()
#30 C:/Users/Monami Sadhu/Music/🏫 Campus Lost & Found Portal – Authentication, CRUD, Search/vendor/laravel/framework/src/Illuminate/Cookie/Middleware/AddQueuedCookiesToResponse.php(36): Illuminate/Pipeline/Pipeline->{closure:{closure:Illuminate/Pipeline/Pipeline::carry():194}:195}()
#31 C:/Users/Monami Sadhu/Music/🏫 Campus Lost & Found Portal – Authentication, CRUD, Search/vendor/laravel/framework/src/Illuminate/Pipeline/Pipeline.php(219): Illuminate/Cookie/Middleware/AddQueuedCookiesToResponse->handle()
#32 C:/Users/Monami Sadhu/Music/🏫 Campus Lost & Found Portal – Authentication, CRUD, Search/vendor/laravel/framework/src/Illuminate/Cookie/Middleware/EncryptCookies.php(74): Illuminate/Pipeline/Pipeline->{closure:{closure:Illuminate/Pipeline/Pipeline::carry():194}:195}()
#33 C:/Users/Monami Sadhu/Music/🏫 Campus Lost & Found Portal – Authentication, CRUD, Search/vendor/laravel/framework/src/Illuminate/Pipeline/Pipeline.php(219): Illuminate/Cookie/Middleware/EncryptCookies->handle()
#34 C:/Users/Monami Sadhu/Music/🏫 Campus Lost & Found Portal – Authentication, CRUD, Search/vendor/laravel/framework/src/Illuminate/Pipeline/Pipeline.php(137): Illuminate/Pipeline/Pipeline->{closure:{closure:Illuminate/Pipeline/Pipeline::carry():194}:195}()
#35 C:/Users/Monami Sadhu/Music/🏫 Campus Lost & Found Portal – Authentication, CRUD, Search/vendor/laravel/framework/src/Illuminate/Routing/Router.php(821): Illuminate/Pipeline/Pipeline->then()
#36 C:/Users/Monami Sadhu/Music/🏫 Campus Lost & Found Portal – Authentication, CRUD, Search/vendor/laravel/framework/src/Illuminate/Routing/Router.php(800): Illuminate/Routing/Router->runRouteWithinStack()
#37 C:/Users/Monami Sadhu/Music/🏫 Campus Lost & Found Portal – Authentication, CRUD, Search/vendor/laravel/framework/src/Illuminate/Routing/Router.php(764): Illuminate/Routing/Router->runRoute()
#38 C:/Users/Monami Sadhu/Music/🏫 Campus Lost & Found Portal – Authentication, CRUD, Search/vendor/laravel/framework/src/Illuminate/Routing/Router.php(753): Illuminate/Routing/Router->dispatchToRoute()
#39 C:/Users/Monami Sadhu/Music/🏫 Campus Lost & Found Portal – Authentication, CRUD, Search/vendor/laravel/framework/src/Illuminate/Foundation/Http/Kernel.php(200): Illuminate/Routing/Router->dispatch()
#40 C:/Users/Monami Sadhu/Music/🏫 Campus Lost & Found Portal – Authentication, CRUD, Search/vendor/laravel/framework/src/Illuminate/Pipeline/Pipeline.php(180): Illuminate/Foundation/Http/Kernel->{closure:Illuminate/Foundation/Http/Kernel::dispatchToRouter():197}()
#41 C:/Users/Monami Sadhu/Music/🏫 Campus Lost & Found Portal – Authentication, CRUD, Search/vendor/laravel/framework/src/Illuminate/Foundation/Http/Middleware/TransformsRequest.php(21): Illuminate/Pipeline/Pipeline->{closure:Illuminate/Pipeline/Pipeline::prepareDestination():178}()
#42 C:/Users/Monami Sadhu/Music/🏫 Campus Lost & Found Portal – Authentication, CRUD, Search/vendor/laravel/framework/src/Illuminate/Foundation/Http/Middleware/ConvertEmptyStringsToNull.php(31): Illuminate/Foundation/Http/Middleware/TransformsRequest->handle()
#43 C:/Users/Monami Sadhu/Music/🏫 Campus Lost & Found Portal – Authentication, CRUD, Search/vendor/laravel/framework/src/Illuminate/Pipeline/Pipeline.php(219): Illuminate/Foundation/Http/Middleware/ConvertEmptyStringsToNull->handle()
#44 C:/Users/Monami Sadhu/Music/🏫 Campus Lost & Found Portal – Authentication, CRUD, Search/vendor/laravel/framework/src/Illuminate/Foundation/Http/Middleware/TransformsRequest.php(21): Illuminate/Pipeline/Pipeline->{closure:{closure:Illuminate/Pipeline/Pipeline::carry():194}:195}()
#45 C:/Users/Monami Sadhu/Music/🏫 Campus Lost & Found Portal – Authentication, CRUD, Search/vendor/laravel/framework/src/Illuminate/Foundation/Http/Middleware/TrimStrings.php(51): Illuminate/Foundation/Http/Middleware/TransformsRequest->handle()
#46 C:/Users/Monami Sadhu/Music/🏫 Campus Lost & Found Portal – Authentication, CRUD, Search/vendor/laravel/framework/src/Illuminate/Pipeline/Pipeline.php(219): Illuminate/Foundation/Http/Middleware/TrimStrings->handle()
#47 C:/Users/Monami Sadhu/Music/🏫 Campus Lost & Found Portal – Authentication, CRUD, Search/vendor/laravel/framework/src/Illuminate/Http/Middleware/ValidatePostSize.php(27): Illuminate/Pipeline/Pipeline->{closure:{closure:Illuminate/Pipeline/Pipeline::carry():194}:195}()
#48 C:/Users/Monami Sadhu/Music/🏫 Campus Lost & Found Portal – Authentication, CRUD, Search/vendor/laravel/framework/src/Illuminate/Pipeline/Pipeline.php(219): Illuminate/Http/Middleware/ValidatePostSize->handle()
#49 C:/Users/Monami Sadhu/Music/🏫 Campus Lost & Found Portal – Authentication, CRUD, Search/vendor/laravel/framework/src/Illuminate/Foundation/Http/Middleware/PreventRequestsDuringMaintenance.php(109): Illuminate/Pipeline/Pipeline->{closure:{closure:Illuminate/Pipeline/Pipeline::carry():194}:195}()
#50 C:/Users/Monami Sadhu/Music/🏫 Campus Lost & Found Portal – Authentication, CRUD, Search/vendor/laravel/framework/src/Illuminate/Pipeline/Pipeline.php(219): Illuminate/Foundation/Http/Middleware/PreventRequestsDuringMaintenance->handle()
#51 C:/Users/Monami Sadhu/Music/🏫 Campus Lost & Found Portal – Authentication, CRUD, Search/vendor/laravel/framework/src/Illuminate/Http/Middleware/HandleCors.php(61): Illuminate/Pipeline/Pipeline->{closure:{closure:Illuminate/Pipeline/Pipeline::carry():194}:195}()
#52 C:/Users/Monami Sadhu/Music/🏫 Campus Lost & Found Portal – Authentication, CRUD, Search/vendor/laravel/framework/src/Illuminate/Pipeline/Pipeline.php(219): Illuminate/Http/Middleware/HandleCors->handle()
#53 C:/Users/Monami Sadhu/Music/🏫 Campus Lost & Found Portal – Authentication, CRUD, Search/vendor/laravel/framework/src/Illuminate/Http/Middleware/TrustProxies.php(58): Illuminate/Pipeline/Pipeline->{closure:{closure:Illuminate/Pipeline/Pipeline::carry():194}:195}()
#54 C:/Users/Monami Sadhu/Music/🏫 Campus Lost & Found Portal – Authentication, CRUD, Search/vendor/laravel/framework/src/Illuminate/Pipeline/Pipeline.php(219): Illuminate/Http/Middleware/TrustProxies->handle()
#55 C:/Users/Monami Sadhu/Music/🏫 Campus Lost & Found Portal – Authentication, CRUD, Search/vendor/laravel/framework/src/Illuminate/Foundation/Http/Middleware/InvokeDeferredCallbacks.php(22): Illuminate/Pipeline/Pipeline->{closure:{closure:Illuminate/Pipeline/Pipeline::carry():194}:195}()
#56 C:/Users/Monami Sadhu/Music/🏫 Campus Lost & Found Portal – Authentication, CRUD, Search/vendor/laravel/framework/src/Illuminate/Pipeline/Pipeline.php(219): Illuminate/Foundation/Http/Middleware/InvokeDeferredCallbacks->handle()
#57 C:/Users/Monami Sadhu/Music/🏫 Campus Lost & Found Portal – Authentication, CRUD, Search/vendor/laravel/framework/src/Illuminate/Http/Middleware/ValidatePathEncoding.php(26): Illuminate/Pipeline/Pipeline->{closure:{closure:Illuminate/Pipeline/Pipeline::carry():194}:195}()
#58 C:/Users/Monami Sadhu/Music/🏫 Campus Lost & Found Portal – Authentication, CRUD, Search/vendor/laravel/framework/src/Illuminate/Pipeline/Pipeline.php(219): Illuminate/Http/Middleware/ValidatePathEncoding->handle()
#59 C:/Users/Monami Sadhu/Music/🏫 Campus Lost & Found Portal – Authentication, CRUD, Search/vendor/laravel/framework/src/Illuminate/Pipeline/Pipeline.php(137): Illuminate/Pipeline/Pipeline->{closure:{closure:Illuminate/Pipeline/Pipeline::carry():194}:195}()
#60 C:/Users/Monami Sadhu/Music/🏫 Campus Lost & Found Portal – Authentication, CRUD, Search/vendor/laravel/framework/src/Illuminate/Foundation/Http/Kernel.php(175): Illuminate/Pipeline/Pipeline->then()
#61 C:/Users/Monami Sadhu/Music/🏫 Campus Lost & Found Portal – Authentication, CRUD, Search/vendor/laravel/framework/src/Illuminate/Foundation/Http/Kernel.php(144): Illuminate/Foundation/Http/Kernel->sendRequestThroughRouter()
#62 C:/Users/Monami Sadhu/Music/🏫 Campus Lost & Found Portal – Authentication, CRUD, Search/vendor/laravel/framework/src/Illuminate/Foundation/Testing/Concerns/MakesHttpRequests.php(607): Illuminate/Foundation/Http/Kernel->handle()
#63 C:/Users/Monami Sadhu/Music/🏫 Campus Lost & Found Portal – Authentication, CRUD, Search/vendor/laravel/framework/src/Illuminate/Foundation/Testing/Concerns/MakesHttpRequests.php(368): Illuminate/Foundation/Testing/TestCase->call()
#64 C:/Users/Monami Sadhu/Music/🏫 Campus Lost & Found Portal – Authentication, CRUD, Search/tests/Feature/HomePageTest.php(11): Illuminate/Foundation/Testing/TestCase->get()
#65 C:/Users/Monami Sadhu/Music/🏫 Campus Lost & Found Portal – Authentication, CRUD, Search/vendor/phpunit/phpunit/src/Framework/TestCase.php(1667): Tests/Feature/HomePageTest->test_home_page_is_accessible()
#66 C:/Users/Monami Sadhu/Music/🏫 Campus Lost & Found Portal – Authentication, CRUD, Search/vendor/phpunit/phpunit/src/Framework/TestCase.php(519): PHPUnit/Framework/TestCase->runTest()
#67 C:/Users/Monami Sadhu/Music/🏫 Campus Lost & Found Portal – Authentication, CRUD, Search/vendor/phpunit/phpunit/src/Framework/TestRunner/TestRunner.php(87): PHPUnit/Framework/TestCase->runBare()
#68 C:/Users/Monami Sadhu/Music/🏫 Campus Lost & Found Portal – Authentication, CRUD, Search/vendor/phpunit/phpunit/src/Framework/TestCase.php(365): PHPUnit/Framework/TestRunner->run()
#69 C:/Users/Monami Sadhu/Music/🏫 Campus Lost & Found Portal – Authentication, CRUD, Search/vendor/phpunit/phpunit/src/Framework/TestSuite.php(369): PHPUnit/Framework/TestCase->run()
#70 C:/Users/Monami Sadhu/Music/🏫 Campus Lost & Found Portal – Authentication, CRUD, Search/vendor/phpunit/phpunit/src/Framework/TestSuite.php(369): PHPUnit/Framework/TestSuite->run()
#71 C:/Users/Monami Sadhu/Music/🏫 Campus Lost & Found Portal – Authentication, CRUD, Search/vendor/phpunit/phpunit/src/Framework/TestSuite.php(369): PHPUnit/Framework/TestSuite->run()
#72 C:/Users/Monami Sadhu/Music/🏫 Campus Lost & Found Portal – Authentication, CRUD, Search/vendor/phpunit/phpunit/src/TextUI/TestRunner.php(64): PHPUnit/Framework/TestSuite->run()
#73 C:/Users/Monami Sadhu/Music/🏫 Campus Lost & Found Portal – Authentication, CRUD, Search/vendor/phpunit/phpunit/src/TextUI/Application.php(211): PHPUnit/TextUI/TestRunner->run()
#74 C:/Users/Monami Sadhu/Music/🏫 Campus Lost & Found Portal – Authentication, CRUD, Search/vendor/phpunit/phpunit/phpunit(104): PHPUnit/TextUI/Application->run()
#75 {main}
"} 
[2026-08-08 04:36:39] local.ERROR: Class "Request" not found (View: C:\Users\Monami Sadhu\Music\🏫 Campus Lost & Found Portal – Authentication, CRUD, Search\resources\views\layouts\app.blade.php) (View: C:\Users\Monami Sadhu\Music\🏫 Campus Lost & Found Portal – Authentication, CRUD, Search\resources\views\layouts\app.blade.php) {"exception":"[object] (Illuminate\\View\\ViewException(code: 0): Class \"Request\" not found (View: C:\\Users\\Monami Sadhu\\Music\\🏫 Campus Lost & Found Portal – Authentication, CRUD, Search\\resources\\views\\layouts\\app.blade.php) (View: C:\\Users\\Monami Sadhu\\Music\\🏫 Campus Lost & Found Portal – Authentication, CRUD, Search\\resources\\views\\layouts\\app.blade.php) at C:/Users/Monami Sadhu/Music/🏫 Campus Lost & Found Portal – Authentication, CRUD, Search/storage/framework/views/7663ecabfccde130339e2852f5a718ea.php:97)
[stacktrace]
#0 C:/Users/Monami Sadhu/Music/🏫 Campus Lost & Found Portal – Authentication, CRUD, Search/vendor/laravel/framework/src/Illuminate/View/Engines/PhpEngine.php(59): Illuminate/View/Engines/CompilerEngine->handleViewException()
#1 C:/Users/Monami Sadhu/Music/🏫 Campus Lost & Found Portal – Authentication, CRUD, Search/vendor/laravel/framework/src/Illuminate/View/Engines/CompilerEngine.php(76): Illuminate/View/Engines/PhpEngine->evaluatePath()
#2 C:/Users/Monami Sadhu/Music/🏫 Campus Lost & Found Portal – Authentication, CRUD, Search/vendor/laravel/framework/src/Illuminate/View/View.php(208): Illuminate/View/Engines/CompilerEngine->get()
#3 C:/Users/Monami Sadhu/Music/🏫 Campus Lost & Found Portal – Authentication, CRUD, Search/vendor/laravel/framework/src/Illuminate/View/View.php(191): Illuminate/View/View->getContents()
#4 C:/Users/Monami Sadhu/Music/🏫 Campus Lost & Found Portal – Authentication, CRUD, Search/vendor/laravel/framework/src/Illuminate/View/View.php(160): Illuminate/View/View->renderContents()
#5 C:/Users/Monami Sadhu/Music/🏫 Campus Lost & Found Portal – Authentication, CRUD, Search/vendor/laravel/framework/src/Illuminate/Http/Response.php(78): Illuminate/View/View->render()
#6 C:/Users/Monami Sadhu/Music/🏫 Campus Lost & Found Portal – Authentication, CRUD, Search/vendor/laravel/framework/src/Illuminate/Http/Response.php(34): Illuminate/Http/Response->setContent()
#7 C:/Users/Monami Sadhu/Music/🏫 Campus Lost & Found Portal – Authentication, CRUD, Search/vendor/laravel/framework/src/Illuminate/Routing/Router.php(939): Illuminate/Http/Response->__construct()
#8 C:/Users/Monami Sadhu/Music/🏫 Campus Lost & Found Portal – Authentication, CRUD, Search/vendor/laravel/framework/src/Illuminate/Routing/Router.php(906): Illuminate/Routing/Router::toResponse()
#9 C:/Users/Monami Sadhu/Music/🏫 Campus Lost & Found Portal – Authentication, CRUD, Search/vendor/laravel/framework/src/Illuminate/Routing/Router.php(821): Illuminate/Routing/Router->prepareResponse()
#10 C:/Users/Monami Sadhu/Music/🏫 Campus Lost & Found Portal – Authentication, CRUD, Search/vendor/laravel/framework/src/Illuminate/Pipeline/Pipeline.php(180): Illuminate/Routing/Router->{closure:Illuminate/Routing/Router::runRouteWithinStack():821}()
#11 C:/Users/Monami Sadhu/Music/🏫 Campus Lost & Found Portal – Authentication, CRUD, Search/vendor/laravel/framework/src/Illuminate/Routing/Middleware/SubstituteBindings.php(50): Illuminate/Pipeline/Pipeline->{closure:Illuminate/Pipeline/Pipeline::prepareDestination():178}()
#12 C:/Users/Monami Sadhu/Music/🏫 Campus Lost & Found Portal – Authentication, CRUD, Search/vendor/laravel/framework/src/Illuminate/Pipeline/Pipeline.php(219): Illuminate/Routing/Middleware/SubstituteBindings->handle()
#13 C:/Users/Monami Sadhu/Music/🏫 Campus Lost & Found Portal – Authentication, CRUD, Search/vendor/laravel/framework/src/Illuminate/Foundation/Http/Middleware/VerifyCsrfToken.php(87): Illuminate/Pipeline/Pipeline->{closure:{closure:Illuminate/Pipeline/Pipeline::carry():194}:195}()
#14 C:/Users/Monami Sadhu/Music/🏫 Campus Lost & Found Portal – Authentication, CRUD, Search/vendor/laravel/framework/src/Illuminate/Pipeline/Pipeline.php(219): Illuminate/Foundation/Http/Middleware/VerifyCsrfToken->handle()
#15 C:/Users/Monami Sadhu/Music/🏫 Campus Lost & Found Portal – Authentication, CRUD, Search/vendor/laravel/framework/src/Illuminate/View/Middleware/ShareErrorsFromSession.php(48): Illuminate/Pipeline/Pipeline->{closure:{closure:Illuminate/Pipeline/Pipeline::carry():194}:195}()
#16 C:/Users/Monami Sadhu/Music/🏫 Campus Lost & Found Portal – Authentication, CRUD, Search/vendor/laravel/framework/src/Illuminate/Pipeline/Pipeline.php(219): Illuminate/View/Middleware/ShareErrorsFromSession->handle()
#17 C:/Users/Monami Sadhu/Music/🏫 Campus Lost & Found Portal – Authentication, CRUD, Search/vendor/laravel/framework/src/Illuminate/Session/Middleware/StartSession.php(120): Illuminate/Pipeline/Pipeline->{closure:{closure:Illuminate/Pipeline/Pipeline::carry():194}:195}()
#18 C:/Users/Monami Sadhu/Music/🏫 Campus Lost & Found Portal – Authentication, CRUD, Search/vendor/laravel/framework/src/Illuminate/Session/Middleware/StartSession.php(63): Illuminate/Session/Middleware/StartSession->handleStatefulRequest()
#19 C:/Users/Monami Sadhu/Music/🏫 Campus Lost & Found Portal – Authentication, CRUD, Search/vendor/laravel/framework/src/Illuminate/Pipeline/Pipeline.php(219): Illuminate/Session/Middleware/StartSession->handle()
#20 C:/Users/Monami Sadhu/Music/🏫 Campus Lost & Found Portal – Authentication, CRUD, Search/vendor/laravel/framework/src/Illuminate/Cookie/Middleware/AddQueuedCookiesToResponse.php(36): Illuminate/Pipeline/Pipeline->{closure:{closure:Illuminate/Pipeline/Pipeline::carry():194}:195}()
#21 C:/Users/Monami Sadhu/Music/🏫 Campus Lost & Found Portal – Authentication, CRUD, Search/vendor/laravel/framework/src/Illuminate/Pipeline/Pipeline.php(219): Illuminate/Cookie/Middleware/AddQueuedCookiesToResponse->handle()
#22 C:/Users/Monami Sadhu/Music/🏫 Campus Lost & Found Portal – Authentication, CRUD, Search/vendor/laravel/framework/src/Illuminate/Cookie/Middleware/EncryptCookies.php(74): Illuminate/Pipeline/Pipeline->{closure:{closure:Illuminate/Pipeline/Pipeline::carry():194}:195}()
#23 C:/Users/Monami Sadhu/Music/🏫 Campus Lost & Found Portal – Authentication, CRUD, Search/vendor/laravel/framework/src/Illuminate/Pipeline/Pipeline.php(219): Illuminate/Cookie/Middleware/EncryptCookies->handle()
#24 C:/Users/Monami Sadhu/Music/🏫 Campus Lost & Found Portal – Authentication, CRUD, Search/vendor/laravel/framework/src/Illuminate/Pipeline/Pipeline.php(137): Illuminate/Pipeline/Pipeline->{closure:{closure:Illuminate/Pipeline/Pipeline::carry():194}:195}()
#25 C:/Users/Monami Sadhu/Music/🏫 Campus Lost & Found Portal – Authentication, CRUD, Search/vendor/laravel/framework/src/Illuminate/Routing/Router.php(821): Illuminate/Pipeline/Pipeline->then()
#26 C:/Users/Monami Sadhu/Music/🏫 Campus Lost & Found Portal – Authentication, CRUD, Search/vendor/laravel/framework/src/Illuminate/Routing/Router.php(800): Illuminate/Routing/Router->runRouteWithinStack()
#27 C:/Users/Monami Sadhu/Music/🏫 Campus Lost & Found Portal – Authentication, CRUD, Search/vendor/laravel/framework/src/Illuminate/Routing/Router.php(764): Illuminate/Routing/Router->runRoute()
#28 C:/Users/Monami Sadhu/Music/🏫 Campus Lost & Found Portal – Authentication, CRUD, Search/vendor/laravel/framework/src/Illuminate/Routing/Router.php(753): Illuminate/Routing/Router->dispatchToRoute()
#29 C:/Users/Monami Sadhu/Music/🏫 Campus Lost & Found Portal – Authentication, CRUD, Search/vendor/laravel/framework/src/Illuminate/Foundation/Http/Kernel.php(200): Illuminate/Routing/Router->dispatch()
#30 C:/Users/Monami Sadhu/Music/🏫 Campus Lost & Found Portal – Authentication, CRUD, Search/vendor/laravel/framework/src/Illuminate/Pipeline/Pipeline.php(180): Illuminate/Foundation/Http/Kernel->{closure:Illuminate/Foundation/Http/Kernel::dispatchToRouter():197}()
#31 C:/Users/Monami Sadhu/Music/🏫 Campus Lost & Found Portal – Authentication, CRUD, Search/vendor/laravel/framework/src/Illuminate/Foundation/Http/Middleware/TransformsRequest.php(21): Illuminate/Pipeline/Pipeline->{closure:Illuminate/Pipeline/Pipeline::prepareDestination():178}()
#32 C:/Users/Monami Sadhu/Music/🏫 Campus Lost & Found Portal – Authentication, CRUD, Search/vendor/laravel/framework/src/Illuminate/Foundation/Http/Middleware/ConvertEmptyStringsToNull.php(31): Illuminate/Foundation/Http/Middleware/TransformsRequest->handle()
#33 C:/Users/Monami Sadhu/Music/🏫 Campus Lost & Found Portal – Authentication, CRUD, Search/vendor/laravel/framework/src/Illuminate/Pipeline/Pipeline.php(219): Illuminate/Foundation/Http/Middleware/ConvertEmptyStringsToNull->handle()
#34 C:/Users/Monami Sadhu/Music/🏫 Campus Lost & Found Portal – Authentication, CRUD, Search/vendor/laravel/framework/src/Illuminate/Foundation/Http/Middleware/TransformsRequest.php(21): Illuminate/Pipeline/Pipeline->{closure:{closure:Illuminate/Pipeline/Pipeline::carry():194}:195}()
#35 C:/Users/Monami Sadhu/Music/🏫 Campus Lost & Found Portal – Authentication, CRUD, Search/vendor/laravel/framework/src/Illuminate/Foundation/Http/Middleware/TrimStrings.php(51): Illuminate/Foundation/Http/Middleware/TransformsRequest->handle()
#36 C:/Users/Monami Sadhu/Music/🏫 Campus Lost & Found Portal – Authentication, CRUD, Search/vendor/laravel/framework/src/Illuminate/Pipeline/Pipeline.php(219): Illuminate/Foundation/Http/Middleware/TrimStrings->handle()
#37 C:/Users/Monami Sadhu/Music/🏫 Campus Lost & Found Portal – Authentication, CRUD, Search/vendor/laravel/framework/src/Illuminate/Http/Middleware/ValidatePostSize.php(27): Illuminate/Pipeline/Pipeline->{closure:{closure:Illuminate/Pipeline/Pipeline::carry():194}:195}()
#38 C:/Users/Monami Sadhu/Music/🏫 Campus Lost & Found Portal – Authentication, CRUD, Search/vendor/laravel/framework/src/Illuminate/Pipeline/Pipeline.php(219): Illuminate/Http/Middleware/ValidatePostSize->handle()
#39 C:/Users/Monami Sadhu/Music/🏫 Campus Lost & Found Portal – Authentication, CRUD, Search/vendor/laravel/framework/src/Illuminate/Foundation/Http/Middleware/PreventRequestsDuringMaintenance.php(109): Illuminate/Pipeline/Pipeline->{closure:{closure:Illuminate/Pipeline/Pipeline::carry():194}:195}()
#40 C:/Users/Monami Sadhu/Music/🏫 Campus Lost & Found Portal – Authentication, CRUD, Search/vendor/laravel/framework/src/Illuminate/Pipeline/Pipeline.php(219): Illuminate/Foundation/Http/Middleware/PreventRequestsDuringMaintenance->handle()
#41 C:/Users/Monami Sadhu/Music/🏫 Campus Lost & Found Portal – Authentication, CRUD, Search/vendor/laravel/framework/src/Illuminate/Http/Middleware/HandleCors.php(61): Illuminate/Pipeline/Pipeline->{closure:{closure:Illuminate/Pipeline/Pipeline::carry():194}:195}()
#42 C:/Users/Monami Sadhu/Music/🏫 Campus Lost & Found Portal – Authentication, CRUD, Search/vendor/laravel/framework/src/Illuminate/Pipeline/Pipeline.php(219): Illuminate/Http/Middleware/HandleCors->handle()
#43 C:/Users/Monami Sadhu/Music/🏫 Campus Lost & Found Portal – Authentication, CRUD, Search/vendor/laravel/framework/src/Illuminate/Http/Middleware/TrustProxies.php(58): Illuminate/Pipeline/Pipeline->{closure:{closure:Illuminate/Pipeline/Pipeline::carry():194}:195}()
#44 C:/Users/Monami Sadhu/Music/🏫 Campus Lost & Found Portal – Authentication, CRUD, Search/vendor/laravel/framework/src/Illuminate/Pipeline/Pipeline.php(219): Illuminate/Http/Middleware/TrustProxies->handle()
#45 C:/Users/Monami Sadhu/Music/🏫 Campus Lost & Found Portal – Authentication, CRUD, Search/vendor/laravel/framework/src/Illuminate/Foundation/Http/Middleware/InvokeDeferredCallbacks.php(22): Illuminate/Pipeline/Pipeline->{closure:{closure:Illuminate/Pipeline/Pipeline::carry():194}:195}()
#46 C:/Users/Monami Sadhu/Music/🏫 Campus Lost & Found Portal – Authentication, CRUD, Search/vendor/laravel/framework/src/Illuminate/Pipeline/Pipeline.php(219): Illuminate/Foundation/Http/Middleware/InvokeDeferredCallbacks->handle()
#47 C:/Users/Monami Sadhu/Music/🏫 Campus Lost & Found Portal – Authentication, CRUD, Search/vendor/laravel/framework/src/Illuminate/Http/Middleware/ValidatePathEncoding.php(26): Illuminate/Pipeline/Pipeline->{closure:{closure:Illuminate/Pipeline/Pipeline::carry():194}:195}()
#48 C:/Users/Monami Sadhu/Music/🏫 Campus Lost & Found Portal – Authentication, CRUD, Search/vendor/laravel/framework/src/Illuminate/Pipeline/Pipeline.php(219): Illuminate/Http/Middleware/ValidatePathEncoding->handle()
#49 C:/Users/Monami Sadhu/Music/🏫 Campus Lost & Found Portal – Authentication, CRUD, Search/vendor/laravel/framework/src/Illuminate/Pipeline/Pipeline.php(137): Illuminate/Pipeline/Pipeline->{closure:{closure:Illuminate/Pipeline/Pipeline::carry():194}:195}()
#50 C:/Users/Monami Sadhu/Music/🏫 Campus Lost & Found Portal – Authentication, CRUD, Search/vendor/laravel/framework/src/Illuminate/Foundation/Http/Kernel.php(175): Illuminate/Pipeline/Pipeline->then()
#51 C:/Users/Monami Sadhu/Music/🏫 Campus Lost & Found Portal – Authentication, CRUD, Search/vendor/laravel/framework/src/Illuminate/Foundation/Http/Kernel.php(144): Illuminate/Foundation/Http/Kernel->sendRequestThroughRouter()
#52 C:/Users/Monami Sadhu/Music/🏫 Campus Lost & Found Portal – Authentication, CRUD, Search/vendor/laravel/framework/src/Illuminate/Foundation/Testing/Concerns/MakesHttpRequests.php(607): Illuminate/Foundation/Http/Kernel->handle()
#53 C:/Users/Monami Sadhu/Music/🏫 Campus Lost & Found Portal – Authentication, CRUD, Search/vendor/laravel/framework/src/Illuminate/Foundation/Testing/Concerns/MakesHttpRequests.php(368): Illuminate/Foundation/Testing/TestCase->call()
#54 C:/Users/Monami Sadhu/Music/🏫 Campus Lost & Found Portal – Authentication, CRUD, Search/tests/Feature/HomePageTest.php(14): Illuminate/Foundation/Testing/TestCase->get()
#55 C:/Users/Monami Sadhu/Music/🏫 Campus Lost & Found Portal – Authentication, CRUD, Search/vendor/phpunit/phpunit/src/Framework/TestCase.php(1667): Tests/Feature/HomePageTest->test_home_page_is_accessible()
#56 C:/Users/Monami Sadhu/Music/🏫 Campus Lost & Found Portal – Authentication, CRUD, Search/vendor/phpunit/phpunit/src/Framework/TestCase.php(519): PHPUnit/Framework/TestCase->runTest()
#57 C:/Users/Monami Sadhu/Music/🏫 Campus Lost & Found Portal – Authentication, CRUD, Search/vendor/phpunit/phpunit/src/Framework/TestRunner/TestRunner.php(87): PHPUnit/Framework/TestCase->runBare()
#58 C:/Users/Monami Sadhu/Music/🏫 Campus Lost & Found Portal – Authentication, CRUD, Search/vendor/phpunit/phpunit/src/Framework/TestCase.php(365): PHPUnit/Framework/TestRunner->run()
#59 C:/Users/Monami Sadhu/Music/🏫 Campus Lost & Found Portal – Authentication, CRUD, Search/vendor/phpunit/phpunit/src/Framework/TestSuite.php(369): PHPUnit/Framework/TestCase->run()
#60 C:/Users/Monami Sadhu/Music/🏫 Campus Lost & Found Portal – Authentication, CRUD, Search/vendor/phpunit/phpunit/src/TextUI/TestRunner.php(64): PHPUnit/Framework/TestSuite->run()
#61 C:/Users/Monami Sadhu/Music/🏫 Campus Lost & Found Portal – Authentication, CRUD, Search/vendor/phpunit/phpunit/src/TextUI/Application.php(211): PHPUnit/TextUI/TestRunner->run()
#62 C:/Users/Monami Sadhu/Music/🏫 Campus Lost & Found Portal – Authentication, CRUD, Search/vendor/phpunit/phpunit/phpunit(104): PHPUnit/TextUI/Application->run()
#63 {main}

[previous exception] [object] (Illuminate\\View\\ViewException(code: 0): Class \"Request\" not found (View: C:\\Users\\Monami Sadhu\\Music\\🏫 Campus Lost & Found Portal – Authentication, CRUD, Search\\resources\\views\\layouts\\app.blade.php) at C:/Users/Monami Sadhu/Music/🏫 Campus Lost & Found Portal – Authentication, CRUD, Search/storage/framework/views/7663ecabfccde130339e2852f5a718ea.php:97)
[stacktrace]
#0 C:/Users/Monami Sadhu/Music/🏫 Campus Lost & Found Portal – Authentication, CRUD, Search/vendor/laravel/framework/src/Illuminate/View/Engines/PhpEngine.php(59): Illuminate/View/Engines/CompilerEngine->handleViewException()
#1 C:/Users/Monami Sadhu/Music/🏫 Campus Lost & Found Portal – Authentication, CRUD, Search/vendor/laravel/framework/src/Illuminate/View/Engines/CompilerEngine.php(76): Illuminate/View/Engines/PhpEngine->evaluatePath()
#2 C:/Users/Monami Sadhu/Music/🏫 Campus Lost & Found Portal – Authentication, CRUD, Search/vendor/laravel/framework/src/Illuminate/View/View.php(208): Illuminate/View/Engines/CompilerEngine->get()
#3 C:/Users/Monami Sadhu/Music/🏫 Campus Lost & Found Portal – Authentication, CRUD, Search/vendor/laravel/framework/src/Illuminate/View/View.php(191): Illuminate/View/View->getContents()
#4 C:/Users/Monami Sadhu/Music/🏫 Campus Lost & Found Portal – Authentication, CRUD, Search/vendor/laravel/framework/src/Illuminate/View/View.php(160): Illuminate/View/View->renderContents()
#5 C:/Users/Monami Sadhu/Music/🏫 Campus Lost & Found Portal – Authentication, CRUD, Search/storage/framework/views/59a65b3265790f3e2a8a69f11286cb1d.php(202): Illuminate/View/View->render()
#6 C:/Users/Monami Sadhu/Music/🏫 Campus Lost & Found Portal – Authentication, CRUD, Search/vendor/laravel/framework/src/Illuminate/Filesystem/Filesystem.php(123): require('...')
#7 C:/Users/Monami Sadhu/Music/🏫 Campus Lost & Found Portal – Authentication, CRUD, Search/vendor/laravel/framework/src/Illuminate/Filesystem/Filesystem.php(124): Illuminate/Filesystem/Filesystem::{closure:Illuminate/Filesystem/Filesystem::getRequire():120}()
#8 C:/Users/Monami Sadhu/Music/🏫 Campus Lost & Found Portal – Authentication, CRUD, Search/vendor/laravel/framework/src/Illuminate/View/Engines/PhpEngine.php(57): Illuminate/Filesystem/Filesystem->getRequire()
#9 C:/Users/Monami Sadhu/Music/🏫 Campus Lost & Found Portal – Authentication, CRUD, Search/vendor/laravel/framework/src/Illuminate/View/Engines/CompilerEngine.php(76): Illuminate/View/Engines/PhpEngine->evaluatePath()
#10 C:/Users/Monami Sadhu/Music/🏫 Campus Lost & Found Portal – Authentication, CRUD, Search/vendor/laravel/framework/src/Illuminate/View/View.php(208): Illuminate/View/Engines/CompilerEngine->get()
#11 C:/Users/Monami Sadhu/Music/🏫 Campus Lost & Found Portal – Authentication, CRUD, Search/vendor/laravel/framework/src/Illuminate/View/View.php(191): Illuminate/View/View->getContents()
#12 C:/Users/Monami Sadhu/Music/🏫 Campus Lost & Found Portal – Authentication, CRUD, Search/vendor/laravel/framework/src/Illuminate/View/View.php(160): Illuminate/View/View->renderContents()
#13 C:/Users/Monami Sadhu/Music/🏫 Campus Lost & Found Portal – Authentication, CRUD, Search/vendor/laravel/framework/src/Illuminate/Http/Response.php(78): Illuminate/View/View->render()
#14 C:/Users/Monami Sadhu/Music/🏫 Campus Lost & Found Portal – Authentication, CRUD, Search/vendor/laravel/framework/src/Illuminate/Http/Response.php(34): Illuminate/Http/Response->setContent()
#15 C:/Users/Monami Sadhu/Music/🏫 Campus Lost & Found Portal – Authentication, CRUD, Search/vendor/laravel/framework/src/Illuminate/Routing/Router.php(939): Illuminate/Http/Response->__construct()
#16 C:/Users/Monami Sadhu/Music/🏫 Campus Lost & Found Portal – Authentication, CRUD, Search/vendor/laravel/framework/src/Illuminate/Routing/Router.php(906): Illuminate/Routing/Router::toResponse()
#17 C:/Users/Monami Sadhu/Music/🏫 Campus Lost & Found Portal – Authentication, CRUD, Search/vendor/laravel/framework/src/Illuminate/Routing/Router.php(821): Illuminate/Routing/Router->prepareResponse()
#18 C:/Users/Monami Sadhu/Music/🏫 Campus Lost & Found Portal – Authentication, CRUD, Search/vendor/laravel/framework/src/Illuminate/Pipeline/Pipeline.php(180): Illuminate/Routing/Router->{closure:Illuminate/Routing/Router::runRouteWithinStack():821}()
#19 C:/Users/Monami Sadhu/Music/🏫 Campus Lost & Found Portal – Authentication, CRUD, Search/vendor/laravel/framework/src/Illuminate/Routing/Middleware/SubstituteBindings.php(50): Illuminate/Pipeline/Pipeline->{closure:Illuminate/Pipeline/Pipeline::prepareDestination():178}()
#20 C:/Users/Monami Sadhu/Music/🏫 Campus Lost & Found Portal – Authentication, CRUD, Search/vendor/laravel/framework/src/Illuminate/Pipeline/Pipeline.php(219): Illuminate/Routing/Middleware/SubstituteBindings->handle()
#21 C:/Users/Monami Sadhu/Music/🏫 Campus Lost & Found Portal – Authentication, CRUD, Search/vendor/laravel/framework/src/Illuminate/Foundation/Http/Middleware/VerifyCsrfToken.php(87): Illuminate/Pipeline/Pipeline->{closure:{closure:Illuminate/Pipeline/Pipeline::carry():194}:195}()
#22 C:/Users/Monami Sadhu/Music/🏫 Campus Lost & Found Portal – Authentication, CRUD, Search/vendor/laravel/framework/src/Illuminate/Pipeline/Pipeline.php(219): Illuminate/Foundation/Http/Middleware/VerifyCsrfToken->handle()
#23 C:/Users/Monami Sadhu/Music/🏫 Campus Lost & Found Portal – Authentication, CRUD, Search/vendor/laravel/framework/src/Illuminate/View/Middleware/ShareErrorsFromSession.php(48): Illuminate/Pipeline/Pipeline->{closure:{closure:Illuminate/Pipeline/Pipeline::carry():194}:195}()
#24 C:/Users/Monami Sadhu/Music/🏫 Campus Lost & Found Portal – Authentication, CRUD, Search/vendor/laravel/framework/src/Illuminate/Pipeline/Pipeline.php(219): Illuminate/View/Middleware/ShareErrorsFromSession->handle()
#25 C:/Users/Monami Sadhu/Music/🏫 Campus Lost & Found Portal – Authentication, CRUD, Search/vendor/laravel/framework/src/Illuminate/Session/Middleware/StartSession.php(120): Illuminate/Pipeline/Pipeline->{closure:{closure:Illuminate/Pipeline/Pipeline::carry():194}:195}()
#26 C:/Users/Monami Sadhu/Music/🏫 Campus Lost & Found Portal – Authentication, CRUD, Search/vendor/laravel/framework/src/Illuminate/Session/Middleware/StartSession.php(63): Illuminate/Session/Middleware/StartSession->handleStatefulRequest()
#27 C:/Users/Monami Sadhu/Music/🏫 Campus Lost & Found Portal – Authentication, CRUD, Search/vendor/laravel/framework/src/Illuminate/Pipeline/Pipeline.php(219): Illuminate/Session/Middleware/StartSession->handle()
#28 C:/Users/Monami Sadhu/Music/🏫 Campus Lost & Found Portal – Authentication, CRUD, Search/vendor/laravel/framework/src/Illuminate/Cookie/Middleware/AddQueuedCookiesToResponse.php(36): Illuminate/Pipeline/Pipeline->{closure:{closure:Illuminate/Pipeline/Pipeline::carry():194}:195}()
#29 C:/Users/Monami Sadhu/Music/🏫 Campus Lost & Found Portal – Authentication, CRUD, Search/vendor/laravel/framework/src/Illuminate/Pipeline/Pipeline.php(219): Illuminate/Cookie/Middleware/AddQueuedCookiesToResponse->handle()
#30 C:/Users/Monami Sadhu/Music/🏫 Campus Lost & Found Portal – Authentication, CRUD, Search/vendor/laravel/framework/src/Illuminate/Cookie/Middleware/EncryptCookies.php(74): Illuminate/Pipeline/Pipeline->{closure:{closure:Illuminate/Pipeline/Pipeline::carry():194}:195}()
#31 C:/Users/Monami Sadhu/Music/🏫 Campus Lost & Found Portal – Authentication, CRUD, Search/vendor/laravel/framework/src/Illuminate/Pipeline/Pipeline.php(219): Illuminate/Cookie/Middleware/EncryptCookies->handle()
#32 C:/Users/Monami Sadhu/Music/🏫 Campus Lost & Found Portal – Authentication, CRUD, Search/vendor/laravel/framework/src/Illuminate/Pipeline/Pipeline.php(137): Illuminate/Pipeline/Pipeline->{closure:{closure:Illuminate/Pipeline/Pipeline::carry():194}:195}()
#33 C:/Users/Monami Sadhu/Music/🏫 Campus Lost & Found Portal – Authentication, CRUD, Search/vendor/laravel/framework/src/Illuminate/Routing/Router.php(821): Illuminate/Pipeline/Pipeline->then()
#34 C:/Users/Monami Sadhu/Music/🏫 Campus Lost & Found Portal – Authentication, CRUD, Search/vendor/laravel/framework/src/Illuminate/Routing/Router.php(800): Illuminate/Routing/Router->runRouteWithinStack()
#35 C:/Users/Monami Sadhu/Music/🏫 Campus Lost & Found Portal – Authentication, CRUD, Search/vendor/laravel/framework/src/Illuminate/Routing/Router.php(764): Illuminate/Routing/Router->runRoute()
#36 C:/Users/Monami Sadhu/Music/🏫 Campus Lost & Found Portal – Authentication, CRUD, Search/vendor/laravel/framework/src/Illuminate/Routing/Router.php(753): Illuminate/Routing/Router->dispatchToRoute()
#37 C:/Users/Monami Sadhu/Music/🏫 Campus Lost & Found Portal – Authentication, CRUD, Search/vendor/laravel/framework/src/Illuminate/Foundation/Http/Kernel.php(200): Illuminate/Routing/Router->dispatch()
#38 C:/Users/Monami Sadhu/Music/🏫 Campus Lost & Found Portal – Authentication, CRUD, Search/vendor/laravel/framework/src/Illuminate/Pipeline/Pipeline.php(180): Illuminate/Foundation/Http/Kernel->{closure:Illuminate/Foundation/Http/Kernel::dispatchToRouter():197}()
#39 C:/Users/Monami Sadhu/Music/🏫 Campus Lost & Found Portal – Authentication, CRUD, Search/vendor/laravel/framework/src/Illuminate/Foundation/Http/Middleware/TransformsRequest.php(21): Illuminate/Pipeline/Pipeline->{closure:Illuminate/Pipeline/Pipeline::prepareDestination():178}()
#40 C:/Users/Monami Sadhu/Music/🏫 Campus Lost & Found Portal – Authentication, CRUD, Search/vendor/laravel/framework/src/Illuminate/Foundation/Http/Middleware/ConvertEmptyStringsToNull.php(31): Illuminate/Foundation/Http/Middleware/TransformsRequest->handle()
#41 C:/Users/Monami Sadhu/Music/🏫 Campus Lost & Found Portal – Authentication, CRUD, Search/vendor/laravel/framework/src/Illuminate/Pipeline/Pipeline.php(219): Illuminate/Foundation/Http/Middleware/ConvertEmptyStringsToNull->handle()
#42 C:/Users/Monami Sadhu/Music/🏫 Campus Lost & Found Portal – Authentication, CRUD, Search/vendor/laravel/framework/src/Illuminate/Foundation/Http/Middleware/TransformsRequest.php(21): Illuminate/Pipeline/Pipeline->{closure:{closure:Illuminate/Pipeline/Pipeline::carry():194}:195}()
#43 C:/Users/Monami Sadhu/Music/🏫 Campus Lost & Found Portal – Authentication, CRUD, Search/vendor/laravel/framework/src/Illuminate/Foundation/Http/Middleware/TrimStrings.php(51): Illuminate/Foundation/Http/Middleware/TransformsRequest->handle()
#44 C:/Users/Monami Sadhu/Music/🏫 Campus Lost & Found Portal – Authentication, CRUD, Search/vendor/laravel/framework/src/Illuminate/Pipeline/Pipeline.php(219): Illuminate/Foundation/Http/Middleware/TrimStrings->handle()
#45 C:/Users/Monami Sadhu/Music/🏫 Campus Lost & Found Portal – Authentication, CRUD, Search/vendor/laravel/framework/src/Illuminate/Http/Middleware/ValidatePostSize.php(27): Illuminate/Pipeline/Pipeline->{closure:{closure:Illuminate/Pipeline/Pipeline::carry():194}:195}()
#46 C:/Users/Monami Sadhu/Music/🏫 Campus Lost & Found Portal – Authentication, CRUD, Search/vendor/laravel/framework/src/Illuminate/Pipeline/Pipeline.php(219): Illuminate/Http/Middleware/ValidatePostSize->handle()
#47 C:/Users/Monami Sadhu/Music/🏫 Campus Lost & Found Portal – Authentication, CRUD, Search/vendor/laravel/framework/src/Illuminate/Foundation/Http/Middleware/PreventRequestsDuringMaintenance.php(109): Illuminate/Pipeline/Pipeline->{closure:{closure:Illuminate/Pipeline/Pipeline::carry():194}:195}()
#48 C:/Users/Monami Sadhu/Music/🏫 Campus Lost & Found Portal – Authentication, CRUD, Search/vendor/laravel/framework/src/Illuminate/Pipeline/Pipeline.php(219): Illuminate/Foundation/Http/Middleware/PreventRequestsDuringMaintenance->handle()
#49 C:/Users/Monami Sadhu/Music/🏫 Campus Lost & Found Portal – Authentication, CRUD, Search/vendor/laravel/framework/src/Illuminate/Http/Middleware/HandleCors.php(61): Illuminate/Pipeline/Pipeline->{closure:{closure:Illuminate/Pipeline/Pipeline::carry():194}:195}()
#50 C:/Users/Monami Sadhu/Music/🏫 Campus Lost & Found Portal – Authentication, CRUD, Search/vendor/laravel/framework/src/Illuminate/Pipeline/Pipeline.php(219): Illuminate/Http/Middleware/HandleCors->handle()
#51 C:/Users/Monami Sadhu/Music/🏫 Campus Lost & Found Portal – Authentication, CRUD, Search/vendor/laravel/framework/src/Illuminate/Http/Middleware/TrustProxies.php(58): Illuminate/Pipeline/Pipeline->{closure:{closure:Illuminate/Pipeline/Pipeline::carry():194}:195}()
#52 C:/Users/Monami Sadhu/Music/🏫 Campus Lost & Found Portal – Authentication, CRUD, Search/vendor/laravel/framework/src/Illuminate/Pipeline/Pipeline.php(219): Illuminate/Http/Middleware/TrustProxies->handle()
#53 C:/Users/Monami Sadhu/Music/🏫 Campus Lost & Found Portal – Authentication, CRUD, Search/vendor/laravel/framework/src/Illuminate/Foundation/Http/Middleware/InvokeDeferredCallbacks.php(22): Illuminate/Pipeline/Pipeline->{closure:{closure:Illuminate/Pipeline/Pipeline::carry():194}:195}()
#54 C:/Users/Monami Sadhu/Music/🏫 Campus Lost & Found Portal – Authentication, CRUD, Search/vendor/laravel/framework/src/Illuminate/Pipeline/Pipeline.php(219): Illuminate/Foundation/Http/Middleware/InvokeDeferredCallbacks->handle()
#55 C:/Users/Monami Sadhu/Music/🏫 Campus Lost & Found Portal – Authentication, CRUD, Search/vendor/laravel/framework/src/Illuminate/Http/Middleware/ValidatePathEncoding.php(26): Illuminate/Pipeline/Pipeline->{closure:{closure:Illuminate/Pipeline/Pipeline::carry():194}:195}()
#56 C:/Users/Monami Sadhu/Music/🏫 Campus Lost & Found Portal – Authentication, CRUD, Search/vendor/laravel/framework/src/Illuminate/Pipeline/Pipeline.php(219): Illuminate/Http/Middleware/ValidatePathEncoding->handle()
#57 C:/Users/Monami Sadhu/Music/🏫 Campus Lost & Found Portal – Authentication, CRUD, Search/vendor/laravel/framework/src/Illuminate/Pipeline/Pipeline.php(137): Illuminate/Pipeline/Pipeline->{closure:{closure:Illuminate/Pipeline/Pipeline::carry():194}:195}()
#58 C:/Users/Monami Sadhu/Music/🏫 Campus Lost & Found Portal – Authentication, CRUD, Search/vendor/laravel/framework/src/Illuminate/Foundation/Http/Kernel.php(175): Illuminate/Pipeline/Pipeline->then()
#59 C:/Users/Monami Sadhu/Music/🏫 Campus Lost & Found Portal – Authentication, CRUD, Search/vendor/laravel/framework/src/Illuminate/Foundation/Http/Kernel.php(144): Illuminate/Foundation/Http/Kernel->sendRequestThroughRouter()
#60 C:/Users/Monami Sadhu/Music/🏫 Campus Lost & Found Portal – Authentication, CRUD, Search/vendor/laravel/framework/src/Illuminate/Foundation/Testing/Concerns/MakesHttpRequests.php(607): Illuminate/Foundation/Http/Kernel->handle()
#61 C:/Users/Monami Sadhu/Music/🏫 Campus Lost & Found Portal – Authentication, CRUD, Search/vendor/laravel/framework/src/Illuminate/Foundation/Testing/Concerns/MakesHttpRequests.php(368): Illuminate/Foundation/Testing/TestCase->call()
#62 C:/Users/Monami Sadhu/Music/🏫 Campus Lost & Found Portal – Authentication, CRUD, Search/tests/Feature/HomePageTest.php(14): Illuminate/Foundation/Testing/TestCase->get()
#63 C:/Users/Monami Sadhu/Music/🏫 Campus Lost & Found Portal – Authentication, CRUD, Search/vendor/phpunit/phpunit/src/Framework/TestCase.php(1667): Tests/Feature/HomePageTest->test_home_page_is_accessible()
#64 C:/Users/Monami Sadhu/Music/🏫 Campus Lost & Found Portal – Authentication, CRUD, Search/vendor/phpunit/phpunit/src/Framework/TestCase.php(519): PHPUnit/Framework/TestCase->runTest()
#65 C:/Users/Monami Sadhu/Music/🏫 Campus Lost & Found Portal – Authentication, CRUD, Search/vendor/phpunit/phpunit/src/Framework/TestRunner/TestRunner.php(87): PHPUnit/Framework/TestCase->runBare()
#66 C:/Users/Monami Sadhu/Music/🏫 Campus Lost & Found Portal – Authentication, CRUD, Search/vendor/phpunit/phpunit/src/Framework/TestCase.php(365): PHPUnit/Framework/TestRunner->run()
#67 C:/Users/Monami Sadhu/Music/🏫 Campus Lost & Found Portal – Authentication, CRUD, Search/vendor/phpunit/phpunit/src/Framework/TestSuite.php(369): PHPUnit/Framework/TestCase->run()
#68 C:/Users/Monami Sadhu/Music/🏫 Campus Lost & Found Portal – Authentication, CRUD, Search/vendor/phpunit/phpunit/src/TextUI/TestRunner.php(64): PHPUnit/Framework/TestSuite->run()
#69 C:/Users/Monami Sadhu/Music/🏫 Campus Lost & Found Portal – Authentication, CRUD, Search/vendor/phpunit/phpunit/src/TextUI/Application.php(211): PHPUnit/TextUI/TestRunner->run()
#70 C:/Users/Monami Sadhu/Music/🏫 Campus Lost & Found Portal – Authentication, CRUD, Search/vendor/phpunit/phpunit/phpunit(104): PHPUnit/TextUI/Application->run()
#71 {main}

[previous exception] [object] (Error(code: 0): Class \"Request\" not found at C:/Users/Monami Sadhu/Music/🏫 Campus Lost & Found Portal – Authentication, CRUD, Search/storage/framework/views/7663ecabfccde130339e2852f5a718ea.php:97)
[stacktrace]
#0 C:/Users/Monami Sadhu/Music/🏫 Campus Lost & Found Portal – Authentication, CRUD, Search/vendor/laravel/framework/src/Illuminate/Filesystem/Filesystem.php(123): require()
#1 C:/Users/Monami Sadhu/Music/🏫 Campus Lost & Found Portal – Authentication, CRUD, Search/vendor/laravel/framework/src/Illuminate/Filesystem/Filesystem.php(124): Illuminate/Filesystem/Filesystem::{closure:Illuminate/Filesystem/Filesystem::getRequire():120}()
#2 C:/Users/Monami Sadhu/Music/🏫 Campus Lost & Found Portal – Authentication, CRUD, Search/vendor/laravel/framework/src/Illuminate/View/Engines/PhpEngine.php(57): Illuminate/Filesystem/Filesystem->getRequire()
#3 C:/Users/Monami Sadhu/Music/🏫 Campus Lost & Found Portal – Authentication, CRUD, Search/vendor/laravel/framework/src/Illuminate/View/Engines/CompilerEngine.php(76): Illuminate/View/Engines/PhpEngine->evaluatePath()
#4 C:/Users/Monami Sadhu/Music/🏫 Campus Lost & Found Portal – Authentication, CRUD, Search/vendor/laravel/framework/src/Illuminate/View/View.php(208): Illuminate/View/Engines/CompilerEngine->get()
#5 C:/Users/Monami Sadhu/Music/🏫 Campus Lost & Found Portal – Authentication, CRUD, Search/vendor/laravel/framework/src/Illuminate/View/View.php(191): Illuminate/View/View->getContents()
#6 C:/Users/Monami Sadhu/Music/🏫 Campus Lost & Found Portal – Authentication, CRUD, Search/vendor/laravel/framework/src/Illuminate/View/View.php(160): Illuminate/View/View->renderContents()
#7 C:/Users/Monami Sadhu/Music/🏫 Campus Lost & Found Portal – Authentication, CRUD, Search/storage/framework/views/59a65b3265790f3e2a8a69f11286cb1d.php(202): Illuminate/View/View->render()
#8 C:/Users/Monami Sadhu/Music/🏫 Campus Lost & Found Portal – Authentication, CRUD, Search/vendor/laravel/framework/src/Illuminate/Filesystem/Filesystem.php(123): require('...')
#9 C:/Users/Monami Sadhu/Music/🏫 Campus Lost & Found Portal – Authentication, CRUD, Search/vendor/laravel/framework/src/Illuminate/Filesystem/Filesystem.php(124): Illuminate/Filesystem/Filesystem::{closure:Illuminate/Filesystem/Filesystem::getRequire():120}()
#10 C:/Users/Monami Sadhu/Music/🏫 Campus Lost & Found Portal – Authentication, CRUD, Search/vendor/laravel/framework/src/Illuminate/View/Engines/PhpEngine.php(57): Illuminate/Filesystem/Filesystem->getRequire()
#11 C:/Users/Monami Sadhu/Music/🏫 Campus Lost & Found Portal – Authentication, CRUD, Search/vendor/laravel/framework/src/Illuminate/View/Engines/CompilerEngine.php(76): Illuminate/View/Engines/PhpEngine->evaluatePath()
#12 C:/Users/Monami Sadhu/Music/🏫 Campus Lost & Found Portal – Authentication, CRUD, Search/vendor/laravel/framework/src/Illuminate/View/View.php(208): Illuminate/View/Engines/CompilerEngine->get()
#13 C:/Users/Monami Sadhu/Music/🏫 Campus Lost & Found Portal – Authentication, CRUD, Search/vendor/laravel/framework/src/Illuminate/View/View.php(191): Illuminate/View/View->getContents()
#14 C:/Users/Monami Sadhu/Music/🏫 Campus Lost & Found Portal – Authentication, CRUD, Search/vendor/laravel/framework/src/Illuminate/View/View.php(160): Illuminate/View/View->renderContents()
#15 C:/Users/Monami Sadhu/Music/🏫 Campus Lost & Found Portal – Authentication, CRUD, Search/vendor/laravel/framework/src/Illuminate/Http/Response.php(78): Illuminate/View/View->render()
#16 C:/Users/Monami Sadhu/Music/🏫 Campus Lost & Found Portal – Authentication, CRUD, Search/vendor/laravel/framework/src/Illuminate/Http/Response.php(34): Illuminate/Http/Response->setContent()
#17 C:/Users/Monami Sadhu/Music/🏫 Campus Lost & Found Portal – Authentication, CRUD, Search/vendor/laravel/framework/src/Illuminate/Routing/Router.php(939): Illuminate/Http/Response->__construct()
#18 C:/Users/Monami Sadhu/Music/🏫 Campus Lost & Found Portal – Authentication, CRUD, Search/vendor/laravel/framework/src/Illuminate/Routing/Router.php(906): Illuminate/Routing/Router::toResponse()
#19 C:/Users/Monami Sadhu/Music/🏫 Campus Lost & Found Portal – Authentication, CRUD, Search/vendor/laravel/framework/src/Illuminate/Routing/Router.php(821): Illuminate/Routing/Router->prepareResponse()
#20 C:/Users/Monami Sadhu/Music/🏫 Campus Lost & Found Portal – Authentication, CRUD, Search/vendor/laravel/framework/src/Illuminate/Pipeline/Pipeline.php(180): Illuminate/Routing/Router->{closure:Illuminate/Routing/Router::runRouteWithinStack():821}()
#21 C:/Users/Monami Sadhu/Music/🏫 Campus Lost & Found Portal – Authentication, CRUD, Search/vendor/laravel/framework/src/Illuminate/Routing/Middleware/SubstituteBindings.php(50): Illuminate/Pipeline/Pipeline->{closure:Illuminate/Pipeline/Pipeline::prepareDestination():178}()
#22 C:/Users/Monami Sadhu/Music/🏫 Campus Lost & Found Portal – Authentication, CRUD, Search/vendor/laravel/framework/src/Illuminate/Pipeline/Pipeline.php(219): Illuminate/Routing/Middleware/SubstituteBindings->handle()
#23 C:/Users/Monami Sadhu/Music/🏫 Campus Lost & Found Portal – Authentication, CRUD, Search/vendor/laravel/framework/src/Illuminate/Foundation/Http/Middleware/VerifyCsrfToken.php(87): Illuminate/Pipeline/Pipeline->{closure:{closure:Illuminate/Pipeline/Pipeline::carry():194}:195}()
#24 C:/Users/Monami Sadhu/Music/🏫 Campus Lost & Found Portal – Authentication, CRUD, Search/vendor/laravel/framework/src/Illuminate/Pipeline/Pipeline.php(219): Illuminate/Foundation/Http/Middleware/VerifyCsrfToken->handle()
#25 C:/Users/Monami Sadhu/Music/🏫 Campus Lost & Found Portal – Authentication, CRUD, Search/vendor/laravel/framework/src/Illuminate/View/Middleware/ShareErrorsFromSession.php(48): Illuminate/Pipeline/Pipeline->{closure:{closure:Illuminate/Pipeline/Pipeline::carry():194}:195}()
#26 C:/Users/Monami Sadhu/Music/🏫 Campus Lost & Found Portal – Authentication, CRUD, Search/vendor/laravel/framework/src/Illuminate/Pipeline/Pipeline.php(219): Illuminate/View/Middleware/ShareErrorsFromSession->handle()
#27 C:/Users/Monami Sadhu/Music/🏫 Campus Lost & Found Portal – Authentication, CRUD, Search/vendor/laravel/framework/src/Illuminate/Session/Middleware/StartSession.php(120): Illuminate/Pipeline/Pipeline->{closure:{closure:Illuminate/Pipeline/Pipeline::carry():194}:195}()
#28 C:/Users/Monami Sadhu/Music/🏫 Campus Lost & Found Portal – Authentication, CRUD, Search/vendor/laravel/framework/src/Illuminate/Session/Middleware/StartSession.php(63): Illuminate/Session/Middleware/StartSession->handleStatefulRequest()
#29 C:/Users/Monami Sadhu/Music/🏫 Campus Lost & Found Portal – Authentication, CRUD, Search/vendor/laravel/framework/src/Illuminate/Pipeline/Pipeline.php(219): Illuminate/Session/Middleware/StartSession->handle()
#30 C:/Users/Monami Sadhu/Music/🏫 Campus Lost & Found Portal – Authentication, CRUD, Search/vendor/laravel/framework/src/Illuminate/Cookie/Middleware/AddQueuedCookiesToResponse.php(36): Illuminate/Pipeline/Pipeline->{closure:{closure:Illuminate/Pipeline/Pipeline::carry():194}:195}()
#31 C:/Users/Monami Sadhu/Music/🏫 Campus Lost & Found Portal – Authentication, CRUD, Search/vendor/laravel/framework/src/Illuminate/Pipeline/Pipeline.php(219): Illuminate/Cookie/Middleware/AddQueuedCookiesToResponse->handle()
#32 C:/Users/Monami Sadhu/Music/🏫 Campus Lost & Found Portal – Authentication, CRUD, Search/vendor/laravel/framework/src/Illuminate/Cookie/Middleware/EncryptCookies.php(74): Illuminate/Pipeline/Pipeline->{closure:{closure:Illuminate/Pipeline/Pipeline::carry():194}:195}()
#33 C:/Users/Monami Sadhu/Music/🏫 Campus Lost & Found Portal – Authentication, CRUD, Search/vendor/laravel/framework/src/Illuminate/Pipeline/Pipeline.php(219): Illuminate/Cookie/Middleware/EncryptCookies->handle()
#34 C:/Users/Monami Sadhu/Music/🏫 Campus Lost & Found Portal – Authentication, CRUD, Search/vendor/laravel/framework/src/Illuminate/Pipeline/Pipeline.php(137): Illuminate/Pipeline/Pipeline->{closure:{closure:Illuminate/Pipeline/Pipeline::carry():194}:195}()
#35 C:/Users/Monami Sadhu/Music/🏫 Campus Lost & Found Portal – Authentication, CRUD, Search/vendor/laravel/framework/src/Illuminate/Routing/Router.php(821): Illuminate/Pipeline/Pipeline->then()
#36 C:/Users/Monami Sadhu/Music/🏫 Campus Lost & Found Portal – Authentication, CRUD, Search/vendor/laravel/framework/src/Illuminate/Routing/Router.php(800): Illuminate/Routing/Router->runRouteWithinStack()
#37 C:/Users/Monami Sadhu/Music/🏫 Campus Lost & Found Portal – Authentication, CRUD, Search/vendor/laravel/framework/src/Illuminate/Routing/Router.php(764): Illuminate/Routing/Router->runRoute()
#38 C:/Users/Monami Sadhu/Music/🏫 Campus Lost & Found Portal – Authentication, CRUD, Search/vendor/laravel/framework/src/Illuminate/Routing/Router.php(753): Illuminate/Routing/Router->dispatchToRoute()
#39 C:/Users/Monami Sadhu/Music/🏫 Campus Lost & Found Portal – Authentication, CRUD, Search/vendor/laravel/framework/src/Illuminate/Foundation/Http/Kernel.php(200): Illuminate/Routing/Router->dispatch()
#40 C:/Users/Monami Sadhu/Music/🏫 Campus Lost & Found Portal – Authentication, CRUD, Search/vendor/laravel/framework/src/Illuminate/Pipeline/Pipeline.php(180): Illuminate/Foundation/Http/Kernel->{closure:Illuminate/Foundation/Http/Kernel::dispatchToRouter():197}()
#41 C:/Users/Monami Sadhu/Music/🏫 Campus Lost & Found Portal – Authentication, CRUD, Search/vendor/laravel/framework/src/Illuminate/Foundation/Http/Middleware/TransformsRequest.php(21): Illuminate/Pipeline/Pipeline->{closure:Illuminate/Pipeline/Pipeline::prepareDestination():178}()
#42 C:/Users/Monami Sadhu/Music/🏫 Campus Lost & Found Portal – Authentication, CRUD, Search/vendor/laravel/framework/src/Illuminate/Foundation/Http/Middleware/ConvertEmptyStringsToNull.php(31): Illuminate/Foundation/Http/Middleware/TransformsRequest->handle()
#43 C:/Users/Monami Sadhu/Music/🏫 Campus Lost & Found Portal – Authentication, CRUD, Search/vendor/laravel/framework/src/Illuminate/Pipeline/Pipeline.php(219): Illuminate/Foundation/Http/Middleware/ConvertEmptyStringsToNull->handle()
#44 C:/Users/Monami Sadhu/Music/🏫 Campus Lost & Found Portal – Authentication, CRUD, Search/vendor/laravel/framework/src/Illuminate/Foundation/Http/Middleware/TransformsRequest.php(21): Illuminate/Pipeline/Pipeline->{closure:{closure:Illuminate/Pipeline/Pipeline::carry():194}:195}()
#45 C:/Users/Monami Sadhu/Music/🏫 Campus Lost & Found Portal – Authentication, CRUD, Search/vendor/laravel/framework/src/Illuminate/Foundation/Http/Middleware/TrimStrings.php(51): Illuminate/Foundation/Http/Middleware/TransformsRequest->handle()
#46 C:/Users/Monami Sadhu/Music/🏫 Campus Lost & Found Portal – Authentication, CRUD, Search/vendor/laravel/framework/src/Illuminate/Pipeline/Pipeline.php(219): Illuminate/Foundation/Http/Middleware/TrimStrings->handle()
#47 C:/Users/Monami Sadhu/Music/🏫 Campus Lost & Found Portal – Authentication, CRUD, Search/vendor/laravel/framework/src/Illuminate/Http/Middleware/ValidatePostSize.php(27): Illuminate/Pipeline/Pipeline->{closure:{closure:Illuminate/Pipeline/Pipeline::carry():194}:195}()
#48 C:/Users/Monami Sadhu/Music/🏫 Campus Lost & Found Portal – Authentication, CRUD, Search/vendor/laravel/framework/src/Illuminate/Pipeline/Pipeline.php(219): Illuminate/Http/Middleware/ValidatePostSize->handle()
#49 C:/Users/Monami Sadhu/Music/🏫 Campus Lost & Found Portal – Authentication, CRUD, Search/vendor/laravel/framework/src/Illuminate/Foundation/Http/Middleware/PreventRequestsDuringMaintenance.php(109): Illuminate/Pipeline/Pipeline->{closure:{closure:Illuminate/Pipeline/Pipeline::carry():194}:195}()
#50 C:/Users/Monami Sadhu/Music/🏫 Campus Lost & Found Portal – Authentication, CRUD, Search/vendor/laravel/framework/src/Illuminate/Pipeline/Pipeline.php(219): Illuminate/Foundation/Http/Middleware/PreventRequestsDuringMaintenance->handle()
#51 C:/Users/Monami Sadhu/Music/🏫 Campus Lost & Found Portal – Authentication, CRUD, Search/vendor/laravel/framework/src/Illuminate/Http/Middleware/HandleCors.php(61): Illuminate/Pipeline/Pipeline->{closure:{closure:Illuminate/Pipeline/Pipeline::carry():194}:195}()
#52 C:/Users/Monami Sadhu/Music/🏫 Campus Lost & Found Portal – Authentication, CRUD, Search/vendor/laravel/framework/src/Illuminate/Pipeline/Pipeline.php(219): Illuminate/Http/Middleware/HandleCors->handle()
#53 C:/Users/Monami Sadhu/Music/🏫 Campus Lost & Found Portal – Authentication, CRUD, Search/vendor/laravel/framework/src/Illuminate/Http/Middleware/TrustProxies.php(58): Illuminate/Pipeline/Pipeline->{closure:{closure:Illuminate/Pipeline/Pipeline::carry():194}:195}()
#54 C:/Users/Monami Sadhu/Music/🏫 Campus Lost & Found Portal – Authentication, CRUD, Search/vendor/laravel/framework/src/Illuminate/Pipeline/Pipeline.php(219): Illuminate/Http/Middleware/TrustProxies->handle()
#55 C:/Users/Monami Sadhu/Music/🏫 Campus Lost & Found Portal – Authentication, CRUD, Search/vendor/laravel/framework/src/Illuminate/Foundation/Http/Middleware/InvokeDeferredCallbacks.php(22): Illuminate/Pipeline/Pipeline->{closure:{closure:Illuminate/Pipeline/Pipeline::carry():194}:195}()
#56 C:/Users/Monami Sadhu/Music/🏫 Campus Lost & Found Portal – Authentication, CRUD, Search/vendor/laravel/framework/src/Illuminate/Pipeline/Pipeline.php(219): Illuminate/Foundation/Http/Middleware/InvokeDeferredCallbacks->handle()
#57 C:/Users/Monami Sadhu/Music/🏫 Campus Lost & Found Portal – Authentication, CRUD, Search/vendor/laravel/framework/src/Illuminate/Http/Middleware/ValidatePathEncoding.php(26): Illuminate/Pipeline/Pipeline->{closure:{closure:Illuminate/Pipeline/Pipeline::carry():194}:195}()
#58 C:/Users/Monami Sadhu/Music/🏫 Campus Lost & Found Portal – Authentication, CRUD, Search/vendor/laravel/framework/src/Illuminate/Pipeline/Pipeline.php(219): Illuminate/Http/Middleware/ValidatePathEncoding->handle()
#59 C:/Users/Monami Sadhu/Music/🏫 Campus Lost & Found Portal – Authentication, CRUD, Search/vendor/laravel/framework/src/Illuminate/Pipeline/Pipeline.php(137): Illuminate/Pipeline/Pipeline->{closure:{closure:Illuminate/Pipeline/Pipeline::carry():194}:195}()
#60 C:/Users/Monami Sadhu/Music/🏫 Campus Lost & Found Portal – Authentication, CRUD, Search/vendor/laravel/framework/src/Illuminate/Foundation/Http/Kernel.php(175): Illuminate/Pipeline/Pipeline->then()
#61 C:/Users/Monami Sadhu/Music/🏫 Campus Lost & Found Portal – Authentication, CRUD, Search/vendor/laravel/framework/src/Illuminate/Foundation/Http/Kernel.php(144): Illuminate/Foundation/Http/Kernel->sendRequestThroughRouter()
#62 C:/Users/Monami Sadhu/Music/🏫 Campus Lost & Found Portal – Authentication, CRUD, Search/vendor/laravel/framework/src/Illuminate/Foundation/Testing/Concerns/MakesHttpRequests.php(607): Illuminate/Foundation/Http/Kernel->handle()
#63 C:/Users/Monami Sadhu/Music/🏫 Campus Lost & Found Portal – Authentication, CRUD, Search/vendor/laravel/framework/src/Illuminate/Foundation/Testing/Concerns/MakesHttpRequests.php(368): Illuminate/Foundation/Testing/TestCase->call()
#64 C:/Users/Monami Sadhu/Music/🏫 Campus Lost & Found Portal – Authentication, CRUD, Search/tests/Feature/HomePageTest.php(14): Illuminate/Foundation/Testing/TestCase->get()
#65 C:/Users/Monami Sadhu/Music/🏫 Campus Lost & Found Portal – Authentication, CRUD, Search/vendor/phpunit/phpunit/src/Framework/TestCase.php(1667): Tests/Feature/HomePageTest->test_home_page_is_accessible()
#66 C:/Users/Monami Sadhu/Music/🏫 Campus Lost & Found Portal – Authentication, CRUD, Search/vendor/phpunit/phpunit/src/Framework/TestCase.php(519): PHPUnit/Framework/TestCase->runTest()
#67 C:/Users/Monami Sadhu/Music/🏫 Campus Lost & Found Portal – Authentication, CRUD, Search/vendor/phpunit/phpunit/src/Framework/TestRunner/TestRunner.php(87): PHPUnit/Framework/TestCase->runBare()
#68 C:/Users/Monami Sadhu/Music/🏫 Campus Lost & Found Portal – Authentication, CRUD, Search/vendor/phpunit/phpunit/src/Framework/TestCase.php(365): PHPUnit/Framework/TestRunner->run()
#69 C:/Users/Monami Sadhu/Music/🏫 Campus Lost & Found Portal – Authentication, CRUD, Search/vendor/phpunit/phpunit/src/Framework/TestSuite.php(369): PHPUnit/Framework/TestCase->run()
#70 C:/Users/Monami Sadhu/Music/🏫 Campus Lost & Found Portal – Authentication, CRUD, Search/vendor/phpunit/phpunit/src/TextUI/TestRunner.php(64): PHPUnit/Framework/TestSuite->run()
#71 C:/Users/Monami Sadhu/Music/🏫 Campus Lost & Found Portal – Authentication, CRUD, Search/vendor/phpunit/phpunit/src/TextUI/Application.php(211): PHPUnit/TextUI/TestRunner->run()
#72 C:/Users/Monami Sadhu/Music/🏫 Campus Lost & Found Portal – Authentication, CRUD, Search/vendor/phpunit/phpunit/phpunit(104): PHPUnit/TextUI/Application->run()
#73 {main}
"} 
[2026-08-08 04:39:01] local.ERROR: Class "Request" not found (View: C:\Users\Monami Sadhu\Music\🏫 Campus Lost & Found Portal – Authentication, CRUD, Search\resources\views\layouts\app.blade.php) (View: C:\Users\Monami Sadhu\Music\🏫 Campus Lost & Found Portal – Authentication, CRUD, Search\resources\views\layouts\app.blade.php) {"exception":"[object] (Illuminate\\View\\ViewException(code: 0): Class \"Request\" not found (View: C:\\Users\\Monami Sadhu\\Music\\🏫 Campus Lost & Found Portal – Authentication, CRUD, Search\\resources\\views\\layouts\\app.blade.php) (View: C:\\Users\\Monami Sadhu\\Music\\🏫 Campus Lost & Found Portal – Authentication, CRUD, Search\\resources\\views\\layouts\\app.blade.php) at C:/Users/Monami Sadhu/Music/🏫 Campus Lost & Found Portal – Authentication, CRUD, Search/storage/framework/views/7663ecabfccde130339e2852f5a718ea.php:97)
[stacktrace]
#0 C:/Users/Monami Sadhu/Music/🏫 Campus Lost & Found Portal – Authentication, CRUD, Search/vendor/laravel/framework/src/Illuminate/View/Engines/PhpEngine.php(59): Illuminate/View/Engines/CompilerEngine->handleViewException()
#1 C:/Users/Monami Sadhu/Music/🏫 Campus Lost & Found Portal – Authentication, CRUD, Search/vendor/laravel/framework/src/Illuminate/View/Engines/CompilerEngine.php(76): Illuminate/View/Engines/PhpEngine->evaluatePath()
#2 C:/Users/Monami Sadhu/Music/🏫 Campus Lost & Found Portal – Authentication, CRUD, Search/vendor/laravel/framework/src/Illuminate/View/View.php(208): Illuminate/View/Engines/CompilerEngine->get()
#3 C:/Users/Monami Sadhu/Music/🏫 Campus Lost & Found Portal – Authentication, CRUD, Search/vendor/laravel/framework/src/Illuminate/View/View.php(191): Illuminate/View/View->getContents()
#4 C:/Users/Monami Sadhu/Music/🏫 Campus Lost & Found Portal – Authentication, CRUD, Search/vendor/laravel/framework/src/Illuminate/View/View.php(160): Illuminate/View/View->renderContents()
#5 C:/Users/Monami Sadhu/Music/🏫 Campus Lost & Found Portal – Authentication, CRUD, Search/vendor/laravel/framework/src/Illuminate/Http/Response.php(78): Illuminate/View/View->render()
#6 C:/Users/Monami Sadhu/Music/🏫 Campus Lost & Found Portal – Authentication, CRUD, Search/vendor/laravel/framework/src/Illuminate/Http/Response.php(34): Illuminate/Http/Response->setContent()
#7 C:/Users/Monami Sadhu/Music/🏫 Campus Lost & Found Portal – Authentication, CRUD, Search/vendor/laravel/framework/src/Illuminate/Routing/Router.php(939): Illuminate/Http/Response->__construct()
#8 C:/Users/Monami Sadhu/Music/🏫 Campus Lost & Found Portal – Authentication, CRUD, Search/vendor/laravel/framework/src/Illuminate/Routing/Router.php(906): Illuminate/Routing/Router::toResponse()
#9 C:/Users/Monami Sadhu/Music/🏫 Campus Lost & Found Portal – Authentication, CRUD, Search/vendor/laravel/framework/src/Illuminate/Routing/Router.php(821): Illuminate/Routing/Router->prepareResponse()
#10 C:/Users/Monami Sadhu/Music/🏫 Campus Lost & Found Portal – Authentication, CRUD, Search/vendor/laravel/framework/src/Illuminate/Pipeline/Pipeline.php(180): Illuminate/Routing/Router->{closure:Illuminate/Routing/Router::runRouteWithinStack():821}()
#11 C:/Users/Monami Sadhu/Music/🏫 Campus Lost & Found Portal – Authentication, CRUD, Search/vendor/laravel/framework/src/Illuminate/Routing/Middleware/SubstituteBindings.php(50): Illuminate/Pipeline/Pipeline->{closure:Illuminate/Pipeline/Pipeline::prepareDestination():178}()
#12 C:/Users/Monami Sadhu/Music/🏫 Campus Lost & Found Portal – Authentication, CRUD, Search/vendor/laravel/framework/src/Illuminate/Pipeline/Pipeline.php(219): Illuminate/Routing/Middleware/SubstituteBindings->handle()
#13 C:/Users/Monami Sadhu/Music/🏫 Campus Lost & Found Portal – Authentication, CRUD, Search/vendor/laravel/framework/src/Illuminate/Foundation/Http/Middleware/VerifyCsrfToken.php(87): Illuminate/Pipeline/Pipeline->{closure:{closure:Illuminate/Pipeline/Pipeline::carry():194}:195}()
#14 C:/Users/Monami Sadhu/Music/🏫 Campus Lost & Found Portal – Authentication, CRUD, Search/vendor/laravel/framework/src/Illuminate/Pipeline/Pipeline.php(219): Illuminate/Foundation/Http/Middleware/VerifyCsrfToken->handle()
#15 C:/Users/Monami Sadhu/Music/🏫 Campus Lost & Found Portal – Authentication, CRUD, Search/vendor/laravel/framework/src/Illuminate/View/Middleware/ShareErrorsFromSession.php(48): Illuminate/Pipeline/Pipeline->{closure:{closure:Illuminate/Pipeline/Pipeline::carry():194}:195}()
#16 C:/Users/Monami Sadhu/Music/🏫 Campus Lost & Found Portal – Authentication, CRUD, Search/vendor/laravel/framework/src/Illuminate/Pipeline/Pipeline.php(219): Illuminate/View/Middleware/ShareErrorsFromSession->handle()
#17 C:/Users/Monami Sadhu/Music/🏫 Campus Lost & Found Portal – Authentication, CRUD, Search/vendor/laravel/framework/src/Illuminate/Session/Middleware/StartSession.php(120): Illuminate/Pipeline/Pipeline->{closure:{closure:Illuminate/Pipeline/Pipeline::carry():194}:195}()
#18 C:/Users/Monami Sadhu/Music/🏫 Campus Lost & Found Portal – Authentication, CRUD, Search/vendor/laravel/framework/src/Illuminate/Session/Middleware/StartSession.php(63): Illuminate/Session/Middleware/StartSession->handleStatefulRequest()
#19 C:/Users/Monami Sadhu/Music/🏫 Campus Lost & Found Portal – Authentication, CRUD, Search/vendor/laravel/framework/src/Illuminate/Pipeline/Pipeline.php(219): Illuminate/Session/Middleware/StartSession->handle()
#20 C:/Users/Monami Sadhu/Music/🏫 Campus Lost & Found Portal – Authentication, CRUD, Search/vendor/laravel/framework/src/Illuminate/Cookie/Middleware/AddQueuedCookiesToResponse.php(36): Illuminate/Pipeline/Pipeline->{closure:{closure:Illuminate/Pipeline/Pipeline::carry():194}:195}()
#21 C:/Users/Monami Sadhu/Music/🏫 Campus Lost & Found Portal – Authentication, CRUD, Search/vendor/laravel/framework/src/Illuminate/Pipeline/Pipeline.php(219): Illuminate/Cookie/Middleware/AddQueuedCookiesToResponse->handle()
#22 C:/Users/Monami Sadhu/Music/🏫 Campus Lost & Found Portal – Authentication, CRUD, Search/vendor/laravel/framework/src/Illuminate/Cookie/Middleware/EncryptCookies.php(74): Illuminate/Pipeline/Pipeline->{closure:{closure:Illuminate/Pipeline/Pipeline::carry():194}:195}()
#23 C:/Users/Monami Sadhu/Music/🏫 Campus Lost & Found Portal – Authentication, CRUD, Search/vendor/laravel/framework/src/Illuminate/Pipeline/Pipeline.php(219): Illuminate/Cookie/Middleware/EncryptCookies->handle()
#24 C:/Users/Monami Sadhu/Music/🏫 Campus Lost & Found Portal – Authentication, CRUD, Search/vendor/laravel/framework/src/Illuminate/Pipeline/Pipeline.php(137): Illuminate/Pipeline/Pipeline->{closure:{closure:Illuminate/Pipeline/Pipeline::carry():194}:195}()
#25 C:/Users/Monami Sadhu/Music/🏫 Campus Lost & Found Portal – Authentication, CRUD, Search/vendor/laravel/framework/src/Illuminate/Routing/Router.php(821): Illuminate/Pipeline/Pipeline->then()
#26 C:/Users/Monami Sadhu/Music/🏫 Campus Lost & Found Portal – Authentication, CRUD, Search/vendor/laravel/framework/src/Illuminate/Routing/Router.php(800): Illuminate/Routing/Router->runRouteWithinStack()
#27 C:/Users/Monami Sadhu/Music/🏫 Campus Lost & Found Portal – Authentication, CRUD, Search/vendor/laravel/framework/src/Illuminate/Routing/Router.php(764): Illuminate/Routing/Router->runRoute()
#28 C:/Users/Monami Sadhu/Music/🏫 Campus Lost & Found Portal – Authentication, CRUD, Search/vendor/laravel/framework/src/Illuminate/Routing/Router.php(753): Illuminate/Routing/Router->dispatchToRoute()
#29 C:/Users/Monami Sadhu/Music/🏫 Campus Lost & Found Portal – Authentication, CRUD, Search/vendor/laravel/framework/src/Illuminate/Foundation/Http/Kernel.php(200): Illuminate/Routing/Router->dispatch()
#30 C:/Users/Monami Sadhu/Music/🏫 Campus Lost & Found Portal – Authentication, CRUD, Search/vendor/laravel/framework/src/Illuminate/Pipeline/Pipeline.php(180): Illuminate/Foundation/Http/Kernel->{closure:Illuminate/Foundation/Http/Kernel::dispatchToRouter():197}()
#31 C:/Users/Monami Sadhu/Music/🏫 Campus Lost & Found Portal – Authentication, CRUD, Search/vendor/laravel/framework/src/Illuminate/Foundation/Http/Middleware/TransformsRequest.php(21): Illuminate/Pipeline/Pipeline->{closure:Illuminate/Pipeline/Pipeline::prepareDestination():178}()
#32 C:/Users/Monami Sadhu/Music/🏫 Campus Lost & Found Portal – Authentication, CRUD, Search/vendor/laravel/framework/src/Illuminate/Foundation/Http/Middleware/ConvertEmptyStringsToNull.php(31): Illuminate/Foundation/Http/Middleware/TransformsRequest->handle()
#33 C:/Users/Monami Sadhu/Music/🏫 Campus Lost & Found Portal – Authentication, CRUD, Search/vendor/laravel/framework/src/Illuminate/Pipeline/Pipeline.php(219): Illuminate/Foundation/Http/Middleware/ConvertEmptyStringsToNull->handle()
#34 C:/Users/Monami Sadhu/Music/🏫 Campus Lost & Found Portal – Authentication, CRUD, Search/vendor/laravel/framework/src/Illuminate/Foundation/Http/Middleware/TransformsRequest.php(21): Illuminate/Pipeline/Pipeline->{closure:{closure:Illuminate/Pipeline/Pipeline::carry():194}:195}()
#35 C:/Users/Monami Sadhu/Music/🏫 Campus Lost & Found Portal – Authentication, CRUD, Search/vendor/laravel/framework/src/Illuminate/Foundation/Http/Middleware/TrimStrings.php(51): Illuminate/Foundation/Http/Middleware/TransformsRequest->handle()
#36 C:/Users/Monami Sadhu/Music/🏫 Campus Lost & Found Portal – Authentication, CRUD, Search/vendor/laravel/framework/src/Illuminate/Pipeline/Pipeline.php(219): Illuminate/Foundation/Http/Middleware/TrimStrings->handle()
#37 C:/Users/Monami Sadhu/Music/🏫 Campus Lost & Found Portal – Authentication, CRUD, Search/vendor/laravel/framework/src/Illuminate/Http/Middleware/ValidatePostSize.php(27): Illuminate/Pipeline/Pipeline->{closure:{closure:Illuminate/Pipeline/Pipeline::carry():194}:195}()
#38 C:/Users/Monami Sadhu/Music/🏫 Campus Lost & Found Portal – Authentication, CRUD, Search/vendor/laravel/framework/src/Illuminate/Pipeline/Pipeline.php(219): Illuminate/Http/Middleware/ValidatePostSize->handle()
#39 C:/Users/Monami Sadhu/Music/🏫 Campus Lost & Found Portal – Authentication, CRUD, Search/vendor/laravel/framework/src/Illuminate/Foundation/Http/Middleware/PreventRequestsDuringMaintenance.php(109): Illuminate/Pipeline/Pipeline->{closure:{closure:Illuminate/Pipeline/Pipeline::carry():194}:195}()
#40 C:/Users/Monami Sadhu/Music/🏫 Campus Lost & Found Portal – Authentication, CRUD, Search/vendor/laravel/framework/src/Illuminate/Pipeline/Pipeline.php(219): Illuminate/Foundation/Http/Middleware/PreventRequestsDuringMaintenance->handle()
#41 C:/Users/Monami Sadhu/Music/🏫 Campus Lost & Found Portal – Authentication, CRUD, Search/vendor/laravel/framework/src/Illuminate/Http/Middleware/HandleCors.php(61): Illuminate/Pipeline/Pipeline->{closure:{closure:Illuminate/Pipeline/Pipeline::carry():194}:195}()
#42 C:/Users/Monami Sadhu/Music/🏫 Campus Lost & Found Portal – Authentication, CRUD, Search/vendor/laravel/framework/src/Illuminate/Pipeline/Pipeline.php(219): Illuminate/Http/Middleware/HandleCors->handle()
#43 C:/Users/Monami Sadhu/Music/🏫 Campus Lost & Found Portal – Authentication, CRUD, Search/vendor/laravel/framework/src/Illuminate/Http/Middleware/TrustProxies.php(58): Illuminate/Pipeline/Pipeline->{closure:{closure:Illuminate/Pipeline/Pipeline::carry():194}:195}()
#44 C:/Users/Monami Sadhu/Music/🏫 Campus Lost & Found Portal – Authentication, CRUD, Search/vendor/laravel/framework/src/Illuminate/Pipeline/Pipeline.php(219): Illuminate/Http/Middleware/TrustProxies->handle()
#45 C:/Users/Monami Sadhu/Music/🏫 Campus Lost & Found Portal – Authentication, CRUD, Search/vendor/laravel/framework/src/Illuminate/Foundation/Http/Middleware/InvokeDeferredCallbacks.php(22): Illuminate/Pipeline/Pipeline->{closure:{closure:Illuminate/Pipeline/Pipeline::carry():194}:195}()
#46 C:/Users/Monami Sadhu/Music/🏫 Campus Lost & Found Portal – Authentication, CRUD, Search/vendor/laravel/framework/src/Illuminate/Pipeline/Pipeline.php(219): Illuminate/Foundation/Http/Middleware/InvokeDeferredCallbacks->handle()
#47 C:/Users/Monami Sadhu/Music/🏫 Campus Lost & Found Portal – Authentication, CRUD, Search/vendor/laravel/framework/src/Illuminate/Http/Middleware/ValidatePathEncoding.php(26): Illuminate/Pipeline/Pipeline->{closure:{closure:Illuminate/Pipeline/Pipeline::carry():194}:195}()
#48 C:/Users/Monami Sadhu/Music/🏫 Campus Lost & Found Portal – Authentication, CRUD, Search/vendor/laravel/framework/src/Illuminate/Pipeline/Pipeline.php(219): Illuminate/Http/Middleware/ValidatePathEncoding->handle()
#49 C:/Users/Monami Sadhu/Music/🏫 Campus Lost & Found Portal – Authentication, CRUD, Search/vendor/laravel/framework/src/Illuminate/Pipeline/Pipeline.php(137): Illuminate/Pipeline/Pipeline->{closure:{closure:Illuminate/Pipeline/Pipeline::carry():194}:195}()
#50 C:/Users/Monami Sadhu/Music/🏫 Campus Lost & Found Portal – Authentication, CRUD, Search/vendor/laravel/framework/src/Illuminate/Foundation/Http/Kernel.php(175): Illuminate/Pipeline/Pipeline->then()
#51 C:/Users/Monami Sadhu/Music/🏫 Campus Lost & Found Portal – Authentication, CRUD, Search/vendor/laravel/framework/src/Illuminate/Foundation/Http/Kernel.php(144): Illuminate/Foundation/Http/Kernel->sendRequestThroughRouter()
#52 C:/Users/Monami Sadhu/Music/🏫 Campus Lost & Found Portal – Authentication, CRUD, Search/vendor/laravel/framework/src/Illuminate/Foundation/Testing/Concerns/MakesHttpRequests.php(607): Illuminate/Foundation/Http/Kernel->handle()
#53 C:/Users/Monami Sadhu/Music/🏫 Campus Lost & Found Portal – Authentication, CRUD, Search/vendor/laravel/framework/src/Illuminate/Foundation/Testing/Concerns/MakesHttpRequests.php(368): Illuminate/Foundation/Testing/TestCase->call()
#54 C:/Users/Monami Sadhu/Music/🏫 Campus Lost & Found Portal – Authentication, CRUD, Search/tests/Feature/HomePageTest.php(14): Illuminate/Foundation/Testing/TestCase->get()
#55 C:/Users/Monami Sadhu/Music/🏫 Campus Lost & Found Portal – Authentication, CRUD, Search/vendor/phpunit/phpunit/src/Framework/TestCase.php(1667): Tests/Feature/HomePageTest->test_home_page_is_accessible()
#56 C:/Users/Monami Sadhu/Music/🏫 Campus Lost & Found Portal – Authentication, CRUD, Search/vendor/phpunit/phpunit/src/Framework/TestCase.php(519): PHPUnit/Framework/TestCase->runTest()
#57 C:/Users/Monami Sadhu/Music/🏫 Campus Lost & Found Portal – Authentication, CRUD, Search/vendor/phpunit/phpunit/src/Framework/TestRunner/TestRunner.php(87): PHPUnit/Framework/TestCase->runBare()
#58 C:/Users/Monami Sadhu/Music/🏫 Campus Lost & Found Portal – Authentication, CRUD, Search/vendor/phpunit/phpunit/src/Framework/TestCase.php(365): PHPUnit/Framework/TestRunner->run()
#59 C:/Users/Monami Sadhu/Music/🏫 Campus Lost & Found Portal – Authentication, CRUD, Search/vendor/phpunit/phpunit/src/Framework/TestSuite.php(369): PHPUnit/Framework/TestCase->run()
#60 C:/Users/Monami Sadhu/Music/🏫 Campus Lost & Found Portal – Authentication, CRUD, Search/vendor/phpunit/phpunit/src/TextUI/TestRunner.php(64): PHPUnit/Framework/TestSuite->run()
#61 C:/Users/Monami Sadhu/Music/🏫 Campus Lost & Found Portal – Authentication, CRUD, Search/vendor/phpunit/phpunit/src/TextUI/Application.php(211): PHPUnit/TextUI/TestRunner->run()
#62 C:/Users/Monami Sadhu/Music/🏫 Campus Lost & Found Portal – Authentication, CRUD, Search/vendor/phpunit/phpunit/phpunit(104): PHPUnit/TextUI/Application->run()
#63 {main}

[previous exception] [object] (Illuminate\\View\\ViewException(code: 0): Class \"Request\" not found (View: C:\\Users\\Monami Sadhu\\Music\\🏫 Campus Lost & Found Portal – Authentication, CRUD, Search\\resources\\views\\layouts\\app.blade.php) at C:/Users/Monami Sadhu/Music/🏫 Campus Lost & Found Portal – Authentication, CRUD, Search/storage/framework/views/7663ecabfccde130339e2852f5a718ea.php:97)
[stacktrace]
#0 C:/Users/Monami Sadhu/Music/🏫 Campus Lost & Found Portal – Authentication, CRUD, Search/vendor/laravel/framework/src/Illuminate/View/Engines/PhpEngine.php(59): Illuminate/View/Engines/CompilerEngine->handleViewException()
#1 C:/Users/Monami Sadhu/Music/🏫 Campus Lost & Found Portal – Authentication, CRUD, Search/vendor/laravel/framework/src/Illuminate/View/Engines/CompilerEngine.php(76): Illuminate/View/Engines/PhpEngine->evaluatePath()
#2 C:/Users/Monami Sadhu/Music/🏫 Campus Lost & Found Portal – Authentication, CRUD, Search/vendor/laravel/framework/src/Illuminate/View/View.php(208): Illuminate/View/Engines/CompilerEngine->get()
#3 C:/Users/Monami Sadhu/Music/🏫 Campus Lost & Found Portal – Authentication, CRUD, Search/vendor/laravel/framework/src/Illuminate/View/View.php(191): Illuminate/View/View->getContents()
#4 C:/Users/Monami Sadhu/Music/🏫 Campus Lost & Found Portal – Authentication, CRUD, Search/vendor/laravel/framework/src/Illuminate/View/View.php(160): Illuminate/View/View->renderContents()
#5 C:/Users/Monami Sadhu/Music/🏫 Campus Lost & Found Portal – Authentication, CRUD, Search/storage/framework/views/59a65b3265790f3e2a8a69f11286cb1d.php(202): Illuminate/View/View->render()
#6 C:/Users/Monami Sadhu/Music/🏫 Campus Lost & Found Portal – Authentication, CRUD, Search/vendor/laravel/framework/src/Illuminate/Filesystem/Filesystem.php(123): require('...')
#7 C:/Users/Monami Sadhu/Music/🏫 Campus Lost & Found Portal – Authentication, CRUD, Search/vendor/laravel/framework/src/Illuminate/Filesystem/Filesystem.php(124): Illuminate/Filesystem/Filesystem::{closure:Illuminate/Filesystem/Filesystem::getRequire():120}()
#8 C:/Users/Monami Sadhu/Music/🏫 Campus Lost & Found Portal – Authentication, CRUD, Search/vendor/laravel/framework/src/Illuminate/View/Engines/PhpEngine.php(57): Illuminate/Filesystem/Filesystem->getRequire()
#9 C:/Users/Monami Sadhu/Music/🏫 Campus Lost & Found Portal – Authentication, CRUD, Search/vendor/laravel/framework/src/Illuminate/View/Engines/CompilerEngine.php(76): Illuminate/View/Engines/PhpEngine->evaluatePath()
#10 C:/Users/Monami Sadhu/Music/🏫 Campus Lost & Found Portal – Authentication, CRUD, Search/vendor/laravel/framework/src/Illuminate/View/View.php(208): Illuminate/View/Engines/CompilerEngine->get()
#11 C:/Users/Monami Sadhu/Music/🏫 Campus Lost & Found Portal – Authentication, CRUD, Search/vendor/laravel/framework/src/Illuminate/View/View.php(191): Illuminate/View/View->getContents()
#12 C:/Users/Monami Sadhu/Music/🏫 Campus Lost & Found Portal – Authentication, CRUD, Search/vendor/laravel/framework/src/Illuminate/View/View.php(160): Illuminate/View/View->renderContents()
#13 C:/Users/Monami Sadhu/Music/🏫 Campus Lost & Found Portal – Authentication, CRUD, Search/vendor/laravel/framework/src/Illuminate/Http/Response.php(78): Illuminate/View/View->render()
#14 C:/Users/Monami Sadhu/Music/🏫 Campus Lost & Found Portal – Authentication, CRUD, Search/vendor/laravel/framework/src/Illuminate/Http/Response.php(34): Illuminate/Http/Response->setContent()
#15 C:/Users/Monami Sadhu/Music/🏫 Campus Lost & Found Portal – Authentication, CRUD, Search/vendor/laravel/framework/src/Illuminate/Routing/Router.php(939): Illuminate/Http/Response->__construct()
#16 C:/Users/Monami Sadhu/Music/🏫 Campus Lost & Found Portal – Authentication, CRUD, Search/vendor/laravel/framework/src/Illuminate/Routing/Router.php(906): Illuminate/Routing/Router::toResponse()
#17 C:/Users/Monami Sadhu/Music/🏫 Campus Lost & Found Portal – Authentication, CRUD, Search/vendor/laravel/framework/src/Illuminate/Routing/Router.php(821): Illuminate/Routing/Router->prepareResponse()
#18 C:/Users/Monami Sadhu/Music/🏫 Campus Lost & Found Portal – Authentication, CRUD, Search/vendor/laravel/framework/src/Illuminate/Pipeline/Pipeline.php(180): Illuminate/Routing/Router->{closure:Illuminate/Routing/Router::runRouteWithinStack():821}()
#19 C:/Users/Monami Sadhu/Music/🏫 Campus Lost & Found Portal – Authentication, CRUD, Search/vendor/laravel/framework/src/Illuminate/Routing/Middleware/SubstituteBindings.php(50): Illuminate/Pipeline/Pipeline->{closure:Illuminate/Pipeline/Pipeline::prepareDestination():178}()
#20 C:/Users/Monami Sadhu/Music/🏫 Campus Lost & Found Portal – Authentication, CRUD, Search/vendor/laravel/framework/src/Illuminate/Pipeline/Pipeline.php(219): Illuminate/Routing/Middleware/SubstituteBindings->handle()
#21 C:/Users/Monami Sadhu/Music/🏫 Campus Lost & Found Portal – Authentication, CRUD, Search/vendor/laravel/framework/src/Illuminate/Foundation/Http/Middleware/VerifyCsrfToken.php(87): Illuminate/Pipeline/Pipeline->{closure:{closure:Illuminate/Pipeline/Pipeline::carry():194}:195}()
#22 C:/Users/Monami Sadhu/Music/🏫 Campus Lost & Found Portal – Authentication, CRUD, Search/vendor/laravel/framework/src/Illuminate/Pipeline/Pipeline.php(219): Illuminate/Foundation/Http/Middleware/VerifyCsrfToken->handle()
#23 C:/Users/Monami Sadhu/Music/🏫 Campus Lost & Found Portal – Authentication, CRUD, Search/vendor/laravel/framework/src/Illuminate/View/Middleware/ShareErrorsFromSession.php(48): Illuminate/Pipeline/Pipeline->{closure:{closure:Illuminate/Pipeline/Pipeline::carry():194}:195}()
#24 C:/Users/Monami Sadhu/Music/🏫 Campus Lost & Found Portal – Authentication, CRUD, Search/vendor/laravel/framework/src/Illuminate/Pipeline/Pipeline.php(219): Illuminate/View/Middleware/ShareErrorsFromSession->handle()
#25 C:/Users/Monami Sadhu/Music/🏫 Campus Lost & Found Portal – Authentication, CRUD, Search/vendor/laravel/framework/src/Illuminate/Session/Middleware/StartSession.php(120): Illuminate/Pipeline/Pipeline->{closure:{closure:Illuminate/Pipeline/Pipeline::carry():194}:195}()
#26 C:/Users/Monami Sadhu/Music/🏫 Campus Lost & Found Portal – Authentication, CRUD, Search/vendor/laravel/framework/src/Illuminate/Session/Middleware/StartSession.php(63): Illuminate/Session/Middleware/StartSession->handleStatefulRequest()
#27 C:/Users/Monami Sadhu/Music/🏫 Campus Lost & Found Portal – Authentication, CRUD, Search/vendor/laravel/framework/src/Illuminate/Pipeline/Pipeline.php(219): Illuminate/Session/Middleware/StartSession->handle()
#28 C:/Users/Monami Sadhu/Music/🏫 Campus Lost & Found Portal – Authentication, CRUD, Search/vendor/laravel/framework/src/Illuminate/Cookie/Middleware/AddQueuedCookiesToResponse.php(36): Illuminate/Pipeline/Pipeline->{closure:{closure:Illuminate/Pipeline/Pipeline::carry():194}:195}()
#29 C:/Users/Monami Sadhu/Music/🏫 Campus Lost & Found Portal – Authentication, CRUD, Search/vendor/laravel/framework/src/Illuminate/Pipeline/Pipeline.php(219): Illuminate/Cookie/Middleware/AddQueuedCookiesToResponse->handle()
#30 C:/Users/Monami Sadhu/Music/🏫 Campus Lost & Found Portal – Authentication, CRUD, Search/vendor/laravel/framework/src/Illuminate/Cookie/Middleware/EncryptCookies.php(74): Illuminate/Pipeline/Pipeline->{closure:{closure:Illuminate/Pipeline/Pipeline::carry():194}:195}()
#31 C:/Users/Monami Sadhu/Music/🏫 Campus Lost & Found Portal – Authentication, CRUD, Search/vendor/laravel/framework/src/Illuminate/Pipeline/Pipeline.php(219): Illuminate/Cookie/Middleware/EncryptCookies->handle()
#32 C:/Users/Monami Sadhu/Music/🏫 Campus Lost & Found Portal – Authentication, CRUD, Search/vendor/laravel/framework/src/Illuminate/Pipeline/Pipeline.php(137): Illuminate/Pipeline/Pipeline->{closure:{closure:Illuminate/Pipeline/Pipeline::carry():194}:195}()
#33 C:/Users/Monami Sadhu/Music/🏫 Campus Lost & Found Portal – Authentication, CRUD, Search/vendor/laravel/framework/src/Illuminate/Routing/Router.php(821): Illuminate/Pipeline/Pipeline->then()
#34 C:/Users/Monami Sadhu/Music/🏫 Campus Lost & Found Portal – Authentication, CRUD, Search/vendor/laravel/framework/src/Illuminate/Routing/Router.php(800): Illuminate/Routing/Router->runRouteWithinStack()
#35 C:/Users/Monami Sadhu/Music/🏫 Campus Lost & Found Portal – Authentication, CRUD, Search/vendor/laravel/framework/src/Illuminate/Routing/Router.php(764): Illuminate/Routing/Router->runRoute()
#36 C:/Users/Monami Sadhu/Music/🏫 Campus Lost & Found Portal – Authentication, CRUD, Search/vendor/laravel/framework/src/Illuminate/Routing/Router.php(753): Illuminate/Routing/Router->dispatchToRoute()
#37 C:/Users/Monami Sadhu/Music/🏫 Campus Lost & Found Portal – Authentication, CRUD, Search/vendor/laravel/framework/src/Illuminate/Foundation/Http/Kernel.php(200): Illuminate/Routing/Router->dispatch()
#38 C:/Users/Monami Sadhu/Music/🏫 Campus Lost & Found Portal – Authentication, CRUD, Search/vendor/laravel/framework/src/Illuminate/Pipeline/Pipeline.php(180): Illuminate/Foundation/Http/Kernel->{closure:Illuminate/Foundation/Http/Kernel::dispatchToRouter():197}()
#39 C:/Users/Monami Sadhu/Music/🏫 Campus Lost & Found Portal – Authentication, CRUD, Search/vendor/laravel/framework/src/Illuminate/Foundation/Http/Middleware/TransformsRequest.php(21): Illuminate/Pipeline/Pipeline->{closure:Illuminate/Pipeline/Pipeline::prepareDestination():178}()
#40 C:/Users/Monami Sadhu/Music/🏫 Campus Lost & Found Portal – Authentication, CRUD, Search/vendor/laravel/framework/src/Illuminate/Foundation/Http/Middleware/ConvertEmptyStringsToNull.php(31): Illuminate/Foundation/Http/Middleware/TransformsRequest->handle()
#41 C:/Users/Monami Sadhu/Music/🏫 Campus Lost & Found Portal – Authentication, CRUD, Search/vendor/laravel/framework/src/Illuminate/Pipeline/Pipeline.php(219): Illuminate/Foundation/Http/Middleware/ConvertEmptyStringsToNull->handle()
#42 C:/Users/Monami Sadhu/Music/🏫 Campus Lost & Found Portal – Authentication, CRUD, Search/vendor/laravel/framework/src/Illuminate/Foundation/Http/Middleware/TransformsRequest.php(21): Illuminate/Pipeline/Pipeline->{closure:{closure:Illuminate/Pipeline/Pipeline::carry():194}:195}()
#43 C:/Users/Monami Sadhu/Music/🏫 Campus Lost & Found Portal – Authentication, CRUD, Search/vendor/laravel/framework/src/Illuminate/Foundation/Http/Middleware/TrimStrings.php(51): Illuminate/Foundation/Http/Middleware/TransformsRequest->handle()
#44 C:/Users/Monami Sadhu/Music/🏫 Campus Lost & Found Portal – Authentication, CRUD, Search/vendor/laravel/framework/src/Illuminate/Pipeline/Pipeline.php(219): Illuminate/Foundation/Http/Middleware/TrimStrings->handle()
#45 C:/Users/Monami Sadhu/Music/🏫 Campus Lost & Found Portal – Authentication, CRUD, Search/vendor/laravel/framework/src/Illuminate/Http/Middleware/ValidatePostSize.php(27): Illuminate/Pipeline/Pipeline->{closure:{closure:Illuminate/Pipeline/Pipeline::carry():194}:195}()
#46 C:/Users/Monami Sadhu/Music/🏫 Campus Lost & Found Portal – Authentication, CRUD, Search/vendor/laravel/framework/src/Illuminate/Pipeline/Pipeline.php(219): Illuminate/Http/Middleware/ValidatePostSize->handle()
#47 C:/Users/Monami Sadhu/Music/🏫 Campus Lost & Found Portal – Authentication, CRUD, Search/vendor/laravel/framework/src/Illuminate/Foundation/Http/Middleware/PreventRequestsDuringMaintenance.php(109): Illuminate/Pipeline/Pipeline->{closure:{closure:Illuminate/Pipeline/Pipeline::carry():194}:195}()
#48 C:/Users/Monami Sadhu/Music/🏫 Campus Lost & Found Portal – Authentication, CRUD, Search/vendor/laravel/framework/src/Illuminate/Pipeline/Pipeline.php(219): Illuminate/Foundation/Http/Middleware/PreventRequestsDuringMaintenance->handle()
#49 C:/Users/Monami Sadhu/Music/🏫 Campus Lost & Found Portal – Authentication, CRUD, Search/vendor/laravel/framework/src/Illuminate/Http/Middleware/HandleCors.php(61): Illuminate/Pipeline/Pipeline->{closure:{closure:Illuminate/Pipeline/Pipeline::carry():194}:195}()
#50 C:/Users/Monami Sadhu/Music/🏫 Campus Lost & Found Portal – Authentication, CRUD, Search/vendor/laravel/framework/src/Illuminate/Pipeline/Pipeline.php(219): Illuminate/Http/Middleware/HandleCors->handle()
#51 C:/Users/Monami Sadhu/Music/🏫 Campus Lost & Found Portal – Authentication, CRUD, Search/vendor/laravel/framework/src/Illuminate/Http/Middleware/TrustProxies.php(58): Illuminate/Pipeline/Pipeline->{closure:{closure:Illuminate/Pipeline/Pipeline::carry():194}:195}()
#52 C:/Users/Monami Sadhu/Music/🏫 Campus Lost & Found Portal – Authentication, CRUD, Search/vendor/laravel/framework/src/Illuminate/Pipeline/Pipeline.php(219): Illuminate/Http/Middleware/TrustProxies->handle()
#53 C:/Users/Monami Sadhu/Music/🏫 Campus Lost & Found Portal – Authentication, CRUD, Search/vendor/laravel/framework/src/Illuminate/Foundation/Http/Middleware/InvokeDeferredCallbacks.php(22): Illuminate/Pipeline/Pipeline->{closure:{closure:Illuminate/Pipeline/Pipeline::carry():194}:195}()
#54 C:/Users/Monami Sadhu/Music/🏫 Campus Lost & Found Portal – Authentication, CRUD, Search/vendor/laravel/framework/src/Illuminate/Pipeline/Pipeline.php(219): Illuminate/Foundation/Http/Middleware/InvokeDeferredCallbacks->handle()
#55 C:/Users/Monami Sadhu/Music/🏫 Campus Lost & Found Portal – Authentication, CRUD, Search/vendor/laravel/framework/src/Illuminate/Http/Middleware/ValidatePathEncoding.php(26): Illuminate/Pipeline/Pipeline->{closure:{closure:Illuminate/Pipeline/Pipeline::carry():194}:195}()
#56 C:/Users/Monami Sadhu/Music/🏫 Campus Lost & Found Portal – Authentication, CRUD, Search/vendor/laravel/framework/src/Illuminate/Pipeline/Pipeline.php(219): Illuminate/Http/Middleware/ValidatePathEncoding->handle()
#57 C:/Users/Monami Sadhu/Music/🏫 Campus Lost & Found Portal – Authentication, CRUD, Search/vendor/laravel/framework/src/Illuminate/Pipeline/Pipeline.php(137): Illuminate/Pipeline/Pipeline->{closure:{closure:Illuminate/Pipeline/Pipeline::carry():194}:195}()
#58 C:/Users/Monami Sadhu/Music/🏫 Campus Lost & Found Portal – Authentication, CRUD, Search/vendor/laravel/framework/src/Illuminate/Foundation/Http/Kernel.php(175): Illuminate/Pipeline/Pipeline->then()
#59 C:/Users/Monami Sadhu/Music/🏫 Campus Lost & Found Portal – Authentication, CRUD, Search/vendor/laravel/framework/src/Illuminate/Foundation/Http/Kernel.php(144): Illuminate/Foundation/Http/Kernel->sendRequestThroughRouter()
#60 C:/Users/Monami Sadhu/Music/🏫 Campus Lost & Found Portal – Authentication, CRUD, Search/vendor/laravel/framework/src/Illuminate/Foundation/Testing/Concerns/MakesHttpRequests.php(607): Illuminate/Foundation/Http/Kernel->handle()
#61 C:/Users/Monami Sadhu/Music/🏫 Campus Lost & Found Portal – Authentication, CRUD, Search/vendor/laravel/framework/src/Illuminate/Foundation/Testing/Concerns/MakesHttpRequests.php(368): Illuminate/Foundation/Testing/TestCase->call()
#62 C:/Users/Monami Sadhu/Music/🏫 Campus Lost & Found Portal – Authentication, CRUD, Search/tests/Feature/HomePageTest.php(14): Illuminate/Foundation/Testing/TestCase->get()
#63 C:/Users/Monami Sadhu/Music/🏫 Campus Lost & Found Portal – Authentication, CRUD, Search/vendor/phpunit/phpunit/src/Framework/TestCase.php(1667): Tests/Feature/HomePageTest->test_home_page_is_accessible()
#64 C:/Users/Monami Sadhu/Music/🏫 Campus Lost & Found Portal – Authentication, CRUD, Search/vendor/phpunit/phpunit/src/Framework/TestCase.php(519): PHPUnit/Framework/TestCase->runTest()
#65 C:/Users/Monami Sadhu/Music/🏫 Campus Lost & Found Portal – Authentication, CRUD, Search/vendor/phpunit/phpunit/src/Framework/TestRunner/TestRunner.php(87): PHPUnit/Framework/TestCase->runBare()
#66 C:/Users/Monami Sadhu/Music/🏫 Campus Lost & Found Portal – Authentication, CRUD, Search/vendor/phpunit/phpunit/src/Framework/TestCase.php(365): PHPUnit/Framework/TestRunner->run()
#67 C:/Users/Monami Sadhu/Music/🏫 Campus Lost & Found Portal – Authentication, CRUD, Search/vendor/phpunit/phpunit/src/Framework/TestSuite.php(369): PHPUnit/Framework/TestCase->run()
#68 C:/Users/Monami Sadhu/Music/🏫 Campus Lost & Found Portal – Authentication, CRUD, Search/vendor/phpunit/phpunit/src/TextUI/TestRunner.php(64): PHPUnit/Framework/TestSuite->run()
#69 C:/Users/Monami Sadhu/Music/🏫 Campus Lost & Found Portal – Authentication, CRUD, Search/vendor/phpunit/phpunit/src/TextUI/Application.php(211): PHPUnit/TextUI/TestRunner->run()
#70 C:/Users/Monami Sadhu/Music/🏫 Campus Lost & Found Portal – Authentication, CRUD, Search/vendor/phpunit/phpunit/phpunit(104): PHPUnit/TextUI/Application->run()
#71 {main}

[previous exception] [object] (Error(code: 0): Class \"Request\" not found at C:/Users/Monami Sadhu/Music/🏫 Campus Lost & Found Portal – Authentication, CRUD, Search/storage/framework/views/7663ecabfccde130339e2852f5a718ea.php:97)
[stacktrace]
#0 C:/Users/Monami Sadhu/Music/🏫 Campus Lost & Found Portal – Authentication, CRUD, Search/vendor/laravel/framework/src/Illuminate/Filesystem/Filesystem.php(123): require()
#1 C:/Users/Monami Sadhu/Music/🏫 Campus Lost & Found Portal – Authentication, CRUD, Search/vendor/laravel/framework/src/Illuminate/Filesystem/Filesystem.php(124): Illuminate/Filesystem/Filesystem::{closure:Illuminate/Filesystem/Filesystem::getRequire():120}()
#2 C:/Users/Monami Sadhu/Music/🏫 Campus Lost & Found Portal – Authentication, CRUD, Search/vendor/laravel/framework/src/Illuminate/View/Engines/PhpEngine.php(57): Illuminate/Filesystem/Filesystem->getRequire()
#3 C:/Users/Monami Sadhu/Music/🏫 Campus Lost & Found Portal – Authentication, CRUD, Search/vendor/laravel/framework/src/Illuminate/View/Engines/CompilerEngine.php(76): Illuminate/View/Engines/PhpEngine->evaluatePath()
#4 C:/Users/Monami Sadhu/Music/🏫 Campus Lost & Found Portal – Authentication, CRUD, Search/vendor/laravel/framework/src/Illuminate/View/View.php(208): Illuminate/View/Engines/CompilerEngine->get()
#5 C:/Users/Monami Sadhu/Music/🏫 Campus Lost & Found Portal – Authentication, CRUD, Search/vendor/laravel/framework/src/Illuminate/View/View.php(191): Illuminate/View/View->getContents()
#6 C:/Users/Monami Sadhu/Music/🏫 Campus Lost & Found Portal – Authentication, CRUD, Search/vendor/laravel/framework/src/Illuminate/View/View.php(160): Illuminate/View/View->renderContents()
#7 C:/Users/Monami Sadhu/Music/🏫 Campus Lost & Found Portal – Authentication, CRUD, Search/storage/framework/views/59a65b3265790f3e2a8a69f11286cb1d.php(202): Illuminate/View/View->render()
#8 C:/Users/Monami Sadhu/Music/🏫 Campus Lost & Found Portal – Authentication, CRUD, Search/vendor/laravel/framework/src/Illuminate/Filesystem/Filesystem.php(123): require('...')
#9 C:/Users/Monami Sadhu/Music/🏫 Campus Lost & Found Portal – Authentication, CRUD, Search/vendor/laravel/framework/src/Illuminate/Filesystem/Filesystem.php(124): Illuminate/Filesystem/Filesystem::{closure:Illuminate/Filesystem/Filesystem::getRequire():120}()
#10 C:/Users/Monami Sadhu/Music/🏫 Campus Lost & Found Portal – Authentication, CRUD, Search/vendor/laravel/framework/src/Illuminate/View/Engines/PhpEngine.php(57): Illuminate/Filesystem/Filesystem->getRequire()
#11 C:/Users/Monami Sadhu/Music/🏫 Campus Lost & Found Portal – Authentication, CRUD, Search/vendor/laravel/framework/src/Illuminate/View/Engines/CompilerEngine.php(76): Illuminate/View/Engines/PhpEngine->evaluatePath()
#12 C:/Users/Monami Sadhu/Music/🏫 Campus Lost & Found Portal – Authentication, CRUD, Search/vendor/laravel/framework/src/Illuminate/View/View.php(208): Illuminate/View/Engines/CompilerEngine->get()
#13 C:/Users/Monami Sadhu/Music/🏫 Campus Lost & Found Portal – Authentication, CRUD, Search/vendor/laravel/framework/src/Illuminate/View/View.php(191): Illuminate/View/View->getContents()
#14 C:/Users/Monami Sadhu/Music/🏫 Campus Lost & Found Portal – Authentication, CRUD, Search/vendor/laravel/framework/src/Illuminate/View/View.php(160): Illuminate/View/View->renderContents()
#15 C:/Users/Monami Sadhu/Music/🏫 Campus Lost & Found Portal – Authentication, CRUD, Search/vendor/laravel/framework/src/Illuminate/Http/Response.php(78): Illuminate/View/View->render()
#16 C:/Users/Monami Sadhu/Music/🏫 Campus Lost & Found Portal – Authentication, CRUD, Search/vendor/laravel/framework/src/Illuminate/Http/Response.php(34): Illuminate/Http/Response->setContent()
#17 C:/Users/Monami Sadhu/Music/🏫 Campus Lost & Found Portal – Authentication, CRUD, Search/vendor/laravel/framework/src/Illuminate/Routing/Router.php(939): Illuminate/Http/Response->__construct()
#18 C:/Users/Monami Sadhu/Music/🏫 Campus Lost & Found Portal – Authentication, CRUD, Search/vendor/laravel/framework/src/Illuminate/Routing/Router.php(906): Illuminate/Routing/Router::toResponse()
#19 C:/Users/Monami Sadhu/Music/🏫 Campus Lost & Found Portal – Authentication, CRUD, Search/vendor/laravel/framework/src/Illuminate/Routing/Router.php(821): Illuminate/Routing/Router->prepareResponse()
#20 C:/Users/Monami Sadhu/Music/🏫 Campus Lost & Found Portal – Authentication, CRUD, Search/vendor/laravel/framework/src/Illuminate/Pipeline/Pipeline.php(180): Illuminate/Routing/Router->{closure:Illuminate/Routing/Router::runRouteWithinStack():821}()
#21 C:/Users/Monami Sadhu/Music/🏫 Campus Lost & Found Portal – Authentication, CRUD, Search/vendor/laravel/framework/src/Illuminate/Routing/Middleware/SubstituteBindings.php(50): Illuminate/Pipeline/Pipeline->{closure:Illuminate/Pipeline/Pipeline::prepareDestination():178}()
#22 C:/Users/Monami Sadhu/Music/🏫 Campus Lost & Found Portal – Authentication, CRUD, Search/vendor/laravel/framework/src/Illuminate/Pipeline/Pipeline.php(219): Illuminate/Routing/Middleware/SubstituteBindings->handle()
#23 C:/Users/Monami Sadhu/Music/🏫 Campus Lost & Found Portal – Authentication, CRUD, Search/vendor/laravel/framework/src/Illuminate/Foundation/Http/Middleware/VerifyCsrfToken.php(87): Illuminate/Pipeline/Pipeline->{closure:{closure:Illuminate/Pipeline/Pipeline::carry():194}:195}()
#24 C:/Users/Monami Sadhu/Music/🏫 Campus Lost & Found Portal – Authentication, CRUD, Search/vendor/laravel/framework/src/Illuminate/Pipeline/Pipeline.php(219): Illuminate/Foundation/Http/Middleware/VerifyCsrfToken->handle()
#25 C:/Users/Monami Sadhu/Music/🏫 Campus Lost & Found Portal – Authentication, CRUD, Search/vendor/laravel/framework/src/Illuminate/View/Middleware/ShareErrorsFromSession.php(48): Illuminate/Pipeline/Pipeline->{closure:{closure:Illuminate/Pipeline/Pipeline::carry():194}:195}()
#26 C:/Users/Monami Sadhu/Music/🏫 Campus Lost & Found Portal – Authentication, CRUD, Search/vendor/laravel/framework/src/Illuminate/Pipeline/Pipeline.php(219): Illuminate/View/Middleware/ShareErrorsFromSession->handle()
#27 C:/Users/Monami Sadhu/Music/🏫 Campus Lost & Found Portal – Authentication, CRUD, Search/vendor/laravel/framework/src/Illuminate/Session/Middleware/StartSession.php(120): Illuminate/Pipeline/Pipeline->{closure:{closure:Illuminate/Pipeline/Pipeline::carry():194}:195}()
#28 C:/Users/Monami Sadhu/Music/🏫 Campus Lost & Found Portal – Authentication, CRUD, Search/vendor/laravel/framework/src/Illuminate/Session/Middleware/StartSession.php(63): Illuminate/Session/Middleware/StartSession->handleStatefulRequest()
#29 C:/Users/Monami Sadhu/Music/🏫 Campus Lost & Found Portal – Authentication, CRUD, Search/vendor/laravel/framework/src/Illuminate/Pipeline/Pipeline.php(219): Illuminate/Session/Middleware/StartSession->handle()
#30 C:/Users/Monami Sadhu/Music/🏫 Campus Lost & Found Portal – Authentication, CRUD, Search/vendor/laravel/framework/src/Illuminate/Cookie/Middleware/AddQueuedCookiesToResponse.php(36): Illuminate/Pipeline/Pipeline->{closure:{closure:Illuminate/Pipeline/Pipeline::carry():194}:195}()
#31 C:/Users/Monami Sadhu/Music/🏫 Campus Lost & Found Portal – Authentication, CRUD, Search/vendor/laravel/framework/src/Illuminate/Pipeline/Pipeline.php(219): Illuminate/Cookie/Middleware/AddQueuedCookiesToResponse->handle()
#32 C:/Users/Monami Sadhu/Music/🏫 Campus Lost & Found Portal – Authentication, CRUD, Search/vendor/laravel/framework/src/Illuminate/Cookie/Middleware/EncryptCookies.php(74): Illuminate/Pipeline/Pipeline->{closure:{closure:Illuminate/Pipeline/Pipeline::carry():194}:195}()
#33 C:/Users/Monami Sadhu/Music/🏫 Campus Lost & Found Portal – Authentication, CRUD, Search/vendor/laravel/framework/src/Illuminate/Pipeline/Pipeline.php(219): Illuminate/Cookie/Middleware/EncryptCookies->handle()
#34 C:/Users/Monami Sadhu/Music/🏫 Campus Lost & Found Portal – Authentication, CRUD, Search/vendor/laravel/framework/src/Illuminate/Pipeline/Pipeline.php(137): Illuminate/Pipeline/Pipeline->{closure:{closure:Illuminate/Pipeline/Pipeline::carry():194}:195}()
#35 C:/Users/Monami Sadhu/Music/🏫 Campus Lost & Found Portal – Authentication, CRUD, Search/vendor/laravel/framework/src/Illuminate/Routing/Router.php(821): Illuminate/Pipeline/Pipeline->then()
#36 C:/Users/Monami Sadhu/Music/🏫 Campus Lost & Found Portal – Authentication, CRUD, Search/vendor/laravel/framework/src/Illuminate/Routing/Router.php(800): Illuminate/Routing/Router->runRouteWithinStack()
#37 C:/Users/Monami Sadhu/Music/🏫 Campus Lost & Found Portal – Authentication, CRUD, Search/vendor/laravel/framework/src/Illuminate/Routing/Router.php(764): Illuminate/Routing/Router->runRoute()
#38 C:/Users/Monami Sadhu/Music/🏫 Campus Lost & Found Portal – Authentication, CRUD, Search/vendor/laravel/framework/src/Illuminate/Routing/Router.php(753): Illuminate/Routing/Router->dispatchToRoute()
#39 C:/Users/Monami Sadhu/Music/🏫 Campus Lost & Found Portal – Authentication, CRUD, Search/vendor/laravel/framework/src/Illuminate/Foundation/Http/Kernel.php(200): Illuminate/Routing/Router->dispatch()
#40 C:/Users/Monami Sadhu/Music/🏫 Campus Lost & Found Portal – Authentication, CRUD, Search/vendor/laravel/framework/src/Illuminate/Pipeline/Pipeline.php(180): Illuminate/Foundation/Http/Kernel->{closure:Illuminate/Foundation/Http/Kernel::dispatchToRouter():197}()
#41 C:/Users/Monami Sadhu/Music/🏫 Campus Lost & Found Portal – Authentication, CRUD, Search/vendor/laravel/framework/src/Illuminate/Foundation/Http/Middleware/TransformsRequest.php(21): Illuminate/Pipeline/Pipeline->{closure:Illuminate/Pipeline/Pipeline::prepareDestination():178}()
#42 C:/Users/Monami Sadhu/Music/🏫 Campus Lost & Found Portal – Authentication, CRUD, Search/vendor/laravel/framework/src/Illuminate/Foundation/Http/Middleware/ConvertEmptyStringsToNull.php(31): Illuminate/Foundation/Http/Middleware/TransformsRequest->handle()
#43 C:/Users/Monami Sadhu/Music/🏫 Campus Lost & Found Portal – Authentication, CRUD, Search/vendor/laravel/framework/src/Illuminate/Pipeline/Pipeline.php(219): Illuminate/Foundation/Http/Middleware/ConvertEmptyStringsToNull->handle()
#44 C:/Users/Monami Sadhu/Music/🏫 Campus Lost & Found Portal – Authentication, CRUD, Search/vendor/laravel/framework/src/Illuminate/Foundation/Http/Middleware/TransformsRequest.php(21): Illuminate/Pipeline/Pipeline->{closure:{closure:Illuminate/Pipeline/Pipeline::carry():194}:195}()
#45 C:/Users/Monami Sadhu/Music/🏫 Campus Lost & Found Portal – Authentication, CRUD, Search/vendor/laravel/framework/src/Illuminate/Foundation/Http/Middleware/TrimStrings.php(51): Illuminate/Foundation/Http/Middleware/TransformsRequest->handle()
#46 C:/Users/Monami Sadhu/Music/🏫 Campus Lost & Found Portal – Authentication, CRUD, Search/vendor/laravel/framework/src/Illuminate/Pipeline/Pipeline.php(219): Illuminate/Foundation/Http/Middleware/TrimStrings->handle()
#47 C:/Users/Monami Sadhu/Music/🏫 Campus Lost & Found Portal – Authentication, CRUD, Search/vendor/laravel/framework/src/Illuminate/Http/Middleware/ValidatePostSize.php(27): Illuminate/Pipeline/Pipeline->{closure:{closure:Illuminate/Pipeline/Pipeline::carry():194}:195}()
#48 C:/Users/Monami Sadhu/Music/🏫 Campus Lost & Found Portal – Authentication, CRUD, Search/vendor/laravel/framework/src/Illuminate/Pipeline/Pipeline.php(219): Illuminate/Http/Middleware/ValidatePostSize->handle()
#49 C:/Users/Monami Sadhu/Music/🏫 Campus Lost & Found Portal – Authentication, CRUD, Search/vendor/laravel/framework/src/Illuminate/Foundation/Http/Middleware/PreventRequestsDuringMaintenance.php(109): Illuminate/Pipeline/Pipeline->{closure:{closure:Illuminate/Pipeline/Pipeline::carry():194}:195}()
#50 C:/Users/Monami Sadhu/Music/🏫 Campus Lost & Found Portal – Authentication, CRUD, Search/vendor/laravel/framework/src/Illuminate/Pipeline/Pipeline.php(219): Illuminate/Foundation/Http/Middleware/PreventRequestsDuringMaintenance->handle()
#51 C:/Users/Monami Sadhu/Music/🏫 Campus Lost & Found Portal – Authentication, CRUD, Search/vendor/laravel/framework/src/Illuminate/Http/Middleware/HandleCors.php(61): Illuminate/Pipeline/Pipeline->{closure:{closure:Illuminate/Pipeline/Pipeline::carry():194}:195}()
#52 C:/Users/Monami Sadhu/Music/🏫 Campus Lost & Found Portal – Authentication, CRUD, Search/vendor/laravel/framework/src/Illuminate/Pipeline/Pipeline.php(219): Illuminate/Http/Middleware/HandleCors->handle()
#53 C:/Users/Monami Sadhu/Music/🏫 Campus Lost & Found Portal – Authentication, CRUD, Search/vendor/laravel/framework/src/Illuminate/Http/Middleware/TrustProxies.php(58): Illuminate/Pipeline/Pipeline->{closure:{closure:Illuminate/Pipeline/Pipeline::carry():194}:195}()
#54 C:/Users/Monami Sadhu/Music/🏫 Campus Lost & Found Portal – Authentication, CRUD, Search/vendor/laravel/framework/src/Illuminate/Pipeline/Pipeline.php(219): Illuminate/Http/Middleware/TrustProxies->handle()
#55 C:/Users/Monami Sadhu/Music/🏫 Campus Lost & Found Portal – Authentication, CRUD, Search/vendor/laravel/framework/src/Illuminate/Foundation/Http/Middleware/InvokeDeferredCallbacks.php(22): Illuminate/Pipeline/Pipeline->{closure:{closure:Illuminate/Pipeline/Pipeline::carry():194}:195}()
#56 C:/Users/Monami Sadhu/Music/🏫 Campus Lost & Found Portal – Authentication, CRUD, Search/vendor/laravel/framework/src/Illuminate/Pipeline/Pipeline.php(219): Illuminate/Foundation/Http/Middleware/InvokeDeferredCallbacks->handle()
#57 C:/Users/Monami Sadhu/Music/🏫 Campus Lost & Found Portal – Authentication, CRUD, Search/vendor/laravel/framework/src/Illuminate/Http/Middleware/ValidatePathEncoding.php(26): Illuminate/Pipeline/Pipeline->{closure:{closure:Illuminate/Pipeline/Pipeline::carry():194}:195}()
#58 C:/Users/Monami Sadhu/Music/🏫 Campus Lost & Found Portal – Authentication, CRUD, Search/vendor/laravel/framework/src/Illuminate/Pipeline/Pipeline.php(219): Illuminate/Http/Middleware/ValidatePathEncoding->handle()
#59 C:/Users/Monami Sadhu/Music/🏫 Campus Lost & Found Portal – Authentication, CRUD, Search/vendor/laravel/framework/src/Illuminate/Pipeline/Pipeline.php(137): Illuminate/Pipeline/Pipeline->{closure:{closure:Illuminate/Pipeline/Pipeline::carry():194}:195}()
#60 C:/Users/Monami Sadhu/Music/🏫 Campus Lost & Found Portal – Authentication, CRUD, Search/vendor/laravel/framework/src/Illuminate/Foundation/Http/Kernel.php(175): Illuminate/Pipeline/Pipeline->then()
#61 C:/Users/Monami Sadhu/Music/🏫 Campus Lost & Found Portal – Authentication, CRUD, Search/vendor/laravel/framework/src/Illuminate/Foundation/Http/Kernel.php(144): Illuminate/Foundation/Http/Kernel->sendRequestThroughRouter()
#62 C:/Users/Monami Sadhu/Music/🏫 Campus Lost & Found Portal – Authentication, CRUD, Search/vendor/laravel/framework/src/Illuminate/Foundation/Testing/Concerns/MakesHttpRequests.php(607): Illuminate/Foundation/Http/Kernel->handle()
#63 C:/Users/Monami Sadhu/Music/🏫 Campus Lost & Found Portal – Authentication, CRUD, Search/vendor/laravel/framework/src/Illuminate/Foundation/Testing/Concerns/MakesHttpRequests.php(368): Illuminate/Foundation/Testing/TestCase->call()
#64 C:/Users/Monami Sadhu/Music/🏫 Campus Lost & Found Portal – Authentication, CRUD, Search/tests/Feature/HomePageTest.php(14): Illuminate/Foundation/Testing/TestCase->get()
#65 C:/Users/Monami Sadhu/Music/🏫 Campus Lost & Found Portal – Authentication, CRUD, Search/vendor/phpunit/phpunit/src/Framework/TestCase.php(1667): Tests/Feature/HomePageTest->test_home_page_is_accessible()
#66 C:/Users/Monami Sadhu/Music/🏫 Campus Lost & Found Portal – Authentication, CRUD, Search/vendor/phpunit/phpunit/src/Framework/TestCase.php(519): PHPUnit/Framework/TestCase->runTest()
#67 C:/Users/Monami Sadhu/Music/🏫 Campus Lost & Found Portal – Authentication, CRUD, Search/vendor/phpunit/phpunit/src/Framework/TestRunner/TestRunner.php(87): PHPUnit/Framework/TestCase->runBare()
#68 C:/Users/Monami Sadhu/Music/🏫 Campus Lost & Found Portal – Authentication, CRUD, Search/vendor/phpunit/phpunit/src/Framework/TestCase.php(365): PHPUnit/Framework/TestRunner->run()
#69 C:/Users/Monami Sadhu/Music/🏫 Campus Lost & Found Portal – Authentication, CRUD, Search/vendor/phpunit/phpunit/src/Framework/TestSuite.php(369): PHPUnit/Framework/TestCase->run()
#70 C:/Users/Monami Sadhu/Music/🏫 Campus Lost & Found Portal – Authentication, CRUD, Search/vendor/phpunit/phpunit/src/TextUI/TestRunner.php(64): PHPUnit/Framework/TestSuite->run()
#71 C:/Users/Monami Sadhu/Music/🏫 Campus Lost & Found Portal – Authentication, CRUD, Search/vendor/phpunit/phpunit/src/TextUI/Application.php(211): PHPUnit/TextUI/TestRunner->run()
#72 C:/Users/Monami Sadhu/Music/🏫 Campus Lost & Found Portal – Authentication, CRUD, Search/vendor/phpunit/phpunit/phpunit(104): PHPUnit/TextUI/Application->run()
#73 {main}
"} 
[2026-08-08 04:39:48] testing.ERROR: Class "Request" not found (View: C:\Users\Monami Sadhu\Music\🏫 Campus Lost & Found Portal – Authentication, CRUD, Search\resources\views\layouts\app.blade.php) (View: C:\Users\Monami Sadhu\Music\🏫 Campus Lost & Found Portal – Authentication, CRUD, Search\resources\views\layouts\app.blade.php) {"exception":"[object] (Illuminate\\View\\ViewException(code: 0): Class \"Request\" not found (View: C:\\Users\\Monami Sadhu\\Music\\🏫 Campus Lost & Found Portal – Authentication, CRUD, Search\\resources\\views\\layouts\\app.blade.php) (View: C:\\Users\\Monami Sadhu\\Music\\🏫 Campus Lost & Found Portal – Authentication, CRUD, Search\\resources\\views\\layouts\\app.blade.php) at C:/Users/Monami Sadhu/Music/🏫 Campus Lost & Found Portal – Authentication, CRUD, Search/storage/framework/views/7663ecabfccde130339e2852f5a718ea.php:97)
[stacktrace]
#0 C:/Users/Monami Sadhu/Music/🏫 Campus Lost & Found Portal – Authentication, CRUD, Search/vendor/laravel/framework/src/Illuminate/View/Engines/PhpEngine.php(59): Illuminate/View/Engines/CompilerEngine->handleViewException()
#1 C:/Users/Monami Sadhu/Music/🏫 Campus Lost & Found Portal – Authentication, CRUD, Search/vendor/laravel/framework/src/Illuminate/View/Engines/CompilerEngine.php(76): Illuminate/View/Engines/PhpEngine->evaluatePath()
#2 C:/Users/Monami Sadhu/Music/🏫 Campus Lost & Found Portal – Authentication, CRUD, Search/vendor/laravel/framework/src/Illuminate/View/View.php(208): Illuminate/View/Engines/CompilerEngine->get()
#3 C:/Users/Monami Sadhu/Music/🏫 Campus Lost & Found Portal – Authentication, CRUD, Search/vendor/laravel/framework/src/Illuminate/View/View.php(191): Illuminate/View/View->getContents()
#4 C:/Users/Monami Sadhu/Music/🏫 Campus Lost & Found Portal – Authentication, CRUD, Search/vendor/laravel/framework/src/Illuminate/View/View.php(160): Illuminate/View/View->renderContents()
#5 C:/Users/Monami Sadhu/Music/🏫 Campus Lost & Found Portal – Authentication, CRUD, Search/vendor/laravel/framework/src/Illuminate/Http/Response.php(78): Illuminate/View/View->render()
#6 C:/Users/Monami Sadhu/Music/🏫 Campus Lost & Found Portal – Authentication, CRUD, Search/vendor/laravel/framework/src/Illuminate/Http/Response.php(34): Illuminate/Http/Response->setContent()
#7 C:/Users/Monami Sadhu/Music/🏫 Campus Lost & Found Portal – Authentication, CRUD, Search/vendor/laravel/framework/src/Illuminate/Routing/Router.php(939): Illuminate/Http/Response->__construct()
#8 C:/Users/Monami Sadhu/Music/🏫 Campus Lost & Found Portal – Authentication, CRUD, Search/vendor/laravel/framework/src/Illuminate/Routing/Router.php(906): Illuminate/Routing/Router::toResponse()
#9 C:/Users/Monami Sadhu/Music/🏫 Campus Lost & Found Portal – Authentication, CRUD, Search/vendor/laravel/framework/src/Illuminate/Routing/Router.php(821): Illuminate/Routing/Router->prepareResponse()
#10 C:/Users/Monami Sadhu/Music/🏫 Campus Lost & Found Portal – Authentication, CRUD, Search/vendor/laravel/framework/src/Illuminate/Pipeline/Pipeline.php(180): Illuminate/Routing/Router->{closure:Illuminate/Routing/Router::runRouteWithinStack():821}()
#11 C:/Users/Monami Sadhu/Music/🏫 Campus Lost & Found Portal – Authentication, CRUD, Search/vendor/laravel/framework/src/Illuminate/Routing/Middleware/SubstituteBindings.php(50): Illuminate/Pipeline/Pipeline->{closure:Illuminate/Pipeline/Pipeline::prepareDestination():178}()
#12 C:/Users/Monami Sadhu/Music/🏫 Campus Lost & Found Portal – Authentication, CRUD, Search/vendor/laravel/framework/src/Illuminate/Pipeline/Pipeline.php(219): Illuminate/Routing/Middleware/SubstituteBindings->handle()
#13 C:/Users/Monami Sadhu/Music/🏫 Campus Lost & Found Portal – Authentication, CRUD, Search/vendor/laravel/framework/src/Illuminate/Foundation/Http/Middleware/VerifyCsrfToken.php(87): Illuminate/Pipeline/Pipeline->{closure:{closure:Illuminate/Pipeline/Pipeline::carry():194}:195}()
#14 C:/Users/Monami Sadhu/Music/🏫 Campus Lost & Found Portal – Authentication, CRUD, Search/vendor/laravel/framework/src/Illuminate/Pipeline/Pipeline.php(219): Illuminate/Foundation/Http/Middleware/VerifyCsrfToken->handle()
#15 C:/Users/Monami Sadhu/Music/🏫 Campus Lost & Found Portal – Authentication, CRUD, Search/vendor/laravel/framework/src/Illuminate/View/Middleware/ShareErrorsFromSession.php(48): Illuminate/Pipeline/Pipeline->{closure:{closure:Illuminate/Pipeline/Pipeline::carry():194}:195}()
#16 C:/Users/Monami Sadhu/Music/🏫 Campus Lost & Found Portal – Authentication, CRUD, Search/vendor/laravel/framework/src/Illuminate/Pipeline/Pipeline.php(219): Illuminate/View/Middleware/ShareErrorsFromSession->handle()
#17 C:/Users/Monami Sadhu/Music/🏫 Campus Lost & Found Portal – Authentication, CRUD, Search/vendor/laravel/framework/src/Illuminate/Session/Middleware/StartSession.php(120): Illuminate/Pipeline/Pipeline->{closure:{closure:Illuminate/Pipeline/Pipeline::carry():194}:195}()
#18 C:/Users/Monami Sadhu/Music/🏫 Campus Lost & Found Portal – Authentication, CRUD, Search/vendor/laravel/framework/src/Illuminate/Session/Middleware/StartSession.php(63): Illuminate/Session/Middleware/StartSession->handleStatefulRequest()
#19 C:/Users/Monami Sadhu/Music/🏫 Campus Lost & Found Portal – Authentication, CRUD, Search/vendor/laravel/framework/src/Illuminate/Pipeline/Pipeline.php(219): Illuminate/Session/Middleware/StartSession->handle()
#20 C:/Users/Monami Sadhu/Music/🏫 Campus Lost & Found Portal – Authentication, CRUD, Search/vendor/laravel/framework/src/Illuminate/Cookie/Middleware/AddQueuedCookiesToResponse.php(36): Illuminate/Pipeline/Pipeline->{closure:{closure:Illuminate/Pipeline/Pipeline::carry():194}:195}()
#21 C:/Users/Monami Sadhu/Music/🏫 Campus Lost & Found Portal – Authentication, CRUD, Search/vendor/laravel/framework/src/Illuminate/Pipeline/Pipeline.php(219): Illuminate/Cookie/Middleware/AddQueuedCookiesToResponse->handle()
#22 C:/Users/Monami Sadhu/Music/🏫 Campus Lost & Found Portal – Authentication, CRUD, Search/vendor/laravel/framework/src/Illuminate/Cookie/Middleware/EncryptCookies.php(74): Illuminate/Pipeline/Pipeline->{closure:{closure:Illuminate/Pipeline/Pipeline::carry():194}:195}()
#23 C:/Users/Monami Sadhu/Music/🏫 Campus Lost & Found Portal – Authentication, CRUD, Search/vendor/laravel/framework/src/Illuminate/Pipeline/Pipeline.php(219): Illuminate/Cookie/Middleware/EncryptCookies->handle()
#24 C:/Users/Monami Sadhu/Music/🏫 Campus Lost & Found Portal – Authentication, CRUD, Search/vendor/laravel/framework/src/Illuminate/Pipeline/Pipeline.php(137): Illuminate/Pipeline/Pipeline->{closure:{closure:Illuminate/Pipeline/Pipeline::carry():194}:195}()
#25 C:/Users/Monami Sadhu/Music/🏫 Campus Lost & Found Portal – Authentication, CRUD, Search/vendor/laravel/framework/src/Illuminate/Routing/Router.php(821): Illuminate/Pipeline/Pipeline->then()
#26 C:/Users/Monami Sadhu/Music/🏫 Campus Lost & Found Portal – Authentication, CRUD, Search/vendor/laravel/framework/src/Illuminate/Routing/Router.php(800): Illuminate/Routing/Router->runRouteWithinStack()
#27 C:/Users/Monami Sadhu/Music/🏫 Campus Lost & Found Portal – Authentication, CRUD, Search/vendor/laravel/framework/src/Illuminate/Routing/Router.php(764): Illuminate/Routing/Router->runRoute()
#28 C:/Users/Monami Sadhu/Music/🏫 Campus Lost & Found Portal – Authentication, CRUD, Search/vendor/laravel/framework/src/Illuminate/Routing/Router.php(753): Illuminate/Routing/Router->dispatchToRoute()
#29 C:/Users/Monami Sadhu/Music/🏫 Campus Lost & Found Portal – Authentication, CRUD, Search/vendor/laravel/framework/src/Illuminate/Foundation/Http/Kernel.php(200): Illuminate/Routing/Router->dispatch()
#30 C:/Users/Monami Sadhu/Music/🏫 Campus Lost & Found Portal – Authentication, CRUD, Search/vendor/laravel/framework/src/Illuminate/Pipeline/Pipeline.php(180): Illuminate/Foundation/Http/Kernel->{closure:Illuminate/Foundation/Http/Kernel::dispatchToRouter():197}()
#31 C:/Users/Monami Sadhu/Music/🏫 Campus Lost & Found Portal – Authentication, CRUD, Search/vendor/laravel/framework/src/Illuminate/Foundation/Http/Middleware/TransformsRequest.php(21): Illuminate/Pipeline/Pipeline->{closure:Illuminate/Pipeline/Pipeline::prepareDestination():178}()
#32 C:/Users/Monami Sadhu/Music/🏫 Campus Lost & Found Portal – Authentication, CRUD, Search/vendor/laravel/framework/src/Illuminate/Foundation/Http/Middleware/ConvertEmptyStringsToNull.php(31): Illuminate/Foundation/Http/Middleware/TransformsRequest->handle()
#33 C:/Users/Monami Sadhu/Music/🏫 Campus Lost & Found Portal – Authentication, CRUD, Search/vendor/laravel/framework/src/Illuminate/Pipeline/Pipeline.php(219): Illuminate/Foundation/Http/Middleware/ConvertEmptyStringsToNull->handle()
#34 C:/Users/Monami Sadhu/Music/🏫 Campus Lost & Found Portal – Authentication, CRUD, Search/vendor/laravel/framework/src/Illuminate/Foundation/Http/Middleware/TransformsRequest.php(21): Illuminate/Pipeline/Pipeline->{closure:{closure:Illuminate/Pipeline/Pipeline::carry():194}:195}()
#35 C:/Users/Monami Sadhu/Music/🏫 Campus Lost & Found Portal – Authentication, CRUD, Search/vendor/laravel/framework/src/Illuminate/Foundation/Http/Middleware/TrimStrings.php(51): Illuminate/Foundation/Http/Middleware/TransformsRequest->handle()
#36 C:/Users/Monami Sadhu/Music/🏫 Campus Lost & Found Portal – Authentication, CRUD, Search/vendor/laravel/framework/src/Illuminate/Pipeline/Pipeline.php(219): Illuminate/Foundation/Http/Middleware/TrimStrings->handle()
#37 C:/Users/Monami Sadhu/Music/🏫 Campus Lost & Found Portal – Authentication, CRUD, Search/vendor/laravel/framework/src/Illuminate/Http/Middleware/ValidatePostSize.php(27): Illuminate/Pipeline/Pipeline->{closure:{closure:Illuminate/Pipeline/Pipeline::carry():194}:195}()
#38 C:/Users/Monami Sadhu/Music/🏫 Campus Lost & Found Portal – Authentication, CRUD, Search/vendor/laravel/framework/src/Illuminate/Pipeline/Pipeline.php(219): Illuminate/Http/Middleware/ValidatePostSize->handle()
#39 C:/Users/Monami Sadhu/Music/🏫 Campus Lost & Found Portal – Authentication, CRUD, Search/vendor/laravel/framework/src/Illuminate/Foundation/Http/Middleware/PreventRequestsDuringMaintenance.php(109): Illuminate/Pipeline/Pipeline->{closure:{closure:Illuminate/Pipeline/Pipeline::carry():194}:195}()
#40 C:/Users/Monami Sadhu/Music/🏫 Campus Lost & Found Portal – Authentication, CRUD, Search/vendor/laravel/framework/src/Illuminate/Pipeline/Pipeline.php(219): Illuminate/Foundation/Http/Middleware/PreventRequestsDuringMaintenance->handle()
#41 C:/Users/Monami Sadhu/Music/🏫 Campus Lost & Found Portal – Authentication, CRUD, Search/vendor/laravel/framework/src/Illuminate/Http/Middleware/HandleCors.php(61): Illuminate/Pipeline/Pipeline->{closure:{closure:Illuminate/Pipeline/Pipeline::carry():194}:195}()
#42 C:/Users/Monami Sadhu/Music/🏫 Campus Lost & Found Portal – Authentication, CRUD, Search/vendor/laravel/framework/src/Illuminate/Pipeline/Pipeline.php(219): Illuminate/Http/Middleware/HandleCors->handle()
#43 C:/Users/Monami Sadhu/Music/🏫 Campus Lost & Found Portal – Authentication, CRUD, Search/vendor/laravel/framework/src/Illuminate/Http/Middleware/TrustProxies.php(58): Illuminate/Pipeline/Pipeline->{closure:{closure:Illuminate/Pipeline/Pipeline::carry():194}:195}()
#44 C:/Users/Monami Sadhu/Music/🏫 Campus Lost & Found Portal – Authentication, CRUD, Search/vendor/laravel/framework/src/Illuminate/Pipeline/Pipeline.php(219): Illuminate/Http/Middleware/TrustProxies->handle()
#45 C:/Users/Monami Sadhu/Music/🏫 Campus Lost & Found Portal – Authentication, CRUD, Search/vendor/laravel/framework/src/Illuminate/Foundation/Http/Middleware/InvokeDeferredCallbacks.php(22): Illuminate/Pipeline/Pipeline->{closure:{closure:Illuminate/Pipeline/Pipeline::carry():194}:195}()
#46 C:/Users/Monami Sadhu/Music/🏫 Campus Lost & Found Portal – Authentication, CRUD, Search/vendor/laravel/framework/src/Illuminate/Pipeline/Pipeline.php(219): Illuminate/Foundation/Http/Middleware/InvokeDeferredCallbacks->handle()
#47 C:/Users/Monami Sadhu/Music/🏫 Campus Lost & Found Portal – Authentication, CRUD, Search/vendor/laravel/framework/src/Illuminate/Http/Middleware/ValidatePathEncoding.php(26): Illuminate/Pipeline/Pipeline->{closure:{closure:Illuminate/Pipeline/Pipeline::carry():194}:195}()
#48 C:/Users/Monami Sadhu/Music/🏫 Campus Lost & Found Portal – Authentication, CRUD, Search/vendor/laravel/framework/src/Illuminate/Pipeline/Pipeline.php(219): Illuminate/Http/Middleware/ValidatePathEncoding->handle()
#49 C:/Users/Monami Sadhu/Music/🏫 Campus Lost & Found Portal – Authentication, CRUD, Search/vendor/laravel/framework/src/Illuminate/Pipeline/Pipeline.php(137): Illuminate/Pipeline/Pipeline->{closure:{closure:Illuminate/Pipeline/Pipeline::carry():194}:195}()
#50 C:/Users/Monami Sadhu/Music/🏫 Campus Lost & Found Portal – Authentication, CRUD, Search/vendor/laravel/framework/src/Illuminate/Foundation/Http/Kernel.php(175): Illuminate/Pipeline/Pipeline->then()
#51 C:/Users/Monami Sadhu/Music/🏫 Campus Lost & Found Portal – Authentication, CRUD, Search/vendor/laravel/framework/src/Illuminate/Foundation/Http/Kernel.php(144): Illuminate/Foundation/Http/Kernel->sendRequestThroughRouter()
#52 C:/Users/Monami Sadhu/Music/🏫 Campus Lost & Found Portal – Authentication, CRUD, Search/vendor/laravel/framework/src/Illuminate/Foundation/Testing/Concerns/MakesHttpRequests.php(607): Illuminate/Foundation/Http/Kernel->handle()
#53 C:/Users/Monami Sadhu/Music/🏫 Campus Lost & Found Portal – Authentication, CRUD, Search/vendor/laravel/framework/src/Illuminate/Foundation/Testing/Concerns/MakesHttpRequests.php(368): Illuminate/Foundation/Testing/TestCase->call()
#54 C:/Users/Monami Sadhu/Music/🏫 Campus Lost & Found Portal – Authentication, CRUD, Search/tests/Feature/HomePageTest.php(14): Illuminate/Foundation/Testing/TestCase->get()
#55 C:/Users/Monami Sadhu/Music/🏫 Campus Lost & Found Portal – Authentication, CRUD, Search/vendor/phpunit/phpunit/src/Framework/TestCase.php(1667): Tests/Feature/HomePageTest->test_home_page_is_accessible()
#56 C:/Users/Monami Sadhu/Music/🏫 Campus Lost & Found Portal – Authentication, CRUD, Search/vendor/phpunit/phpunit/src/Framework/TestCase.php(519): PHPUnit/Framework/TestCase->runTest()
#57 C:/Users/Monami Sadhu/Music/🏫 Campus Lost & Found Portal – Authentication, CRUD, Search/vendor/phpunit/phpunit/src/Framework/TestRunner/TestRunner.php(87): PHPUnit/Framework/TestCase->runBare()
#58 C:/Users/Monami Sadhu/Music/🏫 Campus Lost & Found Portal – Authentication, CRUD, Search/vendor/phpunit/phpunit/src/Framework/TestCase.php(365): PHPUnit/Framework/TestRunner->run()
#59 C:/Users/Monami Sadhu/Music/🏫 Campus Lost & Found Portal – Authentication, CRUD, Search/vendor/phpunit/phpunit/src/Framework/TestSuite.php(369): PHPUnit/Framework/TestCase->run()
#60 C:/Users/Monami Sadhu/Music/🏫 Campus Lost & Found Portal – Authentication, CRUD, Search/vendor/phpunit/phpunit/src/Framework/TestSuite.php(369): PHPUnit/Framework/TestSuite->run()
#61 C:/Users/Monami Sadhu/Music/🏫 Campus Lost & Found Portal – Authentication, CRUD, Search/vendor/phpunit/phpunit/src/Framework/TestSuite.php(369): PHPUnit/Framework/TestSuite->run()
#62 C:/Users/Monami Sadhu/Music/🏫 Campus Lost & Found Portal – Authentication, CRUD, Search/vendor/phpunit/phpunit/src/TextUI/TestRunner.php(64): PHPUnit/Framework/TestSuite->run()
#63 C:/Users/Monami Sadhu/Music/🏫 Campus Lost & Found Portal – Authentication, CRUD, Search/vendor/phpunit/phpunit/src/TextUI/Application.php(211): PHPUnit/TextUI/TestRunner->run()
#64 C:/Users/Monami Sadhu/Music/🏫 Campus Lost & Found Portal – Authentication, CRUD, Search/vendor/phpunit/phpunit/phpunit(104): PHPUnit/TextUI/Application->run()
#65 {main}

[previous exception] [object] (Illuminate\\View\\ViewException(code: 0): Class \"Request\" not found (View: C:\\Users\\Monami Sadhu\\Music\\🏫 Campus Lost & Found Portal – Authentication, CRUD, Search\\resources\\views\\layouts\\app.blade.php) at C:/Users/Monami Sadhu/Music/🏫 Campus Lost & Found Portal – Authentication, CRUD, Search/storage/framework/views/7663ecabfccde130339e2852f5a718ea.php:97)
[stacktrace]
#0 C:/Users/Monami Sadhu/Music/🏫 Campus Lost & Found Portal – Authentication, CRUD, Search/vendor/laravel/framework/src/Illuminate/View/Engines/PhpEngine.php(59): Illuminate/View/Engines/CompilerEngine->handleViewException()
#1 C:/Users/Monami Sadhu/Music/🏫 Campus Lost & Found Portal – Authentication, CRUD, Search/vendor/laravel/framework/src/Illuminate/View/Engines/CompilerEngine.php(76): Illuminate/View/Engines/PhpEngine->evaluatePath()
#2 C:/Users/Monami Sadhu/Music/🏫 Campus Lost & Found Portal – Authentication, CRUD, Search/vendor/laravel/framework/src/Illuminate/View/View.php(208): Illuminate/View/Engines/CompilerEngine->get()
#3 C:/Users/Monami Sadhu/Music/🏫 Campus Lost & Found Portal – Authentication, CRUD, Search/vendor/laravel/framework/src/Illuminate/View/View.php(191): Illuminate/View/View->getContents()
#4 C:/Users/Monami Sadhu/Music/🏫 Campus Lost & Found Portal – Authentication, CRUD, Search/vendor/laravel/framework/src/Illuminate/View/View.php(160): Illuminate/View/View->renderContents()
#5 C:/Users/Monami Sadhu/Music/🏫 Campus Lost & Found Portal – Authentication, CRUD, Search/storage/framework/views/59a65b3265790f3e2a8a69f11286cb1d.php(202): Illuminate/View/View->render()
#6 C:/Users/Monami Sadhu/Music/🏫 Campus Lost & Found Portal – Authentication, CRUD, Search/vendor/laravel/framework/src/Illuminate/Filesystem/Filesystem.php(123): require('...')
#7 C:/Users/Monami Sadhu/Music/🏫 Campus Lost & Found Portal – Authentication, CRUD, Search/vendor/laravel/framework/src/Illuminate/Filesystem/Filesystem.php(124): Illuminate/Filesystem/Filesystem::{closure:Illuminate/Filesystem/Filesystem::getRequire():120}()
#8 C:/Users/Monami Sadhu/Music/🏫 Campus Lost & Found Portal – Authentication, CRUD, Search/vendor/laravel/framework/src/Illuminate/View/Engines/PhpEngine.php(57): Illuminate/Filesystem/Filesystem->getRequire()
#9 C:/Users/Monami Sadhu/Music/🏫 Campus Lost & Found Portal – Authentication, CRUD, Search/vendor/laravel/framework/src/Illuminate/View/Engines/CompilerEngine.php(76): Illuminate/View/Engines/PhpEngine->evaluatePath()
#10 C:/Users/Monami Sadhu/Music/🏫 Campus Lost & Found Portal – Authentication, CRUD, Search/vendor/laravel/framework/src/Illuminate/View/View.php(208): Illuminate/View/Engines/CompilerEngine->get()
#11 C:/Users/Monami Sadhu/Music/🏫 Campus Lost & Found Portal – Authentication, CRUD, Search/vendor/laravel/framework/src/Illuminate/View/View.php(191): Illuminate/View/View->getContents()
#12 C:/Users/Monami Sadhu/Music/🏫 Campus Lost & Found Portal – Authentication, CRUD, Search/vendor/laravel/framework/src/Illuminate/View/View.php(160): Illuminate/View/View->renderContents()
#13 C:/Users/Monami Sadhu/Music/🏫 Campus Lost & Found Portal – Authentication, CRUD, Search/vendor/laravel/framework/src/Illuminate/Http/Response.php(78): Illuminate/View/View->render()
#14 C:/Users/Monami Sadhu/Music/🏫 Campus Lost & Found Portal – Authentication, CRUD, Search/vendor/laravel/framework/src/Illuminate/Http/Response.php(34): Illuminate/Http/Response->setContent()
#15 C:/Users/Monami Sadhu/Music/🏫 Campus Lost & Found Portal – Authentication, CRUD, Search/vendor/laravel/framework/src/Illuminate/Routing/Router.php(939): Illuminate/Http/Response->__construct()
#16 C:/Users/Monami Sadhu/Music/🏫 Campus Lost & Found Portal – Authentication, CRUD, Search/vendor/laravel/framework/src/Illuminate/Routing/Router.php(906): Illuminate/Routing/Router::toResponse()
#17 C:/Users/Monami Sadhu/Music/🏫 Campus Lost & Found Portal – Authentication, CRUD, Search/vendor/laravel/framework/src/Illuminate/Routing/Router.php(821): Illuminate/Routing/Router->prepareResponse()
#18 C:/Users/Monami Sadhu/Music/🏫 Campus Lost & Found Portal – Authentication, CRUD, Search/vendor/laravel/framework/src/Illuminate/Pipeline/Pipeline.php(180): Illuminate/Routing/Router->{closure:Illuminate/Routing/Router::runRouteWithinStack():821}()
#19 C:/Users/Monami Sadhu/Music/🏫 Campus Lost & Found Portal – Authentication, CRUD, Search/vendor/laravel/framework/src/Illuminate/Routing/Middleware/SubstituteBindings.php(50): Illuminate/Pipeline/Pipeline->{closure:Illuminate/Pipeline/Pipeline::prepareDestination():178}()
#20 C:/Users/Monami Sadhu/Music/🏫 Campus Lost & Found Portal – Authentication, CRUD, Search/vendor/laravel/framework/src/Illuminate/Pipeline/Pipeline.php(219): Illuminate/Routing/Middleware/SubstituteBindings->handle()
#21 C:/Users/Monami Sadhu/Music/🏫 Campus Lost & Found Portal – Authentication, CRUD, Search/vendor/laravel/framework/src/Illuminate/Foundation/Http/Middleware/VerifyCsrfToken.php(87): Illuminate/Pipeline/Pipeline->{closure:{closure:Illuminate/Pipeline/Pipeline::carry():194}:195}()
#22 C:/Users/Monami Sadhu/Music/🏫 Campus Lost & Found Portal – Authentication, CRUD, Search/vendor/laravel/framework/src/Illuminate/Pipeline/Pipeline.php(219): Illuminate/Foundation/Http/Middleware/VerifyCsrfToken->handle()
#23 C:/Users/Monami Sadhu/Music/🏫 Campus Lost & Found Portal – Authentication, CRUD, Search/vendor/laravel/framework/src/Illuminate/View/Middleware/ShareErrorsFromSession.php(48): Illuminate/Pipeline/Pipeline->{closure:{closure:Illuminate/Pipeline/Pipeline::carry():194}:195}()
#24 C:/Users/Monami Sadhu/Music/🏫 Campus Lost & Found Portal – Authentication, CRUD, Search/vendor/laravel/framework/src/Illuminate/Pipeline/Pipeline.php(219): Illuminate/View/Middleware/ShareErrorsFromSession->handle()
#25 C:/Users/Monami Sadhu/Music/🏫 Campus Lost & Found Portal – Authentication, CRUD, Search/vendor/laravel/framework/src/Illuminate/Session/Middleware/StartSession.php(120): Illuminate/Pipeline/Pipeline->{closure:{closure:Illuminate/Pipeline/Pipeline::carry():194}:195}()
#26 C:/Users/Monami Sadhu/Music/🏫 Campus Lost & Found Portal – Authentication, CRUD, Search/vendor/laravel/framework/src/Illuminate/Session/Middleware/StartSession.php(63): Illuminate/Session/Middleware/StartSession->handleStatefulRequest()
#27 C:/Users/Monami Sadhu/Music/🏫 Campus Lost & Found Portal – Authentication, CRUD, Search/vendor/laravel/framework/src/Illuminate/Pipeline/Pipeline.php(219): Illuminate/Session/Middleware/StartSession->handle()
#28 C:/Users/Monami Sadhu/Music/🏫 Campus Lost & Found Portal – Authentication, CRUD, Search/vendor/laravel/framework/src/Illuminate/Cookie/Middleware/AddQueuedCookiesToResponse.php(36): Illuminate/Pipeline/Pipeline->{closure:{closure:Illuminate/Pipeline/Pipeline::carry():194}:195}()
#29 C:/Users/Monami Sadhu/Music/🏫 Campus Lost & Found Portal – Authentication, CRUD, Search/vendor/laravel/framework/src/Illuminate/Pipeline/Pipeline.php(219): Illuminate/Cookie/Middleware/AddQueuedCookiesToResponse->handle()
#30 C:/Users/Monami Sadhu/Music/🏫 Campus Lost & Found Portal – Authentication, CRUD, Search/vendor/laravel/framework/src/Illuminate/Cookie/Middleware/EncryptCookies.php(74): Illuminate/Pipeline/Pipeline->{closure:{closure:Illuminate/Pipeline/Pipeline::carry():194}:195}()
#31 C:/Users/Monami Sadhu/Music/🏫 Campus Lost & Found Portal – Authentication, CRUD, Search/vendor/laravel/framework/src/Illuminate/Pipeline/Pipeline.php(219): Illuminate/Cookie/Middleware/EncryptCookies->handle()
#32 C:/Users/Monami Sadhu/Music/🏫 Campus Lost & Found Portal – Authentication, CRUD, Search/vendor/laravel/framework/src/Illuminate/Pipeline/Pipeline.php(137): Illuminate/Pipeline/Pipeline->{closure:{closure:Illuminate/Pipeline/Pipeline::carry():194}:195}()
#33 C:/Users/Monami Sadhu/Music/🏫 Campus Lost & Found Portal – Authentication, CRUD, Search/vendor/laravel/framework/src/Illuminate/Routing/Router.php(821): Illuminate/Pipeline/Pipeline->then()
#34 C:/Users/Monami Sadhu/Music/🏫 Campus Lost & Found Portal – Authentication, CRUD, Search/vendor/laravel/framework/src/Illuminate/Routing/Router.php(800): Illuminate/Routing/Router->runRouteWithinStack()
#35 C:/Users/Monami Sadhu/Music/🏫 Campus Lost & Found Portal – Authentication, CRUD, Search/vendor/laravel/framework/src/Illuminate/Routing/Router.php(764): Illuminate/Routing/Router->runRoute()
#36 C:/Users/Monami Sadhu/Music/🏫 Campus Lost & Found Portal – Authentication, CRUD, Search/vendor/laravel/framework/src/Illuminate/Routing/Router.php(753): Illuminate/Routing/Router->dispatchToRoute()
#37 C:/Users/Monami Sadhu/Music/🏫 Campus Lost & Found Portal – Authentication, CRUD, Search/vendor/laravel/framework/src/Illuminate/Foundation/Http/Kernel.php(200): Illuminate/Routing/Router->dispatch()
#38 C:/Users/Monami Sadhu/Music/🏫 Campus Lost & Found Portal – Authentication, CRUD, Search/vendor/laravel/framework/src/Illuminate/Pipeline/Pipeline.php(180): Illuminate/Foundation/Http/Kernel->{closure:Illuminate/Foundation/Http/Kernel::dispatchToRouter():197}()
#39 C:/Users/Monami Sadhu/Music/🏫 Campus Lost & Found Portal – Authentication, CRUD, Search/vendor/laravel/framework/src/Illuminate/Foundation/Http/Middleware/TransformsRequest.php(21): Illuminate/Pipeline/Pipeline->{closure:Illuminate/Pipeline/Pipeline::prepareDestination():178}()
#40 C:/Users/Monami Sadhu/Music/🏫 Campus Lost & Found Portal – Authentication, CRUD, Search/vendor/laravel/framework/src/Illuminate/Foundation/Http/Middleware/ConvertEmptyStringsToNull.php(31): Illuminate/Foundation/Http/Middleware/TransformsRequest->handle()
#41 C:/Users/Monami Sadhu/Music/🏫 Campus Lost & Found Portal – Authentication, CRUD, Search/vendor/laravel/framework/src/Illuminate/Pipeline/Pipeline.php(219): Illuminate/Foundation/Http/Middleware/ConvertEmptyStringsToNull->handle()
#42 C:/Users/Monami Sadhu/Music/🏫 Campus Lost & Found Portal – Authentication, CRUD, Search/vendor/laravel/framework/src/Illuminate/Foundation/Http/Middleware/TransformsRequest.php(21): Illuminate/Pipeline/Pipeline->{closure:{closure:Illuminate/Pipeline/Pipeline::carry():194}:195}()
#43 C:/Users/Monami Sadhu/Music/🏫 Campus Lost & Found Portal – Authentication, CRUD, Search/vendor/laravel/framework/src/Illuminate/Foundation/Http/Middleware/TrimStrings.php(51): Illuminate/Foundation/Http/Middleware/TransformsRequest->handle()
#44 C:/Users/Monami Sadhu/Music/🏫 Campus Lost & Found Portal – Authentication, CRUD, Search/vendor/laravel/framework/src/Illuminate/Pipeline/Pipeline.php(219): Illuminate/Foundation/Http/Middleware/TrimStrings->handle()
#45 C:/Users/Monami Sadhu/Music/🏫 Campus Lost & Found Portal – Authentication, CRUD, Search/vendor/laravel/framework/src/Illuminate/Http/Middleware/ValidatePostSize.php(27): Illuminate/Pipeline/Pipeline->{closure:{closure:Illuminate/Pipeline/Pipeline::carry():194}:195}()
#46 C:/Users/Monami Sadhu/Music/🏫 Campus Lost & Found Portal – Authentication, CRUD, Search/vendor/laravel/framework/src/Illuminate/Pipeline/Pipeline.php(219): Illuminate/Http/Middleware/ValidatePostSize->handle()
#47 C:/Users/Monami Sadhu/Music/🏫 Campus Lost & Found Portal – Authentication, CRUD, Search/vendor/laravel/framework/src/Illuminate/Foundation/Http/Middleware/PreventRequestsDuringMaintenance.php(109): Illuminate/Pipeline/Pipeline->{closure:{closure:Illuminate/Pipeline/Pipeline::carry():194}:195}()
#48 C:/Users/Monami Sadhu/Music/🏫 Campus Lost & Found Portal – Authentication, CRUD, Search/vendor/laravel/framework/src/Illuminate/Pipeline/Pipeline.php(219): Illuminate/Foundation/Http/Middleware/PreventRequestsDuringMaintenance->handle()
#49 C:/Users/Monami Sadhu/Music/🏫 Campus Lost & Found Portal – Authentication, CRUD, Search/vendor/laravel/framework/src/Illuminate/Http/Middleware/HandleCors.php(61): Illuminate/Pipeline/Pipeline->{closure:{closure:Illuminate/Pipeline/Pipeline::carry():194}:195}()
#50 C:/Users/Monami Sadhu/Music/🏫 Campus Lost & Found Portal – Authentication, CRUD, Search/vendor/laravel/framework/src/Illuminate/Pipeline/Pipeline.php(219): Illuminate/Http/Middleware/HandleCors->handle()
#51 C:/Users/Monami Sadhu/Music/🏫 Campus Lost & Found Portal – Authentication, CRUD, Search/vendor/laravel/framework/src/Illuminate/Http/Middleware/TrustProxies.php(58): Illuminate/Pipeline/Pipeline->{closure:{closure:Illuminate/Pipeline/Pipeline::carry():194}:195}()
#52 C:/Users/Monami Sadhu/Music/🏫 Campus Lost & Found Portal – Authentication, CRUD, Search/vendor/laravel/framework/src/Illuminate/Pipeline/Pipeline.php(219): Illuminate/Http/Middleware/TrustProxies->handle()
#53 C:/Users/Monami Sadhu/Music/🏫 Campus Lost & Found Portal – Authentication, CRUD, Search/vendor/laravel/framework/src/Illuminate/Foundation/Http/Middleware/InvokeDeferredCallbacks.php(22): Illuminate/Pipeline/Pipeline->{closure:{closure:Illuminate/Pipeline/Pipeline::carry():194}:195}()
#54 C:/Users/Monami Sadhu/Music/🏫 Campus Lost & Found Portal – Authentication, CRUD, Search/vendor/laravel/framework/src/Illuminate/Pipeline/Pipeline.php(219): Illuminate/Foundation/Http/Middleware/InvokeDeferredCallbacks->handle()
#55 C:/Users/Monami Sadhu/Music/🏫 Campus Lost & Found Portal – Authentication, CRUD, Search/vendor/laravel/framework/src/Illuminate/Http/Middleware/ValidatePathEncoding.php(26): Illuminate/Pipeline/Pipeline->{closure:{closure:Illuminate/Pipeline/Pipeline::carry():194}:195}()
#56 C:/Users/Monami Sadhu/Music/🏫 Campus Lost & Found Portal – Authentication, CRUD, Search/vendor/laravel/framework/src/Illuminate/Pipeline/Pipeline.php(219): Illuminate/Http/Middleware/ValidatePathEncoding->handle()
#57 C:/Users/Monami Sadhu/Music/🏫 Campus Lost & Found Portal – Authentication, CRUD, Search/vendor/laravel/framework/src/Illuminate/Pipeline/Pipeline.php(137): Illuminate/Pipeline/Pipeline->{closure:{closure:Illuminate/Pipeline/Pipeline::carry():194}:195}()
#58 C:/Users/Monami Sadhu/Music/🏫 Campus Lost & Found Portal – Authentication, CRUD, Search/vendor/laravel/framework/src/Illuminate/Foundation/Http/Kernel.php(175): Illuminate/Pipeline/Pipeline->then()
#59 C:/Users/Monami Sadhu/Music/🏫 Campus Lost & Found Portal – Authentication, CRUD, Search/vendor/laravel/framework/src/Illuminate/Foundation/Http/Kernel.php(144): Illuminate/Foundation/Http/Kernel->sendRequestThroughRouter()
#60 C:/Users/Monami Sadhu/Music/🏫 Campus Lost & Found Portal – Authentication, CRUD, Search/vendor/laravel/framework/src/Illuminate/Foundation/Testing/Concerns/MakesHttpRequests.php(607): Illuminate/Foundation/Http/Kernel->handle()
#61 C:/Users/Monami Sadhu/Music/🏫 Campus Lost & Found Portal – Authentication, CRUD, Search/vendor/laravel/framework/src/Illuminate/Foundation/Testing/Concerns/MakesHttpRequests.php(368): Illuminate/Foundation/Testing/TestCase->call()
#62 C:/Users/Monami Sadhu/Music/🏫 Campus Lost & Found Portal – Authentication, CRUD, Search/tests/Feature/HomePageTest.php(14): Illuminate/Foundation/Testing/TestCase->get()
#63 C:/Users/Monami Sadhu/Music/🏫 Campus Lost & Found Portal – Authentication, CRUD, Search/vendor/phpunit/phpunit/src/Framework/TestCase.php(1667): Tests/Feature/HomePageTest->test_home_page_is_accessible()
#64 C:/Users/Monami Sadhu/Music/🏫 Campus Lost & Found Portal – Authentication, CRUD, Search/vendor/phpunit/phpunit/src/Framework/TestCase.php(519): PHPUnit/Framework/TestCase->runTest()
#65 C:/Users/Monami Sadhu/Music/🏫 Campus Lost & Found Portal – Authentication, CRUD, Search/vendor/phpunit/phpunit/src/Framework/TestRunner/TestRunner.php(87): PHPUnit/Framework/TestCase->runBare()
#66 C:/Users/Monami Sadhu/Music/🏫 Campus Lost & Found Portal – Authentication, CRUD, Search/vendor/phpunit/phpunit/src/Framework/TestCase.php(365): PHPUnit/Framework/TestRunner->run()
#67 C:/Users/Monami Sadhu/Music/🏫 Campus Lost & Found Portal – Authentication, CRUD, Search/vendor/phpunit/phpunit/src/Framework/TestSuite.php(369): PHPUnit/Framework/TestCase->run()
#68 C:/Users/Monami Sadhu/Music/🏫 Campus Lost & Found Portal – Authentication, CRUD, Search/vendor/phpunit/phpunit/src/Framework/TestSuite.php(369): PHPUnit/Framework/TestSuite->run()
#69 C:/Users/Monami Sadhu/Music/🏫 Campus Lost & Found Portal – Authentication, CRUD, Search/vendor/phpunit/phpunit/src/Framework/TestSuite.php(369): PHPUnit/Framework/TestSuite->run()
#70 C:/Users/Monami Sadhu/Music/🏫 Campus Lost & Found Portal – Authentication, CRUD, Search/vendor/phpunit/phpunit/src/TextUI/TestRunner.php(64): PHPUnit/Framework/TestSuite->run()
#71 C:/Users/Monami Sadhu/Music/🏫 Campus Lost & Found Portal – Authentication, CRUD, Search/vendor/phpunit/phpunit/src/TextUI/Application.php(211): PHPUnit/TextUI/TestRunner->run()
#72 C:/Users/Monami Sadhu/Music/🏫 Campus Lost & Found Portal – Authentication, CRUD, Search/vendor/phpunit/phpunit/phpunit(104): PHPUnit/TextUI/Application->run()
#73 {main}

[previous exception] [object] (Error(code: 0): Class \"Request\" not found at C:/Users/Monami Sadhu/Music/🏫 Campus Lost & Found Portal – Authentication, CRUD, Search/storage/framework/views/7663ecabfccde130339e2852f5a718ea.php:97)
[stacktrace]
#0 C:/Users/Monami Sadhu/Music/🏫 Campus Lost & Found Portal – Authentication, CRUD, Search/vendor/laravel/framework/src/Illuminate/Filesystem/Filesystem.php(123): require()
#1 C:/Users/Monami Sadhu/Music/🏫 Campus Lost & Found Portal – Authentication, CRUD, Search/vendor/laravel/framework/src/Illuminate/Filesystem/Filesystem.php(124): Illuminate/Filesystem/Filesystem::{closure:Illuminate/Filesystem/Filesystem::getRequire():120}()
#2 C:/Users/Monami Sadhu/Music/🏫 Campus Lost & Found Portal – Authentication, CRUD, Search/vendor/laravel/framework/src/Illuminate/View/Engines/PhpEngine.php(57): Illuminate/Filesystem/Filesystem->getRequire()
#3 C:/Users/Monami Sadhu/Music/🏫 Campus Lost & Found Portal – Authentication, CRUD, Search/vendor/laravel/framework/src/Illuminate/View/Engines/CompilerEngine.php(76): Illuminate/View/Engines/PhpEngine->evaluatePath()
#4 C:/Users/Monami Sadhu/Music/🏫 Campus Lost & Found Portal – Authentication, CRUD, Search/vendor/laravel/framework/src/Illuminate/View/View.php(208): Illuminate/View/Engines/CompilerEngine->get()
#5 C:/Users/Monami Sadhu/Music/🏫 Campus Lost & Found Portal – Authentication, CRUD, Search/vendor/laravel/framework/src/Illuminate/View/View.php(191): Illuminate/View/View->getContents()
#6 C:/Users/Monami Sadhu/Music/🏫 Campus Lost & Found Portal – Authentication, CRUD, Search/vendor/laravel/framework/src/Illuminate/View/View.php(160): Illuminate/View/View->renderContents()
#7 C:/Users/Monami Sadhu/Music/🏫 Campus Lost & Found Portal – Authentication, CRUD, Search/storage/framework/views/59a65b3265790f3e2a8a69f11286cb1d.php(202): Illuminate/View/View->render()
#8 C:/Users/Monami Sadhu/Music/🏫 Campus Lost & Found Portal – Authentication, CRUD, Search/vendor/laravel/framework/src/Illuminate/Filesystem/Filesystem.php(123): require('...')
#9 C:/Users/Monami Sadhu/Music/🏫 Campus Lost & Found Portal – Authentication, CRUD, Search/vendor/laravel/framework/src/Illuminate/Filesystem/Filesystem.php(124): Illuminate/Filesystem/Filesystem::{closure:Illuminate/Filesystem/Filesystem::getRequire():120}()
#10 C:/Users/Monami Sadhu/Music/🏫 Campus Lost & Found Portal – Authentication, CRUD, Search/vendor/laravel/framework/src/Illuminate/View/Engines/PhpEngine.php(57): Illuminate/Filesystem/Filesystem->getRequire()
#11 C:/Users/Monami Sadhu/Music/🏫 Campus Lost & Found Portal – Authentication, CRUD, Search/vendor/laravel/framework/src/Illuminate/View/Engines/CompilerEngine.php(76): Illuminate/View/Engines/PhpEngine->evaluatePath()
#12 C:/Users/Monami Sadhu/Music/🏫 Campus Lost & Found Portal – Authentication, CRUD, Search/vendor/laravel/framework/src/Illuminate/View/View.php(208): Illuminate/View/Engines/CompilerEngine->get()
#13 C:/Users/Monami Sadhu/Music/🏫 Campus Lost & Found Portal – Authentication, CRUD, Search/vendor/laravel/framework/src/Illuminate/View/View.php(191): Illuminate/View/View->getContents()
#14 C:/Users/Monami Sadhu/Music/🏫 Campus Lost & Found Portal – Authentication, CRUD, Search/vendor/laravel/framework/src/Illuminate/View/View.php(160): Illuminate/View/View->renderContents()
#15 C:/Users/Monami Sadhu/Music/🏫 Campus Lost & Found Portal – Authentication, CRUD, Search/vendor/laravel/framework/src/Illuminate/Http/Response.php(78): Illuminate/View/View->render()
#16 C:/Users/Monami Sadhu/Music/🏫 Campus Lost & Found Portal – Authentication, CRUD, Search/vendor/laravel/framework/src/Illuminate/Http/Response.php(34): Illuminate/Http/Response->setContent()
#17 C:/Users/Monami Sadhu/Music/🏫 Campus Lost & Found Portal – Authentication, CRUD, Search/vendor/laravel/framework/src/Illuminate/Routing/Router.php(939): Illuminate/Http/Response->__construct()
#18 C:/Users/Monami Sadhu/Music/🏫 Campus Lost & Found Portal – Authentication, CRUD, Search/vendor/laravel/framework/src/Illuminate/Routing/Router.php(906): Illuminate/Routing/Router::toResponse()
#19 C:/Users/Monami Sadhu/Music/🏫 Campus Lost & Found Portal – Authentication, CRUD, Search/vendor/laravel/framework/src/Illuminate/Routing/Router.php(821): Illuminate/Routing/Router->prepareResponse()
#20 C:/Users/Monami Sadhu/Music/🏫 Campus Lost & Found Portal – Authentication, CRUD, Search/vendor/laravel/framework/src/Illuminate/Pipeline/Pipeline.php(180): Illuminate/Routing/Router->{closure:Illuminate/Routing/Router::runRouteWithinStack():821}()
#21 C:/Users/Monami Sadhu/Music/🏫 Campus Lost & Found Portal – Authentication, CRUD, Search/vendor/laravel/framework/src/Illuminate/Routing/Middleware/SubstituteBindings.php(50): Illuminate/Pipeline/Pipeline->{closure:Illuminate/Pipeline/Pipeline::prepareDestination():178}()
#22 C:/Users/Monami Sadhu/Music/🏫 Campus Lost & Found Portal – Authentication, CRUD, Search/vendor/laravel/framework/src/Illuminate/Pipeline/Pipeline.php(219): Illuminate/Routing/Middleware/SubstituteBindings->handle()
#23 C:/Users/Monami Sadhu/Music/🏫 Campus Lost & Found Portal – Authentication, CRUD, Search/vendor/laravel/framework/src/Illuminate/Foundation/Http/Middleware/VerifyCsrfToken.php(87): Illuminate/Pipeline/Pipeline->{closure:{closure:Illuminate/Pipeline/Pipeline::carry():194}:195}()
#24 C:/Users/Monami Sadhu/Music/🏫 Campus Lost & Found Portal – Authentication, CRUD, Search/vendor/laravel/framework/src/Illuminate/Pipeline/Pipeline.php(219): Illuminate/Foundation/Http/Middleware/VerifyCsrfToken->handle()
#25 C:/Users/Monami Sadhu/Music/🏫 Campus Lost & Found Portal – Authentication, CRUD, Search/vendor/laravel/framework/src/Illuminate/View/Middleware/ShareErrorsFromSession.php(48): Illuminate/Pipeline/Pipeline->{closure:{closure:Illuminate/Pipeline/Pipeline::carry():194}:195}()
#26 C:/Users/Monami Sadhu/Music/🏫 Campus Lost & Found Portal – Authentication, CRUD, Search/vendor/laravel/framework/src/Illuminate/Pipeline/Pipeline.php(219): Illuminate/View/Middleware/ShareErrorsFromSession->handle()
#27 C:/Users/Monami Sadhu/Music/🏫 Campus Lost & Found Portal – Authentication, CRUD, Search/vendor/laravel/framework/src/Illuminate/Session/Middleware/StartSession.php(120): Illuminate/Pipeline/Pipeline->{closure:{closure:Illuminate/Pipeline/Pipeline::carry():194}:195}()
#28 C:/Users/Monami Sadhu/Music/🏫 Campus Lost & Found Portal – Authentication, CRUD, Search/vendor/laravel/framework/src/Illuminate/Session/Middleware/StartSession.php(63): Illuminate/Session/Middleware/StartSession->handleStatefulRequest()
#29 C:/Users/Monami Sadhu/Music/🏫 Campus Lost & Found Portal – Authentication, CRUD, Search/vendor/laravel/framework/src/Illuminate/Pipeline/Pipeline.php(219): Illuminate/Session/Middleware/StartSession->handle()
#30 C:/Users/Monami Sadhu/Music/🏫 Campus Lost & Found Portal – Authentication, CRUD, Search/vendor/laravel/framework/src/Illuminate/Cookie/Middleware/AddQueuedCookiesToResponse.php(36): Illuminate/Pipeline/Pipeline->{closure:{closure:Illuminate/Pipeline/Pipeline::carry():194}:195}()
#31 C:/Users/Monami Sadhu/Music/🏫 Campus Lost & Found Portal – Authentication, CRUD, Search/vendor/laravel/framework/src/Illuminate/Pipeline/Pipeline.php(219): Illuminate/Cookie/Middleware/AddQueuedCookiesToResponse->handle()
#32 C:/Users/Monami Sadhu/Music/🏫 Campus Lost & Found Portal – Authentication, CRUD, Search/vendor/laravel/framework/src/Illuminate/Cookie/Middleware/EncryptCookies.php(74): Illuminate/Pipeline/Pipeline->{closure:{closure:Illuminate/Pipeline/Pipeline::carry():194}:195}()
#33 C:/Users/Monami Sadhu/Music/🏫 Campus Lost & Found Portal – Authentication, CRUD, Search/vendor/laravel/framework/src/Illuminate/Pipeline/Pipeline.php(219): Illuminate/Cookie/Middleware/EncryptCookies->handle()
#34 C:/Users/Monami Sadhu/Music/🏫 Campus Lost & Found Portal – Authentication, CRUD, Search/vendor/laravel/framework/src/Illuminate/Pipeline/Pipeline.php(137): Illuminate/Pipeline/Pipeline->{closure:{closure:Illuminate/Pipeline/Pipeline::carry():194}:195}()
#35 C:/Users/Monami Sadhu/Music/🏫 Campus Lost & Found Portal – Authentication, CRUD, Search/vendor/laravel/framework/src/Illuminate/Routing/Router.php(821): Illuminate/Pipeline/Pipeline->then()
#36 C:/Users/Monami Sadhu/Music/🏫 Campus Lost & Found Portal – Authentication, CRUD, Search/vendor/laravel/framework/src/Illuminate/Routing/Router.php(800): Illuminate/Routing/Router->runRouteWithinStack()
#37 C:/Users/Monami Sadhu/Music/🏫 Campus Lost & Found Portal – Authentication, CRUD, Search/vendor/laravel/framework/src/Illuminate/Routing/Router.php(764): Illuminate/Routing/Router->runRoute()
#38 C:/Users/Monami Sadhu/Music/🏫 Campus Lost & Found Portal – Authentication, CRUD, Search/vendor/laravel/framework/src/Illuminate/Routing/Router.php(753): Illuminate/Routing/Router->dispatchToRoute()
#39 C:/Users/Monami Sadhu/Music/🏫 Campus Lost & Found Portal – Authentication, CRUD, Search/vendor/laravel/framework/src/Illuminate/Foundation/Http/Kernel.php(200): Illuminate/Routing/Router->dispatch()
#40 C:/Users/Monami Sadhu/Music/🏫 Campus Lost & Found Portal – Authentication, CRUD, Search/vendor/laravel/framework/src/Illuminate/Pipeline/Pipeline.php(180): Illuminate/Foundation/Http/Kernel->{closure:Illuminate/Foundation/Http/Kernel::dispatchToRouter():197}()
#41 C:/Users/Monami Sadhu/Music/🏫 Campus Lost & Found Portal – Authentication, CRUD, Search/vendor/laravel/framework/src/Illuminate/Foundation/Http/Middleware/TransformsRequest.php(21): Illuminate/Pipeline/Pipeline->{closure:Illuminate/Pipeline/Pipeline::prepareDestination():178}()
#42 C:/Users/Monami Sadhu/Music/🏫 Campus Lost & Found Portal – Authentication, CRUD, Search/vendor/laravel/framework/src/Illuminate/Foundation/Http/Middleware/ConvertEmptyStringsToNull.php(31): Illuminate/Foundation/Http/Middleware/TransformsRequest->handle()
#43 C:/Users/Monami Sadhu/Music/🏫 Campus Lost & Found Portal – Authentication, CRUD, Search/vendor/laravel/framework/src/Illuminate/Pipeline/Pipeline.php(219): Illuminate/Foundation/Http/Middleware/ConvertEmptyStringsToNull->handle()
#44 C:/Users/Monami Sadhu/Music/🏫 Campus Lost & Found Portal – Authentication, CRUD, Search/vendor/laravel/framework/src/Illuminate/Foundation/Http/Middleware/TransformsRequest.php(21): Illuminate/Pipeline/Pipeline->{closure:{closure:Illuminate/Pipeline/Pipeline::carry():194}:195}()
#45 C:/Users/Monami Sadhu/Music/🏫 Campus Lost & Found Portal – Authentication, CRUD, Search/vendor/laravel/framework/src/Illuminate/Foundation/Http/Middleware/TrimStrings.php(51): Illuminate/Foundation/Http/Middleware/TransformsRequest->handle()
#46 C:/Users/Monami Sadhu/Music/🏫 Campus Lost & Found Portal – Authentication, CRUD, Search/vendor/laravel/framework/src/Illuminate/Pipeline/Pipeline.php(219): Illuminate/Foundation/Http/Middleware/TrimStrings->handle()
#47 C:/Users/Monami Sadhu/Music/🏫 Campus Lost & Found Portal – Authentication, CRUD, Search/vendor/laravel/framework/src/Illuminate/Http/Middleware/ValidatePostSize.php(27): Illuminate/Pipeline/Pipeline->{closure:{closure:Illuminate/Pipeline/Pipeline::carry():194}:195}()
#48 C:/Users/Monami Sadhu/Music/🏫 Campus Lost & Found Portal – Authentication, CRUD, Search/vendor/laravel/framework/src/Illuminate/Pipeline/Pipeline.php(219): Illuminate/Http/Middleware/ValidatePostSize->handle()
#49 C:/Users/Monami Sadhu/Music/🏫 Campus Lost & Found Portal – Authentication, CRUD, Search/vendor/laravel/framework/src/Illuminate/Foundation/Http/Middleware/PreventRequestsDuringMaintenance.php(109): Illuminate/Pipeline/Pipeline->{closure:{closure:Illuminate/Pipeline/Pipeline::carry():194}:195}()
#50 C:/Users/Monami Sadhu/Music/🏫 Campus Lost & Found Portal – Authentication, CRUD, Search/vendor/laravel/framework/src/Illuminate/Pipeline/Pipeline.php(219): Illuminate/Foundation/Http/Middleware/PreventRequestsDuringMaintenance->handle()
#51 C:/Users/Monami Sadhu/Music/🏫 Campus Lost & Found Portal – Authentication, CRUD, Search/vendor/laravel/framework/src/Illuminate/Http/Middleware/HandleCors.php(61): Illuminate/Pipeline/Pipeline->{closure:{closure:Illuminate/Pipeline/Pipeline::carry():194}:195}()
#52 C:/Users/Monami Sadhu/Music/🏫 Campus Lost & Found Portal – Authentication, CRUD, Search/vendor/laravel/framework/src/Illuminate/Pipeline/Pipeline.php(219): Illuminate/Http/Middleware/HandleCors->handle()
#53 C:/Users/Monami Sadhu/Music/🏫 Campus Lost & Found Portal – Authentication, CRUD, Search/vendor/laravel/framework/src/Illuminate/Http/Middleware/TrustProxies.php(58): Illuminate/Pipeline/Pipeline->{closure:{closure:Illuminate/Pipeline/Pipeline::carry():194}:195}()
#54 C:/Users/Monami Sadhu/Music/🏫 Campus Lost & Found Portal – Authentication, CRUD, Search/vendor/laravel/framework/src/Illuminate/Pipeline/Pipeline.php(219): Illuminate/Http/Middleware/TrustProxies->handle()
#55 C:/Users/Monami Sadhu/Music/🏫 Campus Lost & Found Portal – Authentication, CRUD, Search/vendor/laravel/framework/src/Illuminate/Foundation/Http/Middleware/InvokeDeferredCallbacks.php(22): Illuminate/Pipeline/Pipeline->{closure:{closure:Illuminate/Pipeline/Pipeline::carry():194}:195}()
#56 C:/Users/Monami Sadhu/Music/🏫 Campus Lost & Found Portal – Authentication, CRUD, Search/vendor/laravel/framework/src/Illuminate/Pipeline/Pipeline.php(219): Illuminate/Foundation/Http/Middleware/InvokeDeferredCallbacks->handle()
#57 C:/Users/Monami Sadhu/Music/🏫 Campus Lost & Found Portal – Authentication, CRUD, Search/vendor/laravel/framework/src/Illuminate/Http/Middleware/ValidatePathEncoding.php(26): Illuminate/Pipeline/Pipeline->{closure:{closure:Illuminate/Pipeline/Pipeline::carry():194}:195}()
#58 C:/Users/Monami Sadhu/Music/🏫 Campus Lost & Found Portal – Authentication, CRUD, Search/vendor/laravel/framework/src/Illuminate/Pipeline/Pipeline.php(219): Illuminate/Http/Middleware/ValidatePathEncoding->handle()
#59 C:/Users/Monami Sadhu/Music/🏫 Campus Lost & Found Portal – Authentication, CRUD, Search/vendor/laravel/framework/src/Illuminate/Pipeline/Pipeline.php(137): Illuminate/Pipeline/Pipeline->{closure:{closure:Illuminate/Pipeline/Pipeline::carry():194}:195}()
#60 C:/Users/Monami Sadhu/Music/🏫 Campus Lost & Found Portal – Authentication, CRUD, Search/vendor/laravel/framework/src/Illuminate/Foundation/Http/Kernel.php(175): Illuminate/Pipeline/Pipeline->then()
#61 C:/Users/Monami Sadhu/Music/🏫 Campus Lost & Found Portal – Authentication, CRUD, Search/vendor/laravel/framework/src/Illuminate/Foundation/Http/Kernel.php(144): Illuminate/Foundation/Http/Kernel->sendRequestThroughRouter()
#62 C:/Users/Monami Sadhu/Music/🏫 Campus Lost & Found Portal – Authentication, CRUD, Search/vendor/laravel/framework/src/Illuminate/Foundation/Testing/Concerns/MakesHttpRequests.php(607): Illuminate/Foundation/Http/Kernel->handle()
#63 C:/Users/Monami Sadhu/Music/🏫 Campus Lost & Found Portal – Authentication, CRUD, Search/vendor/laravel/framework/src/Illuminate/Foundation/Testing/Concerns/MakesHttpRequests.php(368): Illuminate/Foundation/Testing/TestCase->call()
#64 C:/Users/Monami Sadhu/Music/🏫 Campus Lost & Found Portal – Authentication, CRUD, Search/tests/Feature/HomePageTest.php(14): Illuminate/Foundation/Testing/TestCase->get()
#65 C:/Users/Monami Sadhu/Music/🏫 Campus Lost & Found Portal – Authentication, CRUD, Search/vendor/phpunit/phpunit/src/Framework/TestCase.php(1667): Tests/Feature/HomePageTest->test_home_page_is_accessible()
#66 C:/Users/Monami Sadhu/Music/🏫 Campus Lost & Found Portal – Authentication, CRUD, Search/vendor/phpunit/phpunit/src/Framework/TestCase.php(519): PHPUnit/Framework/TestCase->runTest()
#67 C:/Users/Monami Sadhu/Music/🏫 Campus Lost & Found Portal – Authentication, CRUD, Search/vendor/phpunit/phpunit/src/Framework/TestRunner/TestRunner.php(87): PHPUnit/Framework/TestCase->runBare()
#68 C:/Users/Monami Sadhu/Music/🏫 Campus Lost & Found Portal – Authentication, CRUD, Search/vendor/phpunit/phpunit/src/Framework/TestCase.php(365): PHPUnit/Framework/TestRunner->run()
#69 C:/Users/Monami Sadhu/Music/🏫 Campus Lost & Found Portal – Authentication, CRUD, Search/vendor/phpunit/phpunit/src/Framework/TestSuite.php(369): PHPUnit/Framework/TestCase->run()
#70 C:/Users/Monami Sadhu/Music/🏫 Campus Lost & Found Portal – Authentication, CRUD, Search/vendor/phpunit/phpunit/src/Framework/TestSuite.php(369): PHPUnit/Framework/TestSuite->run()
#71 C:/Users/Monami Sadhu/Music/🏫 Campus Lost & Found Portal – Authentication, CRUD, Search/vendor/phpunit/phpunit/src/Framework/TestSuite.php(369): PHPUnit/Framework/TestSuite->run()
#72 C:/Users/Monami Sadhu/Music/🏫 Campus Lost & Found Portal – Authentication, CRUD, Search/vendor/phpunit/phpunit/src/TextUI/TestRunner.php(64): PHPUnit/Framework/TestSuite->run()
#73 C:/Users/Monami Sadhu/Music/🏫 Campus Lost & Found Portal – Authentication, CRUD, Search/vendor/phpunit/phpunit/src/TextUI/Application.php(211): PHPUnit/TextUI/TestRunner->run()
#74 C:/Users/Monami Sadhu/Music/🏫 Campus Lost & Found Portal – Authentication, CRUD, Search/vendor/phpunit/phpunit/phpunit(104): PHPUnit/TextUI/Application->run()
#75 {main}
"} 
[2026-08-15 19:39:39] local.ERROR: Class "Route" not found (View: C:\Users\Monami Sadhu\Music\🏫 Campus Lost & Found Portal – Authentication, CRUD, Search\resources\views\auth\login.blade.php) {"exception":"[object] (Illuminate\\View\\ViewException(code: 0): Class \"Route\" not found (View: C:\\Users\\Monami Sadhu\\Music\\🏫 Campus Lost & Found Portal – Authentication, CRUD, Search\\resources\\views\\auth\\login.blade.php) at C:/Users/Monami Sadhu/Music/🏫 Campus Lost & Found Portal – Authentication, CRUD, Search/storage/framework/views/c43ad25ac26ec8c333a0a93a84553e61.php:87)
[stacktrace]
#0 C:/Users/Monami Sadhu/Music/🏫 Campus Lost & Found Portal – Authentication, CRUD, Search/vendor/laravel/framework/src/Illuminate/View/Engines/PhpEngine.php(59): Illuminate/View/Engines/CompilerEngine->handleViewException()
#1 C:/Users/Monami Sadhu/Music/🏫 Campus Lost & Found Portal – Authentication, CRUD, Search/vendor/laravel/framework/src/Illuminate/View/Engines/CompilerEngine.php(76): Illuminate/View/Engines/PhpEngine->evaluatePath()
#2 C:/Users/Monami Sadhu/Music/🏫 Campus Lost & Found Portal – Authentication, CRUD, Search/vendor/laravel/framework/src/Illuminate/View/View.php(208): Illuminate/View/Engines/CompilerEngine->get()
#3 C:/Users/Monami Sadhu/Music/🏫 Campus Lost & Found Portal – Authentication, CRUD, Search/vendor/laravel/framework/src/Illuminate/View/View.php(191): Illuminate/View/View->getContents()
#4 C:/Users/Monami Sadhu/Music/🏫 Campus Lost & Found Portal – Authentication, CRUD, Search/vendor/laravel/framework/src/Illuminate/View/View.php(160): Illuminate/View/View->renderContents()
#5 C:/Users/Monami Sadhu/Music/🏫 Campus Lost & Found Portal – Authentication, CRUD, Search/vendor/laravel/framework/src/Illuminate/Http/Response.php(78): Illuminate/View/View->render()
#6 C:/Users/Monami Sadhu/Music/🏫 Campus Lost & Found Portal – Authentication, CRUD, Search/vendor/laravel/framework/src/Illuminate/Http/Response.php(34): Illuminate/Http/Response->setContent()
#7 C:/Users/Monami Sadhu/Music/🏫 Campus Lost & Found Portal – Authentication, CRUD, Search/vendor/laravel/framework/src/Illuminate/Routing/Router.php(939): Illuminate/Http/Response->__construct()
#8 C:/Users/Monami Sadhu/Music/🏫 Campus Lost & Found Portal – Authentication, CRUD, Search/vendor/laravel/framework/src/Illuminate/Routing/Router.php(906): Illuminate/Routing/Router::toResponse()
#9 C:/Users/Monami Sadhu/Music/🏫 Campus Lost & Found Portal – Authentication, CRUD, Search/vendor/laravel/framework/src/Illuminate/Routing/Router.php(821): Illuminate/Routing/Router->prepareResponse()
#10 C:/Users/Monami Sadhu/Music/🏫 Campus Lost & Found Portal – Authentication, CRUD, Search/vendor/laravel/framework/src/Illuminate/Pipeline/Pipeline.php(180): Illuminate/Routing/Router->{closure:Illuminate/Routing/Router::runRouteWithinStack():821}()
#11 C:/Users/Monami Sadhu/Music/🏫 Campus Lost & Found Portal – Authentication, CRUD, Search/vendor/laravel/framework/src/Illuminate/Auth/Middleware/RedirectIfAuthenticated.php(47): Illuminate/Pipeline/Pipeline->{closure:Illuminate/Pipeline/Pipeline::prepareDestination():178}()
#12 C:/Users/Monami Sadhu/Music/🏫 Campus Lost & Found Portal – Authentication, CRUD, Search/vendor/laravel/framework/src/Illuminate/Pipeline/Pipeline.php(219): Illuminate/Auth/Middleware/RedirectIfAuthenticated->handle()
#13 C:/Users/Monami Sadhu/Music/🏫 Campus Lost & Found Portal – Authentication, CRUD, Search/vendor/laravel/framework/src/Illuminate/Routing/Middleware/SubstituteBindings.php(50): Illuminate/Pipeline/Pipeline->{closure:{closure:Illuminate/Pipeline/Pipeline::carry():194}:195}()
#14 C:/Users/Monami Sadhu/Music/🏫 Campus Lost & Found Portal – Authentication, CRUD, Search/vendor/laravel/framework/src/Illuminate/Pipeline/Pipeline.php(219): Illuminate/Routing/Middleware/SubstituteBindings->handle()
#15 C:/Users/Monami Sadhu/Music/🏫 Campus Lost & Found Portal – Authentication, CRUD, Search/vendor/laravel/framework/src/Illuminate/Foundation/Http/Middleware/VerifyCsrfToken.php(87): Illuminate/Pipeline/Pipeline->{closure:{closure:Illuminate/Pipeline/Pipeline::carry():194}:195}()
#16 C:/Users/Monami Sadhu/Music/🏫 Campus Lost & Found Portal – Authentication, CRUD, Search/vendor/laravel/framework/src/Illuminate/Pipeline/Pipeline.php(219): Illuminate/Foundation/Http/Middleware/VerifyCsrfToken->handle()
#17 C:/Users/Monami Sadhu/Music/🏫 Campus Lost & Found Portal – Authentication, CRUD, Search/vendor/laravel/framework/src/Illuminate/View/Middleware/ShareErrorsFromSession.php(48): Illuminate/Pipeline/Pipeline->{closure:{closure:Illuminate/Pipeline/Pipeline::carry():194}:195}()
#18 C:/Users/Monami Sadhu/Music/🏫 Campus Lost & Found Portal – Authentication, CRUD, Search/vendor/laravel/framework/src/Illuminate/Pipeline/Pipeline.php(219): Illuminate/View/Middleware/ShareErrorsFromSession->handle()
#19 C:/Users/Monami Sadhu/Music/🏫 Campus Lost & Found Portal – Authentication, CRUD, Search/vendor/laravel/framework/src/Illuminate/Session/Middleware/StartSession.php(120): Illuminate/Pipeline/Pipeline->{closure:{closure:Illuminate/Pipeline/Pipeline::carry():194}:195}()
#20 C:/Users/Monami Sadhu/Music/🏫 Campus Lost & Found Portal – Authentication, CRUD, Search/vendor/laravel/framework/src/Illuminate/Session/Middleware/StartSession.php(63): Illuminate/Session/Middleware/StartSession->handleStatefulRequest()
#21 C:/Users/Monami Sadhu/Music/🏫 Campus Lost & Found Portal – Authentication, CRUD, Search/vendor/laravel/framework/src/Illuminate/Pipeline/Pipeline.php(219): Illuminate/Session/Middleware/StartSession->handle()
#22 C:/Users/Monami Sadhu/Music/🏫 Campus Lost & Found Portal – Authentication, CRUD, Search/vendor/laravel/framework/src/Illuminate/Cookie/Middleware/AddQueuedCookiesToResponse.php(36): Illuminate/Pipeline/Pipeline->{closure:{closure:Illuminate/Pipeline/Pipeline::carry():194}:195}()
#23 C:/Users/Monami Sadhu/Music/🏫 Campus Lost & Found Portal – Authentication, CRUD, Search/vendor/laravel/framework/src/Illuminate/Pipeline/Pipeline.php(219): Illuminate/Cookie/Middleware/AddQueuedCookiesToResponse->handle()
#24 C:/Users/Monami Sadhu/Music/🏫 Campus Lost & Found Portal – Authentication, CRUD, Search/vendor/laravel/framework/src/Illuminate/Cookie/Middleware/EncryptCookies.php(74): Illuminate/Pipeline/Pipeline->{closure:{closure:Illuminate/Pipeline/Pipeline::carry():194}:195}()
#25 C:/Users/Monami Sadhu/Music/🏫 Campus Lost & Found Portal – Authentication, CRUD, Search/vendor/laravel/framework/src/Illuminate/Pipeline/Pipeline.php(219): Illuminate/Cookie/Middleware/EncryptCookies->handle()
#26 C:/Users/Monami Sadhu/Music/🏫 Campus Lost & Found Portal – Authentication, CRUD, Search/vendor/laravel/framework/src/Illuminate/Pipeline/Pipeline.php(137): Illuminate/Pipeline/Pipeline->{closure:{closure:Illuminate/Pipeline/Pipeline::carry():194}:195}()
#27 C:/Users/Monami Sadhu/Music/🏫 Campus Lost & Found Portal – Authentication, CRUD, Search/vendor/laravel/framework/src/Illuminate/Routing/Router.php(821): Illuminate/Pipeline/Pipeline->then()
#28 C:/Users/Monami Sadhu/Music/🏫 Campus Lost & Found Portal – Authentication, CRUD, Search/vendor/laravel/framework/src/Illuminate/Routing/Router.php(800): Illuminate/Routing/Router->runRouteWithinStack()
#29 C:/Users/Monami Sadhu/Music/🏫 Campus Lost & Found Portal – Authentication, CRUD, Search/vendor/laravel/framework/src/Illuminate/Routing/Router.php(764): Illuminate/Routing/Router->runRoute()
#30 C:/Users/Monami Sadhu/Music/🏫 Campus Lost & Found Portal – Authentication, CRUD, Search/vendor/laravel/framework/src/Illuminate/Routing/Router.php(753): Illuminate/Routing/Router->dispatchToRoute()
#31 C:/Users/Monami Sadhu/Music/🏫 Campus Lost & Found Portal – Authentication, CRUD, Search/vendor/laravel/framework/src/Illuminate/Foundation/Http/Kernel.php(200): Illuminate/Routing/Router->dispatch()
#32 C:/Users/Monami Sadhu/Music/🏫 Campus Lost & Found Portal – Authentication, CRUD, Search/vendor/laravel/framework/src/Illuminate/Pipeline/Pipeline.php(180): Illuminate/Foundation/Http/Kernel->{closure:Illuminate/Foundation/Http/Kernel::dispatchToRouter():197}()
#33 C:/Users/Monami Sadhu/Music/🏫 Campus Lost & Found Portal – Authentication, CRUD, Search/vendor/laravel/framework/src/Illuminate/Foundation/Http/Middleware/TransformsRequest.php(21): Illuminate/Pipeline/Pipeline->{closure:Illuminate/Pipeline/Pipeline::prepareDestination():178}()
#34 C:/Users/Monami Sadhu/Music/🏫 Campus Lost & Found Portal – Authentication, CRUD, Search/vendor/laravel/framework/src/Illuminate/Foundation/Http/Middleware/ConvertEmptyStringsToNull.php(31): Illuminate/Foundation/Http/Middleware/TransformsRequest->handle()
#35 C:/Users/Monami Sadhu/Music/🏫 Campus Lost & Found Portal – Authentication, CRUD, Search/vendor/laravel/framework/src/Illuminate/Pipeline/Pipeline.php(219): Illuminate/Foundation/Http/Middleware/ConvertEmptyStringsToNull->handle()
#36 C:/Users/Monami Sadhu/Music/🏫 Campus Lost & Found Portal – Authentication, CRUD, Search/vendor/laravel/framework/src/Illuminate/Foundation/Http/Middleware/TransformsRequest.php(21): Illuminate/Pipeline/Pipeline->{closure:{closure:Illuminate/Pipeline/Pipeline::carry():194}:195}()
#37 C:/Users/Monami Sadhu/Music/🏫 Campus Lost & Found Portal – Authentication, CRUD, Search/vendor/laravel/framework/src/Illuminate/Foundation/Http/Middleware/TrimStrings.php(51): Illuminate/Foundation/Http/Middleware/TransformsRequest->handle()
#38 C:/Users/Monami Sadhu/Music/🏫 Campus Lost & Found Portal – Authentication, CRUD, Search/vendor/laravel/framework/src/Illuminate/Pipeline/Pipeline.php(219): Illuminate/Foundation/Http/Middleware/TrimStrings->handle()
#39 C:/Users/Monami Sadhu/Music/🏫 Campus Lost & Found Portal – Authentication, CRUD, Search/vendor/laravel/framework/src/Illuminate/Http/Middleware/ValidatePostSize.php(27): Illuminate/Pipeline/Pipeline->{closure:{closure:Illuminate/Pipeline/Pipeline::carry():194}:195}()
#40 C:/Users/Monami Sadhu/Music/🏫 Campus Lost & Found Portal – Authentication, CRUD, Search/vendor/laravel/framework/src/Illuminate/Pipeline/Pipeline.php(219): Illuminate/Http/Middleware/ValidatePostSize->handle()
#41 C:/Users/Monami Sadhu/Music/🏫 Campus Lost & Found Portal – Authentication, CRUD, Search/vendor/laravel/framework/src/Illuminate/Foundation/Http/Middleware/PreventRequestsDuringMaintenance.php(109): Illuminate/Pipeline/Pipeline->{closure:{closure:Illuminate/Pipeline/Pipeline::carry():194}:195}()
#42 C:/Users/Monami Sadhu/Music/🏫 Campus Lost & Found Portal – Authentication, CRUD, Search/vendor/laravel/framework/src/Illuminate/Pipeline/Pipeline.php(219): Illuminate/Foundation/Http/Middleware/PreventRequestsDuringMaintenance->handle()
#43 C:/Users/Monami Sadhu/Music/🏫 Campus Lost & Found Portal – Authentication, CRUD, Search/vendor/laravel/framework/src/Illuminate/Http/Middleware/HandleCors.php(61): Illuminate/Pipeline/Pipeline->{closure:{closure:Illuminate/Pipeline/Pipeline::carry():194}:195}()
#44 C:/Users/Monami Sadhu/Music/🏫 Campus Lost & Found Portal – Authentication, CRUD, Search/vendor/laravel/framework/src/Illuminate/Pipeline/Pipeline.php(219): Illuminate/Http/Middleware/HandleCors->handle()
#45 C:/Users/Monami Sadhu/Music/🏫 Campus Lost & Found Portal – Authentication, CRUD, Search/vendor/laravel/framework/src/Illuminate/Http/Middleware/TrustProxies.php(58): Illuminate/Pipeline/Pipeline->{closure:{closure:Illuminate/Pipeline/Pipeline::carry():194}:195}()
#46 C:/Users/Monami Sadhu/Music/🏫 Campus Lost & Found Portal – Authentication, CRUD, Search/vendor/laravel/framework/src/Illuminate/Pipeline/Pipeline.php(219): Illuminate/Http/Middleware/TrustProxies->handle()
#47 C:/Users/Monami Sadhu/Music/🏫 Campus Lost & Found Portal – Authentication, CRUD, Search/vendor/laravel/framework/src/Illuminate/Foundation/Http/Middleware/InvokeDeferredCallbacks.php(22): Illuminate/Pipeline/Pipeline->{closure:{closure:Illuminate/Pipeline/Pipeline::carry():194}:195}()
#48 C:/Users/Monami Sadhu/Music/🏫 Campus Lost & Found Portal – Authentication, CRUD, Search/vendor/laravel/framework/src/Illuminate/Pipeline/Pipeline.php(219): Illuminate/Foundation/Http/Middleware/InvokeDeferredCallbacks->handle()
#49 C:/Users/Monami Sadhu/Music/🏫 Campus Lost & Found Portal – Authentication, CRUD, Search/vendor/laravel/framework/src/Illuminate/Http/Middleware/ValidatePathEncoding.php(26): Illuminate/Pipeline/Pipeline->{closure:{closure:Illuminate/Pipeline/Pipeline::carry():194}:195}()
#50 C:/Users/Monami Sadhu/Music/🏫 Campus Lost & Found Portal – Authentication, CRUD, Search/vendor/laravel/framework/src/Illuminate/Pipeline/Pipeline.php(219): Illuminate/Http/Middleware/ValidatePathEncoding->handle()
#51 C:/Users/Monami Sadhu/Music/🏫 Campus Lost & Found Portal – Authentication, CRUD, Search/vendor/laravel/framework/src/Illuminate/Pipeline/Pipeline.php(137): Illuminate/Pipeline/Pipeline->{closure:{closure:Illuminate/Pipeline/Pipeline::carry():194}:195}()
#52 C:/Users/Monami Sadhu/Music/🏫 Campus Lost & Found Portal – Authentication, CRUD, Search/vendor/laravel/framework/src/Illuminate/Foundation/Http/Kernel.php(175): Illuminate/Pipeline/Pipeline->then()
#53 C:/Users/Monami Sadhu/Music/🏫 Campus Lost & Found Portal – Authentication, CRUD, Search/vendor/laravel/framework/src/Illuminate/Foundation/Http/Kernel.php(144): Illuminate/Foundation/Http/Kernel->sendRequestThroughRouter()
#54 C:/Users/Monami Sadhu/Music/🏫 Campus Lost & Found Portal – Authentication, CRUD, Search/public/index.php(9): Illuminate/Foundation/Http/Kernel->handle()
#55 C:/Users/Monami Sadhu/Music/🏫 Campus Lost & Found Portal – Authentication, CRUD, Search/vendor/laravel/framework/src/Illuminate/Foundation/resources/server.php(23): require_once('...')
#56 {main}

[previous exception] [object] (Error(code: 0): Class \"Route\" not found at C:/Users/Monami Sadhu/Music/🏫 Campus Lost & Found Portal – Authentication, CRUD, Search/storage/framework/views/c43ad25ac26ec8c333a0a93a84553e61.php:87)
[stacktrace]
#0 C:/Users/Monami Sadhu/Music/🏫 Campus Lost & Found Portal – Authentication, CRUD, Search/vendor/laravel/framework/src/Illuminate/Filesystem/Filesystem.php(123): require()
#1 C:/Users/Monami Sadhu/Music/🏫 Campus Lost & Found Portal – Authentication, CRUD, Search/vendor/laravel/framework/src/Illuminate/Filesystem/Filesystem.php(124): Illuminate/Filesystem/Filesystem::{closure:Illuminate/Filesystem/Filesystem::getRequire():120}()
#2 C:/Users/Monami Sadhu/Music/🏫 Campus Lost & Found Portal – Authentication, CRUD, Search/vendor/laravel/framework/src/Illuminate/View/Engines/PhpEngine.php(57): Illuminate/Filesystem/Filesystem->getRequire()
#3 C:/Users/Monami Sadhu/Music/🏫 Campus Lost & Found Portal – Authentication, CRUD, Search/vendor/laravel/framework/src/Illuminate/View/Engines/CompilerEngine.php(76): Illuminate/View/Engines/PhpEngine->evaluatePath()
#4 C:/Users/Monami Sadhu/Music/🏫 Campus Lost & Found Portal – Authentication, CRUD, Search/vendor/laravel/framework/src/Illuminate/View/View.php(208): Illuminate/View/Engines/CompilerEngine->get()
#5 C:/Users/Monami Sadhu/Music/🏫 Campus Lost & Found Portal – Authentication, CRUD, Search/vendor/laravel/framework/src/Illuminate/View/View.php(191): Illuminate/View/View->getContents()
#6 C:/Users/Monami Sadhu/Music/🏫 Campus Lost & Found Portal – Authentication, CRUD, Search/vendor/laravel/framework/src/Illuminate/View/View.php(160): Illuminate/View/View->renderContents()
#7 C:/Users/Monami Sadhu/Music/🏫 Campus Lost & Found Portal – Authentication, CRUD, Search/vendor/laravel/framework/src/Illuminate/Http/Response.php(78): Illuminate/View/View->render()
#8 C:/Users/Monami Sadhu/Music/🏫 Campus Lost & Found Portal – Authentication, CRUD, Search/vendor/laravel/framework/src/Illuminate/Http/Response.php(34): Illuminate/Http/Response->setContent()
#9 C:/Users/Monami Sadhu/Music/🏫 Campus Lost & Found Portal – Authentication, CRUD, Search/vendor/laravel/framework/src/Illuminate/Routing/Router.php(939): Illuminate/Http/Response->__construct()
#10 C:/Users/Monami Sadhu/Music/🏫 Campus Lost & Found Portal – Authentication, CRUD, Search/vendor/laravel/framework/src/Illuminate/Routing/Router.php(906): Illuminate/Routing/Router::toResponse()
#11 C:/Users/Monami Sadhu/Music/🏫 Campus Lost & Found Portal – Authentication, CRUD, Search/vendor/laravel/framework/src/Illuminate/Routing/Router.php(821): Illuminate/Routing/Router->prepareResponse()
#12 C:/Users/Monami Sadhu/Music/🏫 Campus Lost & Found Portal – Authentication, CRUD, Search/vendor/laravel/framework/src/Illuminate/Pipeline/Pipeline.php(180): Illuminate/Routing/Router->{closure:Illuminate/Routing/Router::runRouteWithinStack():821}()
#13 C:/Users/Monami Sadhu/Music/🏫 Campus Lost & Found Portal – Authentication, CRUD, Search/vendor/laravel/framework/src/Illuminate/Auth/Middleware/RedirectIfAuthenticated.php(47): Illuminate/Pipeline/Pipeline->{closure:Illuminate/Pipeline/Pipeline::prepareDestination():178}()
#14 C:/Users/Monami Sadhu/Music/🏫 Campus Lost & Found Portal – Authentication, CRUD, Search/vendor/laravel/framework/src/Illuminate/Pipeline/Pipeline.php(219): Illuminate/Auth/Middleware/RedirectIfAuthenticated->handle()
#15 C:/Users/Monami Sadhu/Music/🏫 Campus Lost & Found Portal – Authentication, CRUD, Search/vendor/laravel/framework/src/Illuminate/Routing/Middleware/SubstituteBindings.php(50): Illuminate/Pipeline/Pipeline->{closure:{closure:Illuminate/Pipeline/Pipeline::carry():194}:195}()
#16 C:/Users/Monami Sadhu/Music/🏫 Campus Lost & Found Portal – Authentication, CRUD, Search/vendor/laravel/framework/src/Illuminate/Pipeline/Pipeline.php(219): Illuminate/Routing/Middleware/SubstituteBindings->handle()
#17 C:/Users/Monami Sadhu/Music/🏫 Campus Lost & Found Portal – Authentication, CRUD, Search/vendor/laravel/framework/src/Illuminate/Foundation/Http/Middleware/VerifyCsrfToken.php(87): Illuminate/Pipeline/Pipeline->{closure:{closure:Illuminate/Pipeline/Pipeline::carry():194}:195}()
#18 C:/Users/Monami Sadhu/Music/🏫 Campus Lost & Found Portal – Authentication, CRUD, Search/vendor/laravel/framework/src/Illuminate/Pipeline/Pipeline.php(219): Illuminate/Foundation/Http/Middleware/VerifyCsrfToken->handle()
#19 C:/Users/Monami Sadhu/Music/🏫 Campus Lost & Found Portal – Authentication, CRUD, Search/vendor/laravel/framework/src/Illuminate/View/Middleware/ShareErrorsFromSession.php(48): Illuminate/Pipeline/Pipeline->{closure:{closure:Illuminate/Pipeline/Pipeline::carry():194}:195}()
#20 C:/Users/Monami Sadhu/Music/🏫 Campus Lost & Found Portal – Authentication, CRUD, Search/vendor/laravel/framework/src/Illuminate/Pipeline/Pipeline.php(219): Illuminate/View/Middleware/ShareErrorsFromSession->handle()
#21 C:/Users/Monami Sadhu/Music/🏫 Campus Lost & Found Portal – Authentication, CRUD, Search/vendor/laravel/framework/src/Illuminate/Session/Middleware/StartSession.php(120): Illuminate/Pipeline/Pipeline->{closure:{closure:Illuminate/Pipeline/Pipeline::carry():194}:195}()
#22 C:/Users/Monami Sadhu/Music/🏫 Campus Lost & Found Portal – Authentication, CRUD, Search/vendor/laravel/framework/src/Illuminate/Session/Middleware/StartSession.php(63): Illuminate/Session/Middleware/StartSession->handleStatefulRequest()
#23 C:/Users/Monami Sadhu/Music/🏫 Campus Lost & Found Portal – Authentication, CRUD, Search/vendor/laravel/framework/src/Illuminate/Pipeline/Pipeline.php(219): Illuminate/Session/Middleware/StartSession->handle()
#24 C:/Users/Monami Sadhu/Music/🏫 Campus Lost & Found Portal – Authentication, CRUD, Search/vendor/laravel/framework/src/Illuminate/Cookie/Middleware/AddQueuedCookiesToResponse.php(36): Illuminate/Pipeline/Pipeline->{closure:{closure:Illuminate/Pipeline/Pipeline::carry():194}:195}()
#25 C:/Users/Monami Sadhu/Music/🏫 Campus Lost & Found Portal – Authentication, CRUD, Search/vendor/laravel/framework/src/Illuminate/Pipeline/Pipeline.php(219): Illuminate/Cookie/Middleware/AddQueuedCookiesToResponse->handle()
#26 C:/Users/Monami Sadhu/Music/🏫 Campus Lost & Found Portal – Authentication, CRUD, Search/vendor/laravel/framework/src/Illuminate/Cookie/Middleware/EncryptCookies.php(74): Illuminate/Pipeline/Pipeline->{closure:{closure:Illuminate/Pipeline/Pipeline::carry():194}:195}()
#27 C:/Users/Monami Sadhu/Music/🏫 Campus Lost & Found Portal – Authentication, CRUD, Search/vendor/laravel/framework/src/Illuminate/Pipeline/Pipeline.php(219): Illuminate/Cookie/Middleware/EncryptCookies->handle()
#28 C:/Users/Monami Sadhu/Music/🏫 Campus Lost & Found Portal – Authentication, CRUD, Search/vendor/laravel/framework/src/Illuminate/Pipeline/Pipeline.php(137): Illuminate/Pipeline/Pipeline->{closure:{closure:Illuminate/Pipeline/Pipeline::carry():194}:195}()
#29 C:/Users/Monami Sadhu/Music/🏫 Campus Lost & Found Portal – Authentication, CRUD, Search/vendor/laravel/framework/src/Illuminate/Routing/Router.php(821): Illuminate/Pipeline/Pipeline->then()
#30 C:/Users/Monami Sadhu/Music/🏫 Campus Lost & Found Portal – Authentication, CRUD, Search/vendor/laravel/framework/src/Illuminate/Routing/Router.php(800): Illuminate/Routing/Router->runRouteWithinStack()
#31 C:/Users/Monami Sadhu/Music/🏫 Campus Lost & Found Portal – Authentication, CRUD, Search/vendor/laravel/framework/src/Illuminate/Routing/Router.php(764): Illuminate/Routing/Router->runRoute()
#32 C:/Users/Monami Sadhu/Music/🏫 Campus Lost & Found Portal – Authentication, CRUD, Search/vendor/laravel/framework/src/Illuminate/Routing/Router.php(753): Illuminate/Routing/Router->dispatchToRoute()
#33 C:/Users/Monami Sadhu/Music/🏫 Campus Lost & Found Portal – Authentication, CRUD, Search/vendor/laravel/framework/src/Illuminate/Foundation/Http/Kernel.php(200): Illuminate/Routing/Router->dispatch()
#34 C:/Users/Monami Sadhu/Music/🏫 Campus Lost & Found Portal – Authentication, CRUD, Search/vendor/laravel/framework/src/Illuminate/Pipeline/Pipeline.php(180): Illuminate/Foundation/Http/Kernel->{closure:Illuminate/Foundation/Http/Kernel::dispatchToRouter():197}()
#35 C:/Users/Monami Sadhu/Music/🏫 Campus Lost & Found Portal – Authentication, CRUD, Search/vendor/laravel/framework/src/Illuminate/Foundation/Http/Middleware/TransformsRequest.php(21): Illuminate/Pipeline/Pipeline->{closure:Illuminate/Pipeline/Pipeline::prepareDestination():178}()
#36 C:/Users/Monami Sadhu/Music/🏫 Campus Lost & Found Portal – Authentication, CRUD, Search/vendor/laravel/framework/src/Illuminate/Foundation/Http/Middleware/ConvertEmptyStringsToNull.php(31): Illuminate/Foundation/Http/Middleware/TransformsRequest->handle()
#37 C:/Users/Monami Sadhu/Music/🏫 Campus Lost & Found Portal – Authentication, CRUD, Search/vendor/laravel/framework/src/Illuminate/Pipeline/Pipeline.php(219): Illuminate/Foundation/Http/Middleware/ConvertEmptyStringsToNull->handle()
#38 C:/Users/Monami Sadhu/Music/🏫 Campus Lost & Found Portal – Authentication, CRUD, Search/vendor/laravel/framework/src/Illuminate/Foundation/Http/Middleware/TransformsRequest.php(21): Illuminate/Pipeline/Pipeline->{closure:{closure:Illuminate/Pipeline/Pipeline::carry():194}:195}()
#39 C:/Users/Monami Sadhu/Music/🏫 Campus Lost & Found Portal – Authentication, CRUD, Search/vendor/laravel/framework/src/Illuminate/Foundation/Http/Middleware/TrimStrings.php(51): Illuminate/Foundation/Http/Middleware/TransformsRequest->handle()
#40 C:/Users/Monami Sadhu/Music/🏫 Campus Lost & Found Portal – Authentication, CRUD, Search/vendor/laravel/framework/src/Illuminate/Pipeline/Pipeline.php(219): Illuminate/Foundation/Http/Middleware/TrimStrings->handle()
#41 C:/Users/Monami Sadhu/Music/🏫 Campus Lost & Found Portal – Authentication, CRUD, Search/vendor/laravel/framework/src/Illuminate/Http/Middleware/ValidatePostSize.php(27): Illuminate/Pipeline/Pipeline->{closure:{closure:Illuminate/Pipeline/Pipeline::carry():194}:195}()
#42 C:/Users/Monami Sadhu/Music/🏫 Campus Lost & Found Portal – Authentication, CRUD, Search/vendor/laravel/framework/src/Illuminate/Pipeline/Pipeline.php(219): Illuminate/Http/Middleware/ValidatePostSize->handle()
#43 C:/Users/Monami Sadhu/Music/🏫 Campus Lost & Found Portal – Authentication, CRUD, Search/vendor/laravel/framework/src/Illuminate/Foundation/Http/Middleware/PreventRequestsDuringMaintenance.php(109): Illuminate/Pipeline/Pipeline->{closure:{closure:Illuminate/Pipeline/Pipeline::carry():194}:195}()
#44 C:/Users/Monami Sadhu/Music/🏫 Campus Lost & Found Portal – Authentication, CRUD, Search/vendor/laravel/framework/src/Illuminate/Pipeline/Pipeline.php(219): Illuminate/Foundation/Http/Middleware/PreventRequestsDuringMaintenance->handle()
#45 C:/Users/Monami Sadhu/Music/🏫 Campus Lost & Found Portal – Authentication, CRUD, Search/vendor/laravel/framework/src/Illuminate/Http/Middleware/HandleCors.php(61): Illuminate/Pipeline/Pipeline->{closure:{closure:Illuminate/Pipeline/Pipeline::carry():194}:195}()
#46 C:/Users/Monami Sadhu/Music/🏫 Campus Lost & Found Portal – Authentication, CRUD, Search/vendor/laravel/framework/src/Illuminate/Pipeline/Pipeline.php(219): Illuminate/Http/Middleware/HandleCors->handle()
#47 C:/Users/Monami Sadhu/Music/🏫 Campus Lost & Found Portal – Authentication, CRUD, Search/vendor/laravel/framework/src/Illuminate/Http/Middleware/TrustProxies.php(58): Illuminate/Pipeline/Pipeline->{closure:{closure:Illuminate/Pipeline/Pipeline::carry():194}:195}()
#48 C:/Users/Monami Sadhu/Music/🏫 Campus Lost & Found Portal – Authentication, CRUD, Search/vendor/laravel/framework/src/Illuminate/Pipeline/Pipeline.php(219): Illuminate/Http/Middleware/TrustProxies->handle()
#49 C:/Users/Monami Sadhu/Music/🏫 Campus Lost & Found Portal – Authentication, CRUD, Search/vendor/laravel/framework/src/Illuminate/Foundation/Http/Middleware/InvokeDeferredCallbacks.php(22): Illuminate/Pipeline/Pipeline->{closure:{closure:Illuminate/Pipeline/Pipeline::carry():194}:195}()
#50 C:/Users/Monami Sadhu/Music/🏫 Campus Lost & Found Portal – Authentication, CRUD, Search/vendor/laravel/framework/src/Illuminate/Pipeline/Pipeline.php(219): Illuminate/Foundation/Http/Middleware/InvokeDeferredCallbacks->handle()
#51 C:/Users/Monami Sadhu/Music/🏫 Campus Lost & Found Portal – Authentication, CRUD, Search/vendor/laravel/framework/src/Illuminate/Http/Middleware/ValidatePathEncoding.php(26): Illuminate/Pipeline/Pipeline->{closure:{closure:Illuminate/Pipeline/Pipeline::carry():194}:195}()
#52 C:/Users/Monami Sadhu/Music/🏫 Campus Lost & Found Portal – Authentication, CRUD, Search/vendor/laravel/framework/src/Illuminate/Pipeline/Pipeline.php(219): Illuminate/Http/Middleware/ValidatePathEncoding->handle()
#53 C:/Users/Monami Sadhu/Music/🏫 Campus Lost & Found Portal – Authentication, CRUD, Search/vendor/laravel/framework/src/Illuminate/Pipeline/Pipeline.php(137): Illuminate/Pipeline/Pipeline->{closure:{closure:Illuminate/Pipeline/Pipeline::carry():194}:195}()
#54 C:/Users/Monami Sadhu/Music/🏫 Campus Lost & Found Portal – Authentication, CRUD, Search/vendor/laravel/framework/src/Illuminate/Foundation/Http/Kernel.php(175): Illuminate/Pipeline/Pipeline->then()
#55 C:/Users/Monami Sadhu/Music/🏫 Campus Lost & Found Portal – Authentication, CRUD, Search/vendor/laravel/framework/src/Illuminate/Foundation/Http/Kernel.php(144): Illuminate/Foundation/Http/Kernel->sendRequestThroughRouter()
#56 C:/Users/Monami Sadhu/Music/🏫 Campus Lost & Found Portal – Authentication, CRUD, Search/public/index.php(9): Illuminate/Foundation/Http/Kernel->handle()
#57 C:/Users/Monami Sadhu/Music/🏫 Campus Lost & Found Portal – Authentication, CRUD, Search/vendor/laravel/framework/src/Illuminate/Foundation/resources/server.php(23): require_once('...')
#58 {main}
"} 
[2026-08-15 19:39:41] local.ERROR: Class "Route" not found (View: C:\Users\Monami Sadhu\Music\🏫 Campus Lost & Found Portal – Authentication, CRUD, Search\resources\views\auth\login.blade.php) {"exception":"[object] (Illuminate\\View\\ViewException(code: 0): Class \"Route\" not found (View: C:\\Users\\Monami Sadhu\\Music\\🏫 Campus Lost & Found Portal – Authentication, CRUD, Search\\resources\\views\\auth\\login.blade.php) at C:/Users/Monami Sadhu/Music/🏫 Campus Lost & Found Portal – Authentication, CRUD, Search/storage/framework/views/c43ad25ac26ec8c333a0a93a84553e61.php:87)
[stacktrace]
#0 C:/Users/Monami Sadhu/Music/🏫 Campus Lost & Found Portal – Authentication, CRUD, Search/vendor/laravel/framework/src/Illuminate/View/Engines/PhpEngine.php(59): Illuminate/View/Engines/CompilerEngine->handleViewException()
#1 C:/Users/Monami Sadhu/Music/🏫 Campus Lost & Found Portal – Authentication, CRUD, Search/vendor/laravel/framework/src/Illuminate/View/Engines/CompilerEngine.php(76): Illuminate/View/Engines/PhpEngine->evaluatePath()
#2 C:/Users/Monami Sadhu/Music/🏫 Campus Lost & Found Portal – Authentication, CRUD, Search/vendor/laravel/framework/src/Illuminate/View/View.php(208): Illuminate/View/Engines/CompilerEngine->get()
#3 C:/Users/Monami Sadhu/Music/🏫 Campus Lost & Found Portal – Authentication, CRUD, Search/vendor/laravel/framework/src/Illuminate/View/View.php(191): Illuminate/View/View->getContents()
#4 C:/Users/Monami Sadhu/Music/🏫 Campus Lost & Found Portal – Authentication, CRUD, Search/vendor/laravel/framework/src/Illuminate/View/View.php(160): Illuminate/View/View->renderContents()
#5 C:/Users/Monami Sadhu/Music/🏫 Campus Lost & Found Portal – Authentication, CRUD, Search/vendor/laravel/framework/src/Illuminate/Http/Response.php(78): Illuminate/View/View->render()
#6 C:/Users/Monami Sadhu/Music/🏫 Campus Lost & Found Portal – Authentication, CRUD, Search/vendor/laravel/framework/src/Illuminate/Http/Response.php(34): Illuminate/Http/Response->setContent()
#7 C:/Users/Monami Sadhu/Music/🏫 Campus Lost & Found Portal – Authentication, CRUD, Search/vendor/laravel/framework/src/Illuminate/Routing/Router.php(939): Illuminate/Http/Response->__construct()
#8 C:/Users/Monami Sadhu/Music/🏫 Campus Lost & Found Portal – Authentication, CRUD, Search/vendor/laravel/framework/src/Illuminate/Routing/Router.php(906): Illuminate/Routing/Router::toResponse()
#9 C:/Users/Monami Sadhu/Music/🏫 Campus Lost & Found Portal – Authentication, CRUD, Search/vendor/laravel/framework/src/Illuminate/Routing/Router.php(821): Illuminate/Routing/Router->prepareResponse()
#10 C:/Users/Monami Sadhu/Music/🏫 Campus Lost & Found Portal – Authentication, CRUD, Search/vendor/laravel/framework/src/Illuminate/Pipeline/Pipeline.php(180): Illuminate/Routing/Router->{closure:Illuminate/Routing/Router::runRouteWithinStack():821}()
#11 C:/Users/Monami Sadhu/Music/🏫 Campus Lost & Found Portal – Authentication, CRUD, Search/vendor/laravel/framework/src/Illuminate/Auth/Middleware/RedirectIfAuthenticated.php(47): Illuminate/Pipeline/Pipeline->{closure:Illuminate/Pipeline/Pipeline::prepareDestination():178}()
#12 C:/Users/Monami Sadhu/Music/🏫 Campus Lost & Found Portal – Authentication, CRUD, Search/vendor/laravel/framework/src/Illuminate/Pipeline/Pipeline.php(219): Illuminate/Auth/Middleware/RedirectIfAuthenticated->handle()
#13 C:/Users/Monami Sadhu/Music/🏫 Campus Lost & Found Portal – Authentication, CRUD, Search/vendor/laravel/framework/src/Illuminate/Routing/Middleware/SubstituteBindings.php(50): Illuminate/Pipeline/Pipeline->{closure:{closure:Illuminate/Pipeline/Pipeline::carry():194}:195}()
#14 C:/Users/Monami Sadhu/Music/🏫 Campus Lost & Found Portal – Authentication, CRUD, Search/vendor/laravel/framework/src/Illuminate/Pipeline/Pipeline.php(219): Illuminate/Routing/Middleware/SubstituteBindings->handle()
#15 C:/Users/Monami Sadhu/Music/🏫 Campus Lost & Found Portal – Authentication, CRUD, Search/vendor/laravel/framework/src/Illuminate/Foundation/Http/Middleware/VerifyCsrfToken.php(87): Illuminate/Pipeline/Pipeline->{closure:{closure:Illuminate/Pipeline/Pipeline::carry():194}:195}()
#16 C:/Users/Monami Sadhu/Music/🏫 Campus Lost & Found Portal – Authentication, CRUD, Search/vendor/laravel/framework/src/Illuminate/Pipeline/Pipeline.php(219): Illuminate/Foundation/Http/Middleware/VerifyCsrfToken->handle()
#17 C:/Users/Monami Sadhu/Music/🏫 Campus Lost & Found Portal – Authentication, CRUD, Search/vendor/laravel/framework/src/Illuminate/View/Middleware/ShareErrorsFromSession.php(48): Illuminate/Pipeline/Pipeline->{closure:{closure:Illuminate/Pipeline/Pipeline::carry():194}:195}()
#18 C:/Users/Monami Sadhu/Music/🏫 Campus Lost & Found Portal – Authentication, CRUD, Search/vendor/laravel/framework/src/Illuminate/Pipeline/Pipeline.php(219): Illuminate/View/Middleware/ShareErrorsFromSession->handle()
#19 C:/Users/Monami Sadhu/Music/🏫 Campus Lost & Found Portal – Authentication, CRUD, Search/vendor/laravel/framework/src/Illuminate/Session/Middleware/StartSession.php(120): Illuminate/Pipeline/Pipeline->{closure:{closure:Illuminate/Pipeline/Pipeline::carry():194}:195}()
#20 C:/Users/Monami Sadhu/Music/🏫 Campus Lost & Found Portal – Authentication, CRUD, Search/vendor/laravel/framework/src/Illuminate/Session/Middleware/StartSession.php(63): Illuminate/Session/Middleware/StartSession->handleStatefulRequest()
#21 C:/Users/Monami Sadhu/Music/🏫 Campus Lost & Found Portal – Authentication, CRUD, Search/vendor/laravel/framework/src/Illuminate/Pipeline/Pipeline.php(219): Illuminate/Session/Middleware/StartSession->handle()
#22 C:/Users/Monami Sadhu/Music/🏫 Campus Lost & Found Portal – Authentication, CRUD, Search/vendor/laravel/framework/src/Illuminate/Cookie/Middleware/AddQueuedCookiesToResponse.php(36): Illuminate/Pipeline/Pipeline->{closure:{closure:Illuminate/Pipeline/Pipeline::carry():194}:195}()
#23 C:/Users/Monami Sadhu/Music/🏫 Campus Lost & Found Portal – Authentication, CRUD, Search/vendor/laravel/framework/src/Illuminate/Pipeline/Pipeline.php(219): Illuminate/Cookie/Middleware/AddQueuedCookiesToResponse->handle()
#24 C:/Users/Monami Sadhu/Music/🏫 Campus Lost & Found Portal – Authentication, CRUD, Search/vendor/laravel/framework/src/Illuminate/Cookie/Middleware/EncryptCookies.php(74): Illuminate/Pipeline/Pipeline->{closure:{closure:Illuminate/Pipeline/Pipeline::carry():194}:195}()
#25 C:/Users/Monami Sadhu/Music/🏫 Campus Lost & Found Portal – Authentication, CRUD, Search/vendor/laravel/framework/src/Illuminate/Pipeline/Pipeline.php(219): Illuminate/Cookie/Middleware/EncryptCookies->handle()
#26 C:/Users/Monami Sadhu/Music/🏫 Campus Lost & Found Portal – Authentication, CRUD, Search/vendor/laravel/framework/src/Illuminate/Pipeline/Pipeline.php(137): Illuminate/Pipeline/Pipeline->{closure:{closure:Illuminate/Pipeline/Pipeline::carry():194}:195}()
#27 C:/Users/Monami Sadhu/Music/🏫 Campus Lost & Found Portal – Authentication, CRUD, Search/vendor/laravel/framework/src/Illuminate/Routing/Router.php(821): Illuminate/Pipeline/Pipeline->then()
#28 C:/Users/Monami Sadhu/Music/🏫 Campus Lost & Found Portal – Authentication, CRUD, Search/vendor/laravel/framework/src/Illuminate/Routing/Router.php(800): Illuminate/Routing/Router->runRouteWithinStack()
#29 C:/Users/Monami Sadhu/Music/🏫 Campus Lost & Found Portal – Authentication, CRUD, Search/vendor/laravel/framework/src/Illuminate/Routing/Router.php(764): Illuminate/Routing/Router->runRoute()
#30 C:/Users/Monami Sadhu/Music/🏫 Campus Lost & Found Portal – Authentication, CRUD, Search/vendor/laravel/framework/src/Illuminate/Routing/Router.php(753): Illuminate/Routing/Router->dispatchToRoute()
#31 C:/Users/Monami Sadhu/Music/🏫 Campus Lost & Found Portal – Authentication, CRUD, Search/vendor/laravel/framework/src/Illuminate/Foundation/Http/Kernel.php(200): Illuminate/Routing/Router->dispatch()
#32 C:/Users/Monami Sadhu/Music/🏫 Campus Lost & Found Portal – Authentication, CRUD, Search/vendor/laravel/framework/src/Illuminate/Pipeline/Pipeline.php(180): Illuminate/Foundation/Http/Kernel->{closure:Illuminate/Foundation/Http/Kernel::dispatchToRouter():197}()
#33 C:/Users/Monami Sadhu/Music/🏫 Campus Lost & Found Portal – Authentication, CRUD, Search/vendor/laravel/framework/src/Illuminate/Foundation/Http/Middleware/TransformsRequest.php(21): Illuminate/Pipeline/Pipeline->{closure:Illuminate/Pipeline/Pipeline::prepareDestination():178}()
#34 C:/Users/Monami Sadhu/Music/🏫 Campus Lost & Found Portal – Authentication, CRUD, Search/vendor/laravel/framework/src/Illuminate/Foundation/Http/Middleware/ConvertEmptyStringsToNull.php(31): Illuminate/Foundation/Http/Middleware/TransformsRequest->handle()
#35 C:/Users/Monami Sadhu/Music/🏫 Campus Lost & Found Portal – Authentication, CRUD, Search/vendor/laravel/framework/src/Illuminate/Pipeline/Pipeline.php(219): Illuminate/Foundation/Http/Middleware/ConvertEmptyStringsToNull->handle()
#36 C:/Users/Monami Sadhu/Music/🏫 Campus Lost & Found Portal – Authentication, CRUD, Search/vendor/laravel/framework/src/Illuminate/Foundation/Http/Middleware/TransformsRequest.php(21): Illuminate/Pipeline/Pipeline->{closure:{closure:Illuminate/Pipeline/Pipeline::carry():194}:195}()
#37 C:/Users/Monami Sadhu/Music/🏫 Campus Lost & Found Portal – Authentication, CRUD, Search/vendor/laravel/framework/src/Illuminate/Foundation/Http/Middleware/TrimStrings.php(51): Illuminate/Foundation/Http/Middleware/TransformsRequest->handle()
#38 C:/Users/Monami Sadhu/Music/🏫 Campus Lost & Found Portal – Authentication, CRUD, Search/vendor/laravel/framework/src/Illuminate/Pipeline/Pipeline.php(219): Illuminate/Foundation/Http/Middleware/TrimStrings->handle()
#39 C:/Users/Monami Sadhu/Music/🏫 Campus Lost & Found Portal – Authentication, CRUD, Search/vendor/laravel/framework/src/Illuminate/Http/Middleware/ValidatePostSize.php(27): Illuminate/Pipeline/Pipeline->{closure:{closure:Illuminate/Pipeline/Pipeline::carry():194}:195}()
#40 C:/Users/Monami Sadhu/Music/🏫 Campus Lost & Found Portal – Authentication, CRUD, Search/vendor/laravel/framework/src/Illuminate/Pipeline/Pipeline.php(219): Illuminate/Http/Middleware/ValidatePostSize->handle()
#41 C:/Users/Monami Sadhu/Music/🏫 Campus Lost & Found Portal – Authentication, CRUD, Search/vendor/laravel/framework/src/Illuminate/Foundation/Http/Middleware/PreventRequestsDuringMaintenance.php(109): Illuminate/Pipeline/Pipeline->{closure:{closure:Illuminate/Pipeline/Pipeline::carry():194}:195}()
#42 C:/Users/Monami Sadhu/Music/🏫 Campus Lost & Found Portal – Authentication, CRUD, Search/vendor/laravel/framework/src/Illuminate/Pipeline/Pipeline.php(219): Illuminate/Foundation/Http/Middleware/PreventRequestsDuringMaintenance->handle()
#43 C:/Users/Monami Sadhu/Music/🏫 Campus Lost & Found Portal – Authentication, CRUD, Search/vendor/laravel/framework/src/Illuminate/Http/Middleware/HandleCors.php(61): Illuminate/Pipeline/Pipeline->{closure:{closure:Illuminate/Pipeline/Pipeline::carry():194}:195}()
#44 C:/Users/Monami Sadhu/Music/🏫 Campus Lost & Found Portal – Authentication, CRUD, Search/vendor/laravel/framework/src/Illuminate/Pipeline/Pipeline.php(219): Illuminate/Http/Middleware/HandleCors->handle()
#45 C:/Users/Monami Sadhu/Music/🏫 Campus Lost & Found Portal – Authentication, CRUD, Search/vendor/laravel/framework/src/Illuminate/Http/Middleware/TrustProxies.php(58): Illuminate/Pipeline/Pipeline->{closure:{closure:Illuminate/Pipeline/Pipeline::carry():194}:195}()
#46 C:/Users/Monami Sadhu/Music/🏫 Campus Lost & Found Portal – Authentication, CRUD, Search/vendor/laravel/framework/src/Illuminate/Pipeline/Pipeline.php(219): Illuminate/Http/Middleware/TrustProxies->handle()
#47 C:/Users/Monami Sadhu/Music/🏫 Campus Lost & Found Portal – Authentication, CRUD, Search/vendor/laravel/framework/src/Illuminate/Foundation/Http/Middleware/InvokeDeferredCallbacks.php(22): Illuminate/Pipeline/Pipeline->{closure:{closure:Illuminate/Pipeline/Pipeline::carry():194}:195}()
#48 C:/Users/Monami Sadhu/Music/🏫 Campus Lost & Found Portal – Authentication, CRUD, Search/vendor/laravel/framework/src/Illuminate/Pipeline/Pipeline.php(219): Illuminate/Foundation/Http/Middleware/InvokeDeferredCallbacks->handle()
#49 C:/Users/Monami Sadhu/Music/🏫 Campus Lost & Found Portal – Authentication, CRUD, Search/vendor/laravel/framework/src/Illuminate/Http/Middleware/ValidatePathEncoding.php(26): Illuminate/Pipeline/Pipeline->{closure:{closure:Illuminate/Pipeline/Pipeline::carry():194}:195}()
#50 C:/Users/Monami Sadhu/Music/🏫 Campus Lost & Found Portal – Authentication, CRUD, Search/vendor/laravel/framework/src/Illuminate/Pipeline/Pipeline.php(219): Illuminate/Http/Middleware/ValidatePathEncoding->handle()
#51 C:/Users/Monami Sadhu/Music/🏫 Campus Lost & Found Portal – Authentication, CRUD, Search/vendor/laravel/framework/src/Illuminate/Pipeline/Pipeline.php(137): Illuminate/Pipeline/Pipeline->{closure:{closure:Illuminate/Pipeline/Pipeline::carry():194}:195}()
#52 C:/Users/Monami Sadhu/Music/🏫 Campus Lost & Found Portal – Authentication, CRUD, Search/vendor/laravel/framework/src/Illuminate/Foundation/Http/Kernel.php(175): Illuminate/Pipeline/Pipeline->then()
#53 C:/Users/Monami Sadhu/Music/🏫 Campus Lost & Found Portal – Authentication, CRUD, Search/vendor/laravel/framework/src/Illuminate/Foundation/Http/Kernel.php(144): Illuminate/Foundation/Http/Kernel->sendRequestThroughRouter()
#54 C:/Users/Monami Sadhu/Music/🏫 Campus Lost & Found Portal – Authentication, CRUD, Search/public/index.php(9): Illuminate/Foundation/Http/Kernel->handle()
#55 C:/Users/Monami Sadhu/Music/🏫 Campus Lost & Found Portal – Authentication, CRUD, Search/vendor/laravel/framework/src/Illuminate/Foundation/resources/server.php(23): require_once('...')
#56 {main}

[previous exception] [object] (Error(code: 0): Class \"Route\" not found at C:/Users/Monami Sadhu/Music/🏫 Campus Lost & Found Portal – Authentication, CRUD, Search/storage/framework/views/c43ad25ac26ec8c333a0a93a84553e61.php:87)
[stacktrace]
#0 C:/Users/Monami Sadhu/Music/🏫 Campus Lost & Found Portal – Authentication, CRUD, Search/vendor/laravel/framework/src/Illuminate/Filesystem/Filesystem.php(123): require()
#1 C:/Users/Monami Sadhu/Music/🏫 Campus Lost & Found Portal – Authentication, CRUD, Search/vendor/laravel/framework/src/Illuminate/Filesystem/Filesystem.php(124): Illuminate/Filesystem/Filesystem::{closure:Illuminate/Filesystem/Filesystem::getRequire():120}()
#2 C:/Users/Monami Sadhu/Music/🏫 Campus Lost & Found Portal – Authentication, CRUD, Search/vendor/laravel/framework/src/Illuminate/View/Engines/PhpEngine.php(57): Illuminate/Filesystem/Filesystem->getRequire()
#3 C:/Users/Monami Sadhu/Music/🏫 Campus Lost & Found Portal – Authentication, CRUD, Search/vendor/laravel/framework/src/Illuminate/View/Engines/CompilerEngine.php(76): Illuminate/View/Engines/PhpEngine->evaluatePath()
#4 C:/Users/Monami Sadhu/Music/🏫 Campus Lost & Found Portal – Authentication, CRUD, Search/vendor/laravel/framework/src/Illuminate/View/View.php(208): Illuminate/View/Engines/CompilerEngine->get()
#5 C:/Users/Monami Sadhu/Music/🏫 Campus Lost & Found Portal – Authentication, CRUD, Search/vendor/laravel/framework/src/Illuminate/View/View.php(191): Illuminate/View/View->getContents()
#6 C:/Users/Monami Sadhu/Music/🏫 Campus Lost & Found Portal – Authentication, CRUD, Search/vendor/laravel/framework/src/Illuminate/View/View.php(160): Illuminate/View/View->renderContents()
#7 C:/Users/Monami Sadhu/Music/🏫 Campus Lost & Found Portal – Authentication, CRUD, Search/vendor/laravel/framework/src/Illuminate/Http/Response.php(78): Illuminate/View/View->render()
#8 C:/Users/Monami Sadhu/Music/🏫 Campus Lost & Found Portal – Authentication, CRUD, Search/vendor/laravel/framework/src/Illuminate/Http/Response.php(34): Illuminate/Http/Response->setContent()
#9 C:/Users/Monami Sadhu/Music/🏫 Campus Lost & Found Portal – Authentication, CRUD, Search/vendor/laravel/framework/src/Illuminate/Routing/Router.php(939): Illuminate/Http/Response->__construct()
#10 C:/Users/Monami Sadhu/Music/🏫 Campus Lost & Found Portal – Authentication, CRUD, Search/vendor/laravel/framework/src/Illuminate/Routing/Router.php(906): Illuminate/Routing/Router::toResponse()
#11 C:/Users/Monami Sadhu/Music/🏫 Campus Lost & Found Portal – Authentication, CRUD, Search/vendor/laravel/framework/src/Illuminate/Routing/Router.php(821): Illuminate/Routing/Router->prepareResponse()
#12 C:/Users/Monami Sadhu/Music/🏫 Campus Lost & Found Portal – Authentication, CRUD, Search/vendor/laravel/framework/src/Illuminate/Pipeline/Pipeline.php(180): Illuminate/Routing/Router->{closure:Illuminate/Routing/Router::runRouteWithinStack():821}()
#13 C:/Users/Monami Sadhu/Music/🏫 Campus Lost & Found Portal – Authentication, CRUD, Search/vendor/laravel/framework/src/Illuminate/Auth/Middleware/RedirectIfAuthenticated.php(47): Illuminate/Pipeline/Pipeline->{closure:Illuminate/Pipeline/Pipeline::prepareDestination():178}()
#14 C:/Users/Monami Sadhu/Music/🏫 Campus Lost & Found Portal – Authentication, CRUD, Search/vendor/laravel/framework/src/Illuminate/Pipeline/Pipeline.php(219): Illuminate/Auth/Middleware/RedirectIfAuthenticated->handle()
#15 C:/Users/Monami Sadhu/Music/🏫 Campus Lost & Found Portal – Authentication, CRUD, Search/vendor/laravel/framework/src/Illuminate/Routing/Middleware/SubstituteBindings.php(50): Illuminate/Pipeline/Pipeline->{closure:{closure:Illuminate/Pipeline/Pipeline::carry():194}:195}()
#16 C:/Users/Monami Sadhu/Music/🏫 Campus Lost & Found Portal – Authentication, CRUD, Search/vendor/laravel/framework/src/Illuminate/Pipeline/Pipeline.php(219): Illuminate/Routing/Middleware/SubstituteBindings->handle()
#17 C:/Users/Monami Sadhu/Music/🏫 Campus Lost & Found Portal – Authentication, CRUD, Search/vendor/laravel/framework/src/Illuminate/Foundation/Http/Middleware/VerifyCsrfToken.php(87): Illuminate/Pipeline/Pipeline->{closure:{closure:Illuminate/Pipeline/Pipeline::carry():194}:195}()
#18 C:/Users/Monami Sadhu/Music/🏫 Campus Lost & Found Portal – Authentication, CRUD, Search/vendor/laravel/framework/src/Illuminate/Pipeline/Pipeline.php(219): Illuminate/Foundation/Http/Middleware/VerifyCsrfToken->handle()
#19 C:/Users/Monami Sadhu/Music/🏫 Campus Lost & Found Portal – Authentication, CRUD, Search/vendor/laravel/framework/src/Illuminate/View/Middleware/ShareErrorsFromSession.php(48): Illuminate/Pipeline/Pipeline->{closure:{closure:Illuminate/Pipeline/Pipeline::carry():194}:195}()
#20 C:/Users/Monami Sadhu/Music/🏫 Campus Lost & Found Portal – Authentication, CRUD, Search/vendor/laravel/framework/src/Illuminate/Pipeline/Pipeline.php(219): Illuminate/View/Middleware/ShareErrorsFromSession->handle()
#21 C:/Users/Monami Sadhu/Music/🏫 Campus Lost & Found Portal – Authentication, CRUD, Search/vendor/laravel/framework/src/Illuminate/Session/Middleware/StartSession.php(120): Illuminate/Pipeline/Pipeline->{closure:{closure:Illuminate/Pipeline/Pipeline::carry():194}:195}()
#22 C:/Users/Monami Sadhu/Music/🏫 Campus Lost & Found Portal – Authentication, CRUD, Search/vendor/laravel/framework/src/Illuminate/Session/Middleware/StartSession.php(63): Illuminate/Session/Middleware/StartSession->handleStatefulRequest()
#23 C:/Users/Monami Sadhu/Music/🏫 Campus Lost & Found Portal – Authentication, CRUD, Search/vendor/laravel/framework/src/Illuminate/Pipeline/Pipeline.php(219): Illuminate/Session/Middleware/StartSession->handle()
#24 C:/Users/Monami Sadhu/Music/🏫 Campus Lost & Found Portal – Authentication, CRUD, Search/vendor/laravel/framework/src/Illuminate/Cookie/Middleware/AddQueuedCookiesToResponse.php(36): Illuminate/Pipeline/Pipeline->{closure:{closure:Illuminate/Pipeline/Pipeline::carry():194}:195}()
#25 C:/Users/Monami Sadhu/Music/🏫 Campus Lost & Found Portal – Authentication, CRUD, Search/vendor/laravel/framework/src/Illuminate/Pipeline/Pipeline.php(219): Illuminate/Cookie/Middleware/AddQueuedCookiesToResponse->handle()
#26 C:/Users/Monami Sadhu/Music/🏫 Campus Lost & Found Portal – Authentication, CRUD, Search/vendor/laravel/framework/src/Illuminate/Cookie/Middleware/EncryptCookies.php(74): Illuminate/Pipeline/Pipeline->{closure:{closure:Illuminate/Pipeline/Pipeline::carry():194}:195}()
#27 C:/Users/Monami Sadhu/Music/🏫 Campus Lost & Found Portal – Authentication, CRUD, Search/vendor/laravel/framework/src/Illuminate/Pipeline/Pipeline.php(219): Illuminate/Cookie/Middleware/EncryptCookies->handle()
#28 C:/Users/Monami Sadhu/Music/🏫 Campus Lost & Found Portal – Authentication, CRUD, Search/vendor/laravel/framework/src/Illuminate/Pipeline/Pipeline.php(137): Illuminate/Pipeline/Pipeline->{closure:{closure:Illuminate/Pipeline/Pipeline::carry():194}:195}()
#29 C:/Users/Monami Sadhu/Music/🏫 Campus Lost & Found Portal – Authentication, CRUD, Search/vendor/laravel/framework/src/Illuminate/Routing/Router.php(821): Illuminate/Pipeline/Pipeline->then()
#30 C:/Users/Monami Sadhu/Music/🏫 Campus Lost & Found Portal – Authentication, CRUD, Search/vendor/laravel/framework/src/Illuminate/Routing/Router.php(800): Illuminate/Routing/Router->runRouteWithinStack()
#31 C:/Users/Monami Sadhu/Music/🏫 Campus Lost & Found Portal – Authentication, CRUD, Search/vendor/laravel/framework/src/Illuminate/Routing/Router.php(764): Illuminate/Routing/Router->runRoute()
#32 C:/Users/Monami Sadhu/Music/🏫 Campus Lost & Found Portal – Authentication, CRUD, Search/vendor/laravel/framework/src/Illuminate/Routing/Router.php(753): Illuminate/Routing/Router->dispatchToRoute()
#33 C:/Users/Monami Sadhu/Music/🏫 Campus Lost & Found Portal – Authentication, CRUD, Search/vendor/laravel/framework/src/Illuminate/Foundation/Http/Kernel.php(200): Illuminate/Routing/Router->dispatch()
#34 C:/Users/Monami Sadhu/Music/🏫 Campus Lost & Found Portal – Authentication, CRUD, Search/vendor/laravel/framework/src/Illuminate/Pipeline/Pipeline.php(180): Illuminate/Foundation/Http/Kernel->{closure:Illuminate/Foundation/Http/Kernel::dispatchToRouter():197}()
#35 C:/Users/Monami Sadhu/Music/🏫 Campus Lost & Found Portal – Authentication, CRUD, Search/vendor/laravel/framework/src/Illuminate/Foundation/Http/Middleware/TransformsRequest.php(21): Illuminate/Pipeline/Pipeline->{closure:Illuminate/Pipeline/Pipeline::prepareDestination():178}()
#36 C:/Users/Monami Sadhu/Music/🏫 Campus Lost & Found Portal – Authentication, CRUD, Search/vendor/laravel/framework/src/Illuminate/Foundation/Http/Middleware/ConvertEmptyStringsToNull.php(31): Illuminate/Foundation/Http/Middleware/TransformsRequest->handle()
#37 C:/Users/Monami Sadhu/Music/🏫 Campus Lost & Found Portal – Authentication, CRUD, Search/vendor/laravel/framework/src/Illuminate/Pipeline/Pipeline.php(219): Illuminate/Foundation/Http/Middleware/ConvertEmptyStringsToNull->handle()
#38 C:/Users/Monami Sadhu/Music/🏫 Campus Lost & Found Portal – Authentication, CRUD, Search/vendor/laravel/framework/src/Illuminate/Foundation/Http/Middleware/TransformsRequest.php(21): Illuminate/Pipeline/Pipeline->{closure:{closure:Illuminate/Pipeline/Pipeline::carry():194}:195}()
#39 C:/Users/Monami Sadhu/Music/🏫 Campus Lost & Found Portal – Authentication, CRUD, Search/vendor/laravel/framework/src/Illuminate/Foundation/Http/Middleware/TrimStrings.php(51): Illuminate/Foundation/Http/Middleware/TransformsRequest->handle()
#40 C:/Users/Monami Sadhu/Music/🏫 Campus Lost & Found Portal – Authentication, CRUD, Search/vendor/laravel/framework/src/Illuminate/Pipeline/Pipeline.php(219): Illuminate/Foundation/Http/Middleware/TrimStrings->handle()
#41 C:/Users/Monami Sadhu/Music/🏫 Campus Lost & Found Portal – Authentication, CRUD, Search/vendor/laravel/framework/src/Illuminate/Http/Middleware/ValidatePostSize.php(27): Illuminate/Pipeline/Pipeline->{closure:{closure:Illuminate/Pipeline/Pipeline::carry():194}:195}()
#42 C:/Users/Monami Sadhu/Music/🏫 Campus Lost & Found Portal – Authentication, CRUD, Search/vendor/laravel/framework/src/Illuminate/Pipeline/Pipeline.php(219): Illuminate/Http/Middleware/ValidatePostSize->handle()
#43 C:/Users/Monami Sadhu/Music/🏫 Campus Lost & Found Portal – Authentication, CRUD, Search/vendor/laravel/framework/src/Illuminate/Foundation/Http/Middleware/PreventRequestsDuringMaintenance.php(109): Illuminate/Pipeline/Pipeline->{closure:{closure:Illuminate/Pipeline/Pipeline::carry():194}:195}()
#44 C:/Users/Monami Sadhu/Music/🏫 Campus Lost & Found Portal – Authentication, CRUD, Search/vendor/laravel/framework/src/Illuminate/Pipeline/Pipeline.php(219): Illuminate/Foundation/Http/Middleware/PreventRequestsDuringMaintenance->handle()
#45 C:/Users/Monami Sadhu/Music/🏫 Campus Lost & Found Portal – Authentication, CRUD, Search/vendor/laravel/framework/src/Illuminate/Http/Middleware/HandleCors.php(61): Illuminate/Pipeline/Pipeline->{closure:{closure:Illuminate/Pipeline/Pipeline::carry():194}:195}()
#46 C:/Users/Monami Sadhu/Music/🏫 Campus Lost & Found Portal – Authentication, CRUD, Search/vendor/laravel/framework/src/Illuminate/Pipeline/Pipeline.php(219): Illuminate/Http/Middleware/HandleCors->handle()
#47 C:/Users/Monami Sadhu/Music/🏫 Campus Lost & Found Portal – Authentication, CRUD, Search/vendor/laravel/framework/src/Illuminate/Http/Middleware/TrustProxies.php(58): Illuminate/Pipeline/Pipeline->{closure:{closure:Illuminate/Pipeline/Pipeline::carry():194}:195}()
#48 C:/Users/Monami Sadhu/Music/🏫 Campus Lost & Found Portal – Authentication, CRUD, Search/vendor/laravel/framework/src/Illuminate/Pipeline/Pipeline.php(219): Illuminate/Http/Middleware/TrustProxies->handle()
#49 C:/Users/Monami Sadhu/Music/🏫 Campus Lost & Found Portal – Authentication, CRUD, Search/vendor/laravel/framework/src/Illuminate/Foundation/Http/Middleware/InvokeDeferredCallbacks.php(22): Illuminate/Pipeline/Pipeline->{closure:{closure:Illuminate/Pipeline/Pipeline::carry():194}:195}()
#50 C:/Users/Monami Sadhu/Music/🏫 Campus Lost & Found Portal – Authentication, CRUD, Search/vendor/laravel/framework/src/Illuminate/Pipeline/Pipeline.php(219): Illuminate/Foundation/Http/Middleware/InvokeDeferredCallbacks->handle()
#51 C:/Users/Monami Sadhu/Music/🏫 Campus Lost & Found Portal – Authentication, CRUD, Search/vendor/laravel/framework/src/Illuminate/Http/Middleware/ValidatePathEncoding.php(26): Illuminate/Pipeline/Pipeline->{closure:{closure:Illuminate/Pipeline/Pipeline::carry():194}:195}()
#52 C:/Users/Monami Sadhu/Music/🏫 Campus Lost & Found Portal – Authentication, CRUD, Search/vendor/laravel/framework/src/Illuminate/Pipeline/Pipeline.php(219): Illuminate/Http/Middleware/ValidatePathEncoding->handle()
#53 C:/Users/Monami Sadhu/Music/🏫 Campus Lost & Found Portal – Authentication, CRUD, Search/vendor/laravel/framework/src/Illuminate/Pipeline/Pipeline.php(137): Illuminate/Pipeline/Pipeline->{closure:{closure:Illuminate/Pipeline/Pipeline::carry():194}:195}()
#54 C:/Users/Monami Sadhu/Music/🏫 Campus Lost & Found Portal – Authentication, CRUD, Search/vendor/laravel/framework/src/Illuminate/Foundation/Http/Kernel.php(175): Illuminate/Pipeline/Pipeline->then()
#55 C:/Users/Monami Sadhu/Music/🏫 Campus Lost & Found Portal – Authentication, CRUD, Search/vendor/laravel/framework/src/Illuminate/Foundation/Http/Kernel.php(144): Illuminate/Foundation/Http/Kernel->sendRequestThroughRouter()
#56 C:/Users/Monami Sadhu/Music/🏫 Campus Lost & Found Portal – Authentication, CRUD, Search/public/index.php(9): Illuminate/Foundation/Http/Kernel->handle()
#57 C:/Users/Monami Sadhu/Music/🏫 Campus Lost & Found Portal – Authentication, CRUD, Search/vendor/laravel/framework/src/Illuminate/Foundation/resources/server.php(23): require_once('...')
#58 {main}
"} 
[2026-08-15 19:39:48] local.ERROR: Class "Route" not found (View: C:\Users\Monami Sadhu\Music\🏫 Campus Lost & Found Portal – Authentication, CRUD, Search\resources\views\auth\login.blade.php) {"exception":"[object] (Illuminate\\View\\ViewException(code: 0): Class \"Route\" not found (View: C:\\Users\\Monami Sadhu\\Music\\🏫 Campus Lost & Found Portal – Authentication, CRUD, Search\\resources\\views\\auth\\login.blade.php) at C:/Users/Monami Sadhu/Music/🏫 Campus Lost & Found Portal – Authentication, CRUD, Search/storage/framework/views/c43ad25ac26ec8c333a0a93a84553e61.php:87)
[stacktrace]
#0 C:/Users/Monami Sadhu/Music/🏫 Campus Lost & Found Portal – Authentication, CRUD, Search/vendor/laravel/framework/src/Illuminate/View/Engines/PhpEngine.php(59): Illuminate/View/Engines/CompilerEngine->handleViewException()
#1 C:/Users/Monami Sadhu/Music/🏫 Campus Lost & Found Portal – Authentication, CRUD, Search/vendor/laravel/framework/src/Illuminate/View/Engines/CompilerEngine.php(76): Illuminate/View/Engines/PhpEngine->evaluatePath()
#2 C:/Users/Monami Sadhu/Music/🏫 Campus Lost & Found Portal – Authentication, CRUD, Search/vendor/laravel/framework/src/Illuminate/View/View.php(208): Illuminate/View/Engines/CompilerEngine->get()
#3 C:/Users/Monami Sadhu/Music/🏫 Campus Lost & Found Portal – Authentication, CRUD, Search/vendor/laravel/framework/src/Illuminate/View/View.php(191): Illuminate/View/View->getContents()
#4 C:/Users/Monami Sadhu/Music/🏫 Campus Lost & Found Portal – Authentication, CRUD, Search/vendor/laravel/framework/src/Illuminate/View/View.php(160): Illuminate/View/View->renderContents()
#5 C:/Users/Monami Sadhu/Music/🏫 Campus Lost & Found Portal – Authentication, CRUD, Search/vendor/laravel/framework/src/Illuminate/Http/Response.php(78): Illuminate/View/View->render()
#6 C:/Users/Monami Sadhu/Music/🏫 Campus Lost & Found Portal – Authentication, CRUD, Search/vendor/laravel/framework/src/Illuminate/Http/Response.php(34): Illuminate/Http/Response->setContent()
#7 C:/Users/Monami Sadhu/Music/🏫 Campus Lost & Found Portal – Authentication, CRUD, Search/vendor/laravel/framework/src/Illuminate/Routing/Router.php(939): Illuminate/Http/Response->__construct()
#8 C:/Users/Monami Sadhu/Music/🏫 Campus Lost & Found Portal – Authentication, CRUD, Search/vendor/laravel/framework/src/Illuminate/Routing/Router.php(906): Illuminate/Routing/Router::toResponse()
#9 C:/Users/Monami Sadhu/Music/🏫 Campus Lost & Found Portal – Authentication, CRUD, Search/vendor/laravel/framework/src/Illuminate/Routing/Router.php(821): Illuminate/Routing/Router->prepareResponse()
#10 C:/Users/Monami Sadhu/Music/🏫 Campus Lost & Found Portal – Authentication, CRUD, Search/vendor/laravel/framework/src/Illuminate/Pipeline/Pipeline.php(180): Illuminate/Routing/Router->{closure:Illuminate/Routing/Router::runRouteWithinStack():821}()
#11 C:/Users/Monami Sadhu/Music/🏫 Campus Lost & Found Portal – Authentication, CRUD, Search/vendor/laravel/framework/src/Illuminate/Auth/Middleware/RedirectIfAuthenticated.php(47): Illuminate/Pipeline/Pipeline->{closure:Illuminate/Pipeline/Pipeline::prepareDestination():178}()
#12 C:/Users/Monami Sadhu/Music/🏫 Campus Lost & Found Portal – Authentication, CRUD, Search/vendor/laravel/framework/src/Illuminate/Pipeline/Pipeline.php(219): Illuminate/Auth/Middleware/RedirectIfAuthenticated->handle()
#13 C:/Users/Monami Sadhu/Music/🏫 Campus Lost & Found Portal – Authentication, CRUD, Search/vendor/laravel/framework/src/Illuminate/Routing/Middleware/SubstituteBindings.php(50): Illuminate/Pipeline/Pipeline->{closure:{closure:Illuminate/Pipeline/Pipeline::carry():194}:195}()
#14 C:/Users/Monami Sadhu/Music/🏫 Campus Lost & Found Portal – Authentication, CRUD, Search/vendor/laravel/framework/src/Illuminate/Pipeline/Pipeline.php(219): Illuminate/Routing/Middleware/SubstituteBindings->handle()
#15 C:/Users/Monami Sadhu/Music/🏫 Campus Lost & Found Portal – Authentication, CRUD, Search/vendor/laravel/framework/src/Illuminate/Foundation/Http/Middleware/VerifyCsrfToken.php(87): Illuminate/Pipeline/Pipeline->{closure:{closure:Illuminate/Pipeline/Pipeline::carry():194}:195}()
#16 C:/Users/Monami Sadhu/Music/🏫 Campus Lost & Found Portal – Authentication, CRUD, Search/vendor/laravel/framework/src/Illuminate/Pipeline/Pipeline.php(219): Illuminate/Foundation/Http/Middleware/VerifyCsrfToken->handle()
#17 C:/Users/Monami Sadhu/Music/🏫 Campus Lost & Found Portal – Authentication, CRUD, Search/vendor/laravel/framework/src/Illuminate/View/Middleware/ShareErrorsFromSession.php(48): Illuminate/Pipeline/Pipeline->{closure:{closure:Illuminate/Pipeline/Pipeline::carry():194}:195}()
#18 C:/Users/Monami Sadhu/Music/🏫 Campus Lost & Found Portal – Authentication, CRUD, Search/vendor/laravel/framework/src/Illuminate/Pipeline/Pipeline.php(219): Illuminate/View/Middleware/ShareErrorsFromSession->handle()
#19 C:/Users/Monami Sadhu/Music/🏫 Campus Lost & Found Portal – Authentication, CRUD, Search/vendor/laravel/framework/src/Illuminate/Session/Middleware/StartSession.php(120): Illuminate/Pipeline/Pipeline->{closure:{closure:Illuminate/Pipeline/Pipeline::carry():194}:195}()
#20 C:/Users/Monami Sadhu/Music/🏫 Campus Lost & Found Portal – Authentication, CRUD, Search/vendor/laravel/framework/src/Illuminate/Session/Middleware/StartSession.php(63): Illuminate/Session/Middleware/StartSession->handleStatefulRequest()
#21 C:/Users/Monami Sadhu/Music/🏫 Campus Lost & Found Portal – Authentication, CRUD, Search/vendor/laravel/framework/src/Illuminate/Pipeline/Pipeline.php(219): Illuminate/Session/Middleware/StartSession->handle()
#22 C:/Users/Monami Sadhu/Music/🏫 Campus Lost & Found Portal – Authentication, CRUD, Search/vendor/laravel/framework/src/Illuminate/Cookie/Middleware/AddQueuedCookiesToResponse.php(36): Illuminate/Pipeline/Pipeline->{closure:{closure:Illuminate/Pipeline/Pipeline::carry():194}:195}()
#23 C:/Users/Monami Sadhu/Music/🏫 Campus Lost & Found Portal – Authentication, CRUD, Search/vendor/laravel/framework/src/Illuminate/Pipeline/Pipeline.php(219): Illuminate/Cookie/Middleware/AddQueuedCookiesToResponse->handle()
#24 C:/Users/Monami Sadhu/Music/🏫 Campus Lost & Found Portal – Authentication, CRUD, Search/vendor/laravel/framework/src/Illuminate/Cookie/Middleware/EncryptCookies.php(74): Illuminate/Pipeline/Pipeline->{closure:{closure:Illuminate/Pipeline/Pipeline::carry():194}:195}()
#25 C:/Users/Monami Sadhu/Music/🏫 Campus Lost & Found Portal – Authentication, CRUD, Search/vendor/laravel/framework/src/Illuminate/Pipeline/Pipeline.php(219): Illuminate/Cookie/Middleware/EncryptCookies->handle()
#26 C:/Users/Monami Sadhu/Music/🏫 Campus Lost & Found Portal – Authentication, CRUD, Search/vendor/laravel/framework/src/Illuminate/Pipeline/Pipeline.php(137): Illuminate/Pipeline/Pipeline->{closure:{closure:Illuminate/Pipeline/Pipeline::carry():194}:195}()
#27 C:/Users/Monami Sadhu/Music/🏫 Campus Lost & Found Portal – Authentication, CRUD, Search/vendor/laravel/framework/src/Illuminate/Routing/Router.php(821): Illuminate/Pipeline/Pipeline->then()
#28 C:/Users/Monami Sadhu/Music/🏫 Campus Lost & Found Portal – Authentication, CRUD, Search/vendor/laravel/framework/src/Illuminate/Routing/Router.php(800): Illuminate/Routing/Router->runRouteWithinStack()
#29 C:/Users/Monami Sadhu/Music/🏫 Campus Lost & Found Portal – Authentication, CRUD, Search/vendor/laravel/framework/src/Illuminate/Routing/Router.php(764): Illuminate/Routing/Router->runRoute()
#30 C:/Users/Monami Sadhu/Music/🏫 Campus Lost & Found Portal – Authentication, CRUD, Search/vendor/laravel/framework/src/Illuminate/Routing/Router.php(753): Illuminate/Routing/Router->dispatchToRoute()
#31 C:/Users/Monami Sadhu/Music/🏫 Campus Lost & Found Portal – Authentication, CRUD, Search/vendor/laravel/framework/src/Illuminate/Foundation/Http/Kernel.php(200): Illuminate/Routing/Router->dispatch()
#32 C:/Users/Monami Sadhu/Music/🏫 Campus Lost & Found Portal – Authentication, CRUD, Search/vendor/laravel/framework/src/Illuminate/Pipeline/Pipeline.php(180): Illuminate/Foundation/Http/Kernel->{closure:Illuminate/Foundation/Http/Kernel::dispatchToRouter():197}()
#33 C:/Users/Monami Sadhu/Music/🏫 Campus Lost & Found Portal – Authentication, CRUD, Search/vendor/laravel/framework/src/Illuminate/Foundation/Http/Middleware/TransformsRequest.php(21): Illuminate/Pipeline/Pipeline->{closure:Illuminate/Pipeline/Pipeline::prepareDestination():178}()
#34 C:/Users/Monami Sadhu/Music/🏫 Campus Lost & Found Portal – Authentication, CRUD, Search/vendor/laravel/framework/src/Illuminate/Foundation/Http/Middleware/ConvertEmptyStringsToNull.php(31): Illuminate/Foundation/Http/Middleware/TransformsRequest->handle()
#35 C:/Users/Monami Sadhu/Music/🏫 Campus Lost & Found Portal – Authentication, CRUD, Search/vendor/laravel/framework/src/Illuminate/Pipeline/Pipeline.php(219): Illuminate/Foundation/Http/Middleware/ConvertEmptyStringsToNull->handle()
#36 C:/Users/Monami Sadhu/Music/🏫 Campus Lost & Found Portal – Authentication, CRUD, Search/vendor/laravel/framework/src/Illuminate/Foundation/Http/Middleware/TransformsRequest.php(21): Illuminate/Pipeline/Pipeline->{closure:{closure:Illuminate/Pipeline/Pipeline::carry():194}:195}()
#37 C:/Users/Monami Sadhu/Music/🏫 Campus Lost & Found Portal – Authentication, CRUD, Search/vendor/laravel/framework/src/Illuminate/Foundation/Http/Middleware/TrimStrings.php(51): Illuminate/Foundation/Http/Middleware/TransformsRequest->handle()
#38 C:/Users/Monami Sadhu/Music/🏫 Campus Lost & Found Portal – Authentication, CRUD, Search/vendor/laravel/framework/src/Illuminate/Pipeline/Pipeline.php(219): Illuminate/Foundation/Http/Middleware/TrimStrings->handle()
#39 C:/Users/Monami Sadhu/Music/🏫 Campus Lost & Found Portal – Authentication, CRUD, Search/vendor/laravel/framework/src/Illuminate/Http/Middleware/ValidatePostSize.php(27): Illuminate/Pipeline/Pipeline->{closure:{closure:Illuminate/Pipeline/Pipeline::carry():194}:195}()
#40 C:/Users/Monami Sadhu/Music/🏫 Campus Lost & Found Portal – Authentication, CRUD, Search/vendor/laravel/framework/src/Illuminate/Pipeline/Pipeline.php(219): Illuminate/Http/Middleware/ValidatePostSize->handle()
#41 C:/Users/Monami Sadhu/Music/🏫 Campus Lost & Found Portal – Authentication, CRUD, Search/vendor/laravel/framework/src/Illuminate/Foundation/Http/Middleware/PreventRequestsDuringMaintenance.php(109): Illuminate/Pipeline/Pipeline->{closure:{closure:Illuminate/Pipeline/Pipeline::carry():194}:195}()
#42 C:/Users/Monami Sadhu/Music/🏫 Campus Lost & Found Portal – Authentication, CRUD, Search/vendor/laravel/framework/src/Illuminate/Pipeline/Pipeline.php(219): Illuminate/Foundation/Http/Middleware/PreventRequestsDuringMaintenance->handle()
#43 C:/Users/Monami Sadhu/Music/🏫 Campus Lost & Found Portal – Authentication, CRUD, Search/vendor/laravel/framework/src/Illuminate/Http/Middleware/HandleCors.php(61): Illuminate/Pipeline/Pipeline->{closure:{closure:Illuminate/Pipeline/Pipeline::carry():194}:195}()
#44 C:/Users/Monami Sadhu/Music/🏫 Campus Lost & Found Portal – Authentication, CRUD, Search/vendor/laravel/framework/src/Illuminate/Pipeline/Pipeline.php(219): Illuminate/Http/Middleware/HandleCors->handle()
#45 C:/Users/Monami Sadhu/Music/🏫 Campus Lost & Found Portal – Authentication, CRUD, Search/vendor/laravel/framework/src/Illuminate/Http/Middleware/TrustProxies.php(58): Illuminate/Pipeline/Pipeline->{closure:{closure:Illuminate/Pipeline/Pipeline::carry():194}:195}()
#46 C:/Users/Monami Sadhu/Music/🏫 Campus Lost & Found Portal – Authentication, CRUD, Search/vendor/laravel/framework/src/Illuminate/Pipeline/Pipeline.php(219): Illuminate/Http/Middleware/TrustProxies->handle()
#47 C:/Users/Monami Sadhu/Music/🏫 Campus Lost & Found Portal – Authentication, CRUD, Search/vendor/laravel/framework/src/Illuminate/Foundation/Http/Middleware/InvokeDeferredCallbacks.php(22): Illuminate/Pipeline/Pipeline->{closure:{closure:Illuminate/Pipeline/Pipeline::carry():194}:195}()
#48 C:/Users/Monami Sadhu/Music/🏫 Campus Lost & Found Portal – Authentication, CRUD, Search/vendor/laravel/framework/src/Illuminate/Pipeline/Pipeline.php(219): Illuminate/Foundation/Http/Middleware/InvokeDeferredCallbacks->handle()
#49 C:/Users/Monami Sadhu/Music/🏫 Campus Lost & Found Portal – Authentication, CRUD, Search/vendor/laravel/framework/src/Illuminate/Http/Middleware/ValidatePathEncoding.php(26): Illuminate/Pipeline/Pipeline->{closure:{closure:Illuminate/Pipeline/Pipeline::carry():194}:195}()
#50 C:/Users/Monami Sadhu/Music/🏫 Campus Lost & Found Portal – Authentication, CRUD, Search/vendor/laravel/framework/src/Illuminate/Pipeline/Pipeline.php(219): Illuminate/Http/Middleware/ValidatePathEncoding->handle()
#51 C:/Users/Monami Sadhu/Music/🏫 Campus Lost & Found Portal – Authentication, CRUD, Search/vendor/laravel/framework/src/Illuminate/Pipeline/Pipeline.php(137): Illuminate/Pipeline/Pipeline->{closure:{closure:Illuminate/Pipeline/Pipeline::carry():194}:195}()
#52 C:/Users/Monami Sadhu/Music/🏫 Campus Lost & Found Portal – Authentication, CRUD, Search/vendor/laravel/framework/src/Illuminate/Foundation/Http/Kernel.php(175): Illuminate/Pipeline/Pipeline->then()
#53 C:/Users/Monami Sadhu/Music/🏫 Campus Lost & Found Portal – Authentication, CRUD, Search/vendor/laravel/framework/src/Illuminate/Foundation/Http/Kernel.php(144): Illuminate/Foundation/Http/Kernel->sendRequestThroughRouter()
#54 C:/Users/Monami Sadhu/Music/🏫 Campus Lost & Found Portal – Authentication, CRUD, Search/public/index.php(9): Illuminate/Foundation/Http/Kernel->handle()
#55 C:/Users/Monami Sadhu/Music/🏫 Campus Lost & Found Portal – Authentication, CRUD, Search/vendor/laravel/framework/src/Illuminate/Foundation/resources/server.php(23): require_once('...')
#56 {main}

[previous exception] [object] (Error(code: 0): Class \"Route\" not found at C:/Users/Monami Sadhu/Music/🏫 Campus Lost & Found Portal – Authentication, CRUD, Search/storage/framework/views/c43ad25ac26ec8c333a0a93a84553e61.php:87)
[stacktrace]
#0 C:/Users/Monami Sadhu/Music/🏫 Campus Lost & Found Portal – Authentication, CRUD, Search/vendor/laravel/framework/src/Illuminate/Filesystem/Filesystem.php(123): require()
#1 C:/Users/Monami Sadhu/Music/🏫 Campus Lost & Found Portal – Authentication, CRUD, Search/vendor/laravel/framework/src/Illuminate/Filesystem/Filesystem.php(124): Illuminate/Filesystem/Filesystem::{closure:Illuminate/Filesystem/Filesystem::getRequire():120}()
#2 C:/Users/Monami Sadhu/Music/🏫 Campus Lost & Found Portal – Authentication, CRUD, Search/vendor/laravel/framework/src/Illuminate/View/Engines/PhpEngine.php(57): Illuminate/Filesystem/Filesystem->getRequire()
#3 C:/Users/Monami Sadhu/Music/🏫 Campus Lost & Found Portal – Authentication, CRUD, Search/vendor/laravel/framework/src/Illuminate/View/Engines/CompilerEngine.php(76): Illuminate/View/Engines/PhpEngine->evaluatePath()
#4 C:/Users/Monami Sadhu/Music/🏫 Campus Lost & Found Portal – Authentication, CRUD, Search/vendor/laravel/framework/src/Illuminate/View/View.php(208): Illuminate/View/Engines/CompilerEngine->get()
#5 C:/Users/Monami Sadhu/Music/🏫 Campus Lost & Found Portal – Authentication, CRUD, Search/vendor/laravel/framework/src/Illuminate/View/View.php(191): Illuminate/View/View->getContents()
#6 C:/Users/Monami Sadhu/Music/🏫 Campus Lost & Found Portal – Authentication, CRUD, Search/vendor/laravel/framework/src/Illuminate/View/View.php(160): Illuminate/View/View->renderContents()
#7 C:/Users/Monami Sadhu/Music/🏫 Campus Lost & Found Portal – Authentication, CRUD, Search/vendor/laravel/framework/src/Illuminate/Http/Response.php(78): Illuminate/View/View->render()
#8 C:/Users/Monami Sadhu/Music/🏫 Campus Lost & Found Portal – Authentication, CRUD, Search/vendor/laravel/framework/src/Illuminate/Http/Response.php(34): Illuminate/Http/Response->setContent()
#9 C:/Users/Monami Sadhu/Music/🏫 Campus Lost & Found Portal – Authentication, CRUD, Search/vendor/laravel/framework/src/Illuminate/Routing/Router.php(939): Illuminate/Http/Response->__construct()
#10 C:/Users/Monami Sadhu/Music/🏫 Campus Lost & Found Portal – Authentication, CRUD, Search/vendor/laravel/framework/src/Illuminate/Routing/Router.php(906): Illuminate/Routing/Router::toResponse()
#11 C:/Users/Monami Sadhu/Music/🏫 Campus Lost & Found Portal – Authentication, CRUD, Search/vendor/laravel/framework/src/Illuminate/Routing/Router.php(821): Illuminate/Routing/Router->prepareResponse()
#12 C:/Users/Monami Sadhu/Music/🏫 Campus Lost & Found Portal – Authentication, CRUD, Search/vendor/laravel/framework/src/Illuminate/Pipeline/Pipeline.php(180): Illuminate/Routing/Router->{closure:Illuminate/Routing/Router::runRouteWithinStack():821}()
#13 C:/Users/Monami Sadhu/Music/🏫 Campus Lost & Found Portal – Authentication, CRUD, Search/vendor/laravel/framework/src/Illuminate/Auth/Middleware/RedirectIfAuthenticated.php(47): Illuminate/Pipeline/Pipeline->{closure:Illuminate/Pipeline/Pipeline::prepareDestination():178}()
#14 C:/Users/Monami Sadhu/Music/🏫 Campus Lost & Found Portal – Authentication, CRUD, Search/vendor/laravel/framework/src/Illuminate/Pipeline/Pipeline.php(219): Illuminate/Auth/Middleware/RedirectIfAuthenticated->handle()
#15 C:/Users/Monami Sadhu/Music/🏫 Campus Lost & Found Portal – Authentication, CRUD, Search/vendor/laravel/framework/src/Illuminate/Routing/Middleware/SubstituteBindings.php(50): Illuminate/Pipeline/Pipeline->{closure:{closure:Illuminate/Pipeline/Pipeline::carry():194}:195}()
#16 C:/Users/Monami Sadhu/Music/🏫 Campus Lost & Found Portal – Authentication, CRUD, Search/vendor/laravel/framework/src/Illuminate/Pipeline/Pipeline.php(219): Illuminate/Routing/Middleware/SubstituteBindings->handle()
#17 C:/Users/Monami Sadhu/Music/🏫 Campus Lost & Found Portal – Authentication, CRUD, Search/vendor/laravel/framework/src/Illuminate/Foundation/Http/Middleware/VerifyCsrfToken.php(87): Illuminate/Pipeline/Pipeline->{closure:{closure:Illuminate/Pipeline/Pipeline::carry():194}:195}()
#18 C:/Users/Monami Sadhu/Music/🏫 Campus Lost & Found Portal – Authentication, CRUD, Search/vendor/laravel/framework/src/Illuminate/Pipeline/Pipeline.php(219): Illuminate/Foundation/Http/Middleware/VerifyCsrfToken->handle()
#19 C:/Users/Monami Sadhu/Music/🏫 Campus Lost & Found Portal – Authentication, CRUD, Search/vendor/laravel/framework/src/Illuminate/View/Middleware/ShareErrorsFromSession.php(48): Illuminate/Pipeline/Pipeline->{closure:{closure:Illuminate/Pipeline/Pipeline::carry():194}:195}()
#20 C:/Users/Monami Sadhu/Music/🏫 Campus Lost & Found Portal – Authentication, CRUD, Search/vendor/laravel/framework/src/Illuminate/Pipeline/Pipeline.php(219): Illuminate/View/Middleware/ShareErrorsFromSession->handle()
#21 C:/Users/Monami Sadhu/Music/🏫 Campus Lost & Found Portal – Authentication, CRUD, Search/vendor/laravel/framework/src/Illuminate/Session/Middleware/StartSession.php(120): Illuminate/Pipeline/Pipeline->{closure:{closure:Illuminate/Pipeline/Pipeline::carry():194}:195}()
#22 C:/Users/Monami Sadhu/Music/🏫 Campus Lost & Found Portal – Authentication, CRUD, Search/vendor/laravel/framework/src/Illuminate/Session/Middleware/StartSession.php(63): Illuminate/Session/Middleware/StartSession->handleStatefulRequest()
#23 C:/Users/Monami Sadhu/Music/🏫 Campus Lost & Found Portal – Authentication, CRUD, Search/vendor/laravel/framework/src/Illuminate/Pipeline/Pipeline.php(219): Illuminate/Session/Middleware/StartSession->handle()
#24 C:/Users/Monami Sadhu/Music/🏫 Campus Lost & Found Portal – Authentication, CRUD, Search/vendor/laravel/framework/src/Illuminate/Cookie/Middleware/AddQueuedCookiesToResponse.php(36): Illuminate/Pipeline/Pipeline->{closure:{closure:Illuminate/Pipeline/Pipeline::carry():194}:195}()
#25 C:/Users/Monami Sadhu/Music/🏫 Campus Lost & Found Portal – Authentication, CRUD, Search/vendor/laravel/framework/src/Illuminate/Pipeline/Pipeline.php(219): Illuminate/Cookie/Middleware/AddQueuedCookiesToResponse->handle()
#26 C:/Users/Monami Sadhu/Music/🏫 Campus Lost & Found Portal – Authentication, CRUD, Search/vendor/laravel/framework/src/Illuminate/Cookie/Middleware/EncryptCookies.php(74): Illuminate/Pipeline/Pipeline->{closure:{closure:Illuminate/Pipeline/Pipeline::carry():194}:195}()
#27 C:/Users/Monami Sadhu/Music/🏫 Campus Lost & Found Portal – Authentication, CRUD, Search/vendor/laravel/framework/src/Illuminate/Pipeline/Pipeline.php(219): Illuminate/Cookie/Middleware/EncryptCookies->handle()
#28 C:/Users/Monami Sadhu/Music/🏫 Campus Lost & Found Portal – Authentication, CRUD, Search/vendor/laravel/framework/src/Illuminate/Pipeline/Pipeline.php(137): Illuminate/Pipeline/Pipeline->{closure:{closure:Illuminate/Pipeline/Pipeline::carry():194}:195}()
#29 C:/Users/Monami Sadhu/Music/🏫 Campus Lost & Found Portal – Authentication, CRUD, Search/vendor/laravel/framework/src/Illuminate/Routing/Router.php(821): Illuminate/Pipeline/Pipeline->then()
#30 C:/Users/Monami Sadhu/Music/🏫 Campus Lost & Found Portal – Authentication, CRUD, Search/vendor/laravel/framework/src/Illuminate/Routing/Router.php(800): Illuminate/Routing/Router->runRouteWithinStack()
#31 C:/Users/Monami Sadhu/Music/🏫 Campus Lost & Found Portal – Authentication, CRUD, Search/vendor/laravel/framework/src/Illuminate/Routing/Router.php(764): Illuminate/Routing/Router->runRoute()
#32 C:/Users/Monami Sadhu/Music/🏫 Campus Lost & Found Portal – Authentication, CRUD, Search/vendor/laravel/framework/src/Illuminate/Routing/Router.php(753): Illuminate/Routing/Router->dispatchToRoute()
#33 C:/Users/Monami Sadhu/Music/🏫 Campus Lost & Found Portal – Authentication, CRUD, Search/vendor/laravel/framework/src/Illuminate/Foundation/Http/Kernel.php(200): Illuminate/Routing/Router->dispatch()
#34 C:/Users/Monami Sadhu/Music/🏫 Campus Lost & Found Portal – Authentication, CRUD, Search/vendor/laravel/framework/src/Illuminate/Pipeline/Pipeline.php(180): Illuminate/Foundation/Http/Kernel->{closure:Illuminate/Foundation/Http/Kernel::dispatchToRouter():197}()
#35 C:/Users/Monami Sadhu/Music/🏫 Campus Lost & Found Portal – Authentication, CRUD, Search/vendor/laravel/framework/src/Illuminate/Foundation/Http/Middleware/TransformsRequest.php(21): Illuminate/Pipeline/Pipeline->{closure:Illuminate/Pipeline/Pipeline::prepareDestination():178}()
#36 C:/Users/Monami Sadhu/Music/🏫 Campus Lost & Found Portal – Authentication, CRUD, Search/vendor/laravel/framework/src/Illuminate/Foundation/Http/Middleware/ConvertEmptyStringsToNull.php(31): Illuminate/Foundation/Http/Middleware/TransformsRequest->handle()
#37 C:/Users/Monami Sadhu/Music/🏫 Campus Lost & Found Portal – Authentication, CRUD, Search/vendor/laravel/framework/src/Illuminate/Pipeline/Pipeline.php(219): Illuminate/Foundation/Http/Middleware/ConvertEmptyStringsToNull->handle()
#38 C:/Users/Monami Sadhu/Music/🏫 Campus Lost & Found Portal – Authentication, CRUD, Search/vendor/laravel/framework/src/Illuminate/Foundation/Http/Middleware/TransformsRequest.php(21): Illuminate/Pipeline/Pipeline->{closure:{closure:Illuminate/Pipeline/Pipeline::carry():194}:195}()
#39 C:/Users/Monami Sadhu/Music/🏫 Campus Lost & Found Portal – Authentication, CRUD, Search/vendor/laravel/framework/src/Illuminate/Foundation/Http/Middleware/TrimStrings.php(51): Illuminate/Foundation/Http/Middleware/TransformsRequest->handle()
#40 C:/Users/Monami Sadhu/Music/🏫 Campus Lost & Found Portal – Authentication, CRUD, Search/vendor/laravel/framework/src/Illuminate/Pipeline/Pipeline.php(219): Illuminate/Foundation/Http/Middleware/TrimStrings->handle()
#41 C:/Users/Monami Sadhu/Music/🏫 Campus Lost & Found Portal – Authentication, CRUD, Search/vendor/laravel/framework/src/Illuminate/Http/Middleware/ValidatePostSize.php(27): Illuminate/Pipeline/Pipeline->{closure:{closure:Illuminate/Pipeline/Pipeline::carry():194}:195}()
#42 C:/Users/Monami Sadhu/Music/🏫 Campus Lost & Found Portal – Authentication, CRUD, Search/vendor/laravel/framework/src/Illuminate/Pipeline/Pipeline.php(219): Illuminate/Http/Middleware/ValidatePostSize->handle()
#43 C:/Users/Monami Sadhu/Music/🏫 Campus Lost & Found Portal – Authentication, CRUD, Search/vendor/laravel/framework/src/Illuminate/Foundation/Http/Middleware/PreventRequestsDuringMaintenance.php(109): Illuminate/Pipeline/Pipeline->{closure:{closure:Illuminate/Pipeline/Pipeline::carry():194}:195}()
#44 C:/Users/Monami Sadhu/Music/🏫 Campus Lost & Found Portal – Authentication, CRUD, Search/vendor/laravel/framework/src/Illuminate/Pipeline/Pipeline.php(219): Illuminate/Foundation/Http/Middleware/PreventRequestsDuringMaintenance->handle()
#45 C:/Users/Monami Sadhu/Music/🏫 Campus Lost & Found Portal – Authentication, CRUD, Search/vendor/laravel/framework/src/Illuminate/Http/Middleware/HandleCors.php(61): Illuminate/Pipeline/Pipeline->{closure:{closure:Illuminate/Pipeline/Pipeline::carry():194}:195}()
#46 C:/Users/Monami Sadhu/Music/🏫 Campus Lost & Found Portal – Authentication, CRUD, Search/vendor/laravel/framework/src/Illuminate/Pipeline/Pipeline.php(219): Illuminate/Http/Middleware/HandleCors->handle()
#47 C:/Users/Monami Sadhu/Music/🏫 Campus Lost & Found Portal – Authentication, CRUD, Search/vendor/laravel/framework/src/Illuminate/Http/Middleware/TrustProxies.php(58): Illuminate/Pipeline/Pipeline->{closure:{closure:Illuminate/Pipeline/Pipeline::carry():194}:195}()
#48 C:/Users/Monami Sadhu/Music/🏫 Campus Lost & Found Portal – Authentication, CRUD, Search/vendor/laravel/framework/src/Illuminate/Pipeline/Pipeline.php(219): Illuminate/Http/Middleware/TrustProxies->handle()
#49 C:/Users/Monami Sadhu/Music/🏫 Campus Lost & Found Portal – Authentication, CRUD, Search/vendor/laravel/framework/src/Illuminate/Foundation/Http/Middleware/InvokeDeferredCallbacks.php(22): Illuminate/Pipeline/Pipeline->{closure:{closure:Illuminate/Pipeline/Pipeline::carry():194}:195}()
#50 C:/Users/Monami Sadhu/Music/🏫 Campus Lost & Found Portal – Authentication, CRUD, Search/vendor/laravel/framework/src/Illuminate/Pipeline/Pipeline.php(219): Illuminate/Foundation/Http/Middleware/InvokeDeferredCallbacks->handle()
#51 C:/Users/Monami Sadhu/Music/🏫 Campus Lost & Found Portal – Authentication, CRUD, Search/vendor/laravel/framework/src/Illuminate/Http/Middleware/ValidatePathEncoding.php(26): Illuminate/Pipeline/Pipeline->{closure:{closure:Illuminate/Pipeline/Pipeline::carry():194}:195}()
#52 C:/Users/Monami Sadhu/Music/🏫 Campus Lost & Found Portal – Authentication, CRUD, Search/vendor/laravel/framework/src/Illuminate/Pipeline/Pipeline.php(219): Illuminate/Http/Middleware/ValidatePathEncoding->handle()
#53 C:/Users/Monami Sadhu/Music/🏫 Campus Lost & Found Portal – Authentication, CRUD, Search/vendor/laravel/framework/src/Illuminate/Pipeline/Pipeline.php(137): Illuminate/Pipeline/Pipeline->{closure:{closure:Illuminate/Pipeline/Pipeline::carry():194}:195}()
#54 C:/Users/Monami Sadhu/Music/🏫 Campus Lost & Found Portal – Authentication, CRUD, Search/vendor/laravel/framework/src/Illuminate/Foundation/Http/Kernel.php(175): Illuminate/Pipeline/Pipeline->then()
#55 C:/Users/Monami Sadhu/Music/🏫 Campus Lost & Found Portal – Authentication, CRUD, Search/vendor/laravel/framework/src/Illuminate/Foundation/Http/Kernel.php(144): Illuminate/Foundation/Http/Kernel->sendRequestThroughRouter()
#56 C:/Users/Monami Sadhu/Music/🏫 Campus Lost & Found Portal – Authentication, CRUD, Search/public/index.php(9): Illuminate/Foundation/Http/Kernel->handle()
#57 C:/Users/Monami Sadhu/Music/🏫 Campus Lost & Found Portal – Authentication, CRUD, Search/vendor/laravel/framework/src/Illuminate/Foundation/resources/server.php(23): require_once('...')
#58 {main}
"} 
[2026-08-15 19:50:07] local.ERROR: SQLSTATE[HY000]: General error: 1 no such table: cache (Connection: sqlite, Database: database/database.sqlite, SQL: select * from "cache" where "key" in (campuslostandfound_cache_da4b9237bacccdf19c0760cab7aec4a8359010b0)) {"userId":2,"exception":"[object] (Illuminate\\Database\\QueryException(code: HY000): SQLSTATE[HY000]: General error: 1 no such table: cache (Connection: sqlite, Database: database/database.sqlite, SQL: select * from \"cache\" where \"key\" in (campuslostandfound_cache_da4b9237bacccdf19c0760cab7aec4a8359010b0)) at C:/Users/Monami Sadhu/Music/🏫 Campus Lost & Found Portal – Authentication, CRUD, Search/vendor/laravel/framework/src/Illuminate/Database/Connection.php:838)
[stacktrace]
#0 C:/Users/Monami Sadhu/Music/🏫 Campus Lost & Found Portal – Authentication, CRUD, Search/vendor/laravel/framework/src/Illuminate/Database/Connection.php(794): Illuminate/Database/Connection->runQueryCallback()
#1 C:/Users/Monami Sadhu/Music/🏫 Campus Lost & Found Portal – Authentication, CRUD, Search/vendor/laravel/framework/src/Illuminate/Database/Connection.php(411): Illuminate/Database/Connection->run()
#2 C:/Users/Monami Sadhu/Music/🏫 Campus Lost & Found Portal – Authentication, CRUD, Search/vendor/laravel/framework/src/Illuminate/Database/Query/Builder.php(3505): Illuminate/Database/Connection->select()
#3 C:/Users/Monami Sadhu/Music/🏫 Campus Lost & Found Portal – Authentication, CRUD, Search/vendor/laravel/framework/src/Illuminate/Database/Query/Builder.php(3490): Illuminate/Database/Query/Builder->runSelect()
#4 C:/Users/Monami Sadhu/Music/🏫 Campus Lost & Found Portal – Authentication, CRUD, Search/vendor/laravel/framework/src/Illuminate/Database/Query/Builder.php(4080): Illuminate/Database/Query/Builder->{closure:Illuminate/Database/Query/Builder::get():3489}()
#5 C:/Users/Monami Sadhu/Music/🏫 Campus Lost & Found Portal – Authentication, CRUD, Search/vendor/laravel/framework/src/Illuminate/Database/Query/Builder.php(3489): Illuminate/Database/Query/Builder->onceWithColumns()
#6 C:/Users/Monami Sadhu/Music/🏫 Campus Lost & Found Portal – Authentication, CRUD, Search/vendor/laravel/framework/src/Illuminate/Cache/DatabaseStore.php(140): Illuminate/Database/Query/Builder->get()
#7 C:/Users/Monami Sadhu/Music/🏫 Campus Lost & Found Portal – Authentication, CRUD, Search/vendor/laravel/framework/src/Illuminate/Cache/DatabaseStore.php(115): Illuminate/Cache/DatabaseStore->many()
#8 C:/Users/Monami Sadhu/Music/🏫 Campus Lost & Found Portal – Authentication, CRUD, Search/vendor/laravel/framework/src/Illuminate/Cache/Repository.php(125): Illuminate/Cache/DatabaseStore->get()
#9 C:/Users/Monami Sadhu/Music/🏫 Campus Lost & Found Portal – Authentication, CRUD, Search/vendor/laravel/framework/src/Illuminate/Cache/RateLimiter.php(206): Illuminate/Cache/Repository->get()
#10 C:/Users/Monami Sadhu/Music/🏫 Campus Lost & Found Portal – Authentication, CRUD, Search/vendor/laravel/framework/src/Illuminate/Cache/RateLimiter.php(300): Illuminate/Cache/RateLimiter->{closure:Illuminate/Cache/RateLimiter::attempts():206}()
#11 C:/Users/Monami Sadhu/Music/🏫 Campus Lost & Found Portal – Authentication, CRUD, Search/vendor/laravel/framework/src/Illuminate/Cache/RateLimiter.php(206): Illuminate/Cache/RateLimiter->withoutSerializationOrCompression()
#12 C:/Users/Monami Sadhu/Music/🏫 Campus Lost & Found Portal – Authentication, CRUD, Search/vendor/laravel/framework/src/Illuminate/Cache/RateLimiter.php(129): Illuminate/Cache/RateLimiter->attempts()
#13 C:/Users/Monami Sadhu/Music/🏫 Campus Lost & Found Portal – Authentication, CRUD, Search/vendor/laravel/framework/src/Illuminate/Routing/Middleware/ThrottleRequests.php(157): Illuminate/Cache/RateLimiter->tooManyAttempts()
#14 C:/Users/Monami Sadhu/Music/🏫 Campus Lost & Found Portal – Authentication, CRUD, Search/vendor/laravel/framework/src/Illuminate/Routing/Middleware/ThrottleRequests.php(93): Illuminate/Routing/Middleware/ThrottleRequests->handleRequest()
#15 C:/Users/Monami Sadhu/Music/🏫 Campus Lost & Found Portal – Authentication, CRUD, Search/vendor/laravel/framework/src/Illuminate/Pipeline/Pipeline.php(219): Illuminate/Routing/Middleware/ThrottleRequests->handle()
#16 C:/Users/Monami Sadhu/Music/🏫 Campus Lost & Found Portal – Authentication, CRUD, Search/vendor/laravel/framework/src/Illuminate/Foundation/Http/Middleware/VerifyCsrfToken.php(87): Illuminate/Pipeline/Pipeline->{closure:{closure:Illuminate/Pipeline/Pipeline::carry():194}:195}()
#17 C:/Users/Monami Sadhu/Music/🏫 Campus Lost & Found Portal – Authentication, CRUD, Search/vendor/laravel/framework/src/Illuminate/Pipeline/Pipeline.php(219): Illuminate/Foundation/Http/Middleware/VerifyCsrfToken->handle()
#18 C:/Users/Monami Sadhu/Music/🏫 Campus Lost & Found Portal – Authentication, CRUD, Search/vendor/laravel/framework/src/Illuminate/View/Middleware/ShareErrorsFromSession.php(48): Illuminate/Pipeline/Pipeline->{closure:{closure:Illuminate/Pipeline/Pipeline::carry():194}:195}()
#19 C:/Users/Monami Sadhu/Music/🏫 Campus Lost & Found Portal – Authentication, CRUD, Search/vendor/laravel/framework/src/Illuminate/Pipeline/Pipeline.php(219): Illuminate/View/Middleware/ShareErrorsFromSession->handle()
#20 C:/Users/Monami Sadhu/Music/🏫 Campus Lost & Found Portal – Authentication, CRUD, Search/vendor/laravel/framework/src/Illuminate/Session/Middleware/StartSession.php(120): Illuminate/Pipeline/Pipeline->{closure:{closure:Illuminate/Pipeline/Pipeline::carry():194}:195}()
#21 C:/Users/Monami Sadhu/Music/🏫 Campus Lost & Found Portal – Authentication, CRUD, Search/vendor/laravel/framework/src/Illuminate/Session/Middleware/StartSession.php(63): Illuminate/Session/Middleware/StartSession->handleStatefulRequest()
#22 C:/Users/Monami Sadhu/Music/🏫 Campus Lost & Found Portal – Authentication, CRUD, Search/vendor/laravel/framework/src/Illuminate/Pipeline/Pipeline.php(219): Illuminate/Session/Middleware/StartSession->handle()
#23 C:/Users/Monami Sadhu/Music/🏫 Campus Lost & Found Portal – Authentication, CRUD, Search/vendor/laravel/framework/src/Illuminate/Cookie/Middleware/AddQueuedCookiesToResponse.php(36): Illuminate/Pipeline/Pipeline->{closure:{closure:Illuminate/Pipeline/Pipeline::carry():194}:195}()
#24 C:/Users/Monami Sadhu/Music/🏫 Campus Lost & Found Portal – Authentication, CRUD, Search/vendor/laravel/framework/src/Illuminate/Pipeline/Pipeline.php(219): Illuminate/Cookie/Middleware/AddQueuedCookiesToResponse->handle()
#25 C:/Users/Monami Sadhu/Music/🏫 Campus Lost & Found Portal – Authentication, CRUD, Search/vendor/laravel/framework/src/Illuminate/Cookie/Middleware/EncryptCookies.php(74): Illuminate/Pipeline/Pipeline->{closure:{closure:Illuminate/Pipeline/Pipeline::carry():194}:195}()
#26 C:/Users/Monami Sadhu/Music/🏫 Campus Lost & Found Portal – Authentication, CRUD, Search/vendor/laravel/framework/src/Illuminate/Pipeline/Pipeline.php(219): Illuminate/Cookie/Middleware/EncryptCookies->handle()
#27 C:/Users/Monami Sadhu/Music/🏫 Campus Lost & Found Portal – Authentication, CRUD, Search/vendor/laravel/framework/src/Illuminate/Pipeline/Pipeline.php(137): Illuminate/Pipeline/Pipeline->{closure:{closure:Illuminate/Pipeline/Pipeline::carry():194}:195}()
#28 C:/Users/Monami Sadhu/Music/🏫 Campus Lost & Found Portal – Authentication, CRUD, Search/vendor/laravel/framework/src/Illuminate/Routing/Router.php(821): Illuminate/Pipeline/Pipeline->then()
#29 C:/Users/Monami Sadhu/Music/🏫 Campus Lost & Found Portal – Authentication, CRUD, Search/vendor/laravel/framework/src/Illuminate/Routing/Router.php(800): Illuminate/Routing/Router->runRouteWithinStack()
#30 C:/Users/Monami Sadhu/Music/🏫 Campus Lost & Found Portal – Authentication, CRUD, Search/vendor/laravel/framework/src/Illuminate/Routing/Router.php(764): Illuminate/Routing/Router->runRoute()
#31 C:/Users/Monami Sadhu/Music/🏫 Campus Lost & Found Portal – Authentication, CRUD, Search/vendor/laravel/framework/src/Illuminate/Routing/Router.php(753): Illuminate/Routing/Router->dispatchToRoute()
#32 C:/Users/Monami Sadhu/Music/🏫 Campus Lost & Found Portal – Authentication, CRUD, Search/vendor/laravel/framework/src/Illuminate/Foundation/Http/Kernel.php(200): Illuminate/Routing/Router->dispatch()
#33 C:/Users/Monami Sadhu/Music/🏫 Campus Lost & Found Portal – Authentication, CRUD, Search/vendor/laravel/framework/src/Illuminate/Pipeline/Pipeline.php(180): Illuminate/Foundation/Http/Kernel->{closure:Illuminate/Foundation/Http/Kernel::dispatchToRouter():197}()
#34 C:/Users/Monami Sadhu/Music/🏫 Campus Lost & Found Portal – Authentication, CRUD, Search/vendor/laravel/framework/src/Illuminate/Foundation/Http/Middleware/TransformsRequest.php(21): Illuminate/Pipeline/Pipeline->{closure:Illuminate/Pipeline/Pipeline::prepareDestination():178}()
#35 C:/Users/Monami Sadhu/Music/🏫 Campus Lost & Found Portal – Authentication, CRUD, Search/vendor/laravel/framework/src/Illuminate/Foundation/Http/Middleware/ConvertEmptyStringsToNull.php(31): Illuminate/Foundation/Http/Middleware/TransformsRequest->handle()
#36 C:/Users/Monami Sadhu/Music/🏫 Campus Lost & Found Portal – Authentication, CRUD, Search/vendor/laravel/framework/src/Illuminate/Pipeline/Pipeline.php(219): Illuminate/Foundation/Http/Middleware/ConvertEmptyStringsToNull->handle()
#37 C:/Users/Monami Sadhu/Music/🏫 Campus Lost & Found Portal – Authentication, CRUD, Search/vendor/laravel/framework/src/Illuminate/Foundation/Http/Middleware/TransformsRequest.php(21): Illuminate/Pipeline/Pipeline->{closure:{closure:Illuminate/Pipeline/Pipeline::carry():194}:195}()
#38 C:/Users/Monami Sadhu/Music/🏫 Campus Lost & Found Portal – Authentication, CRUD, Search/vendor/laravel/framework/src/Illuminate/Foundation/Http/Middleware/TrimStrings.php(51): Illuminate/Foundation/Http/Middleware/TransformsRequest->handle()
#39 C:/Users/Monami Sadhu/Music/🏫 Campus Lost & Found Portal – Authentication, CRUD, Search/vendor/laravel/framework/src/Illuminate/Pipeline/Pipeline.php(219): Illuminate/Foundation/Http/Middleware/TrimStrings->handle()
#40 C:/Users/Monami Sadhu/Music/🏫 Campus Lost & Found Portal – Authentication, CRUD, Search/vendor/laravel/framework/src/Illuminate/Http/Middleware/ValidatePostSize.php(27): Illuminate/Pipeline/Pipeline->{closure:{closure:Illuminate/Pipeline/Pipeline::carry():194}:195}()
#41 C:/Users/Monami Sadhu/Music/🏫 Campus Lost & Found Portal – Authentication, CRUD, Search/vendor/laravel/framework/src/Illuminate/Pipeline/Pipeline.php(219): Illuminate/Http/Middleware/ValidatePostSize->handle()
#42 C:/Users/Monami Sadhu/Music/🏫 Campus Lost & Found Portal – Authentication, CRUD, Search/vendor/laravel/framework/src/Illuminate/Foundation/Http/Middleware/PreventRequestsDuringMaintenance.php(109): Illuminate/Pipeline/Pipeline->{closure:{closure:Illuminate/Pipeline/Pipeline::carry():194}:195}()
#43 C:/Users/Monami Sadhu/Music/🏫 Campus Lost & Found Portal – Authentication, CRUD, Search/vendor/laravel/framework/src/Illuminate/Pipeline/Pipeline.php(219): Illuminate/Foundation/Http/Middleware/PreventRequestsDuringMaintenance->handle()
#44 C:/Users/Monami Sadhu/Music/🏫 Campus Lost & Found Portal – Authentication, CRUD, Search/vendor/laravel/framework/src/Illuminate/Http/Middleware/HandleCors.php(61): Illuminate/Pipeline/Pipeline->{closure:{closure:Illuminate/Pipeline/Pipeline::carry():194}:195}()
#45 C:/Users/Monami Sadhu/Music/🏫 Campus Lost & Found Portal – Authentication, CRUD, Search/vendor/laravel/framework/src/Illuminate/Pipeline/Pipeline.php(219): Illuminate/Http/Middleware/HandleCors->handle()
#46 C:/Users/Monami Sadhu/Music/🏫 Campus Lost & Found Portal – Authentication, CRUD, Search/vendor/laravel/framework/src/Illuminate/Http/Middleware/TrustProxies.php(58): Illuminate/Pipeline/Pipeline->{closure:{closure:Illuminate/Pipeline/Pipeline::carry():194}:195}()
#47 C:/Users/Monami Sadhu/Music/🏫 Campus Lost & Found Portal – Authentication, CRUD, Search/vendor/laravel/framework/src/Illuminate/Pipeline/Pipeline.php(219): Illuminate/Http/Middleware/TrustProxies->handle()
#48 C:/Users/Monami Sadhu/Music/🏫 Campus Lost & Found Portal – Authentication, CRUD, Search/vendor/laravel/framework/src/Illuminate/Foundation/Http/Middleware/InvokeDeferredCallbacks.php(22): Illuminate/Pipeline/Pipeline->{closure:{closure:Illuminate/Pipeline/Pipeline::carry():194}:195}()
#49 C:/Users/Monami Sadhu/Music/🏫 Campus Lost & Found Portal – Authentication, CRUD, Search/vendor/laravel/framework/src/Illuminate/Pipeline/Pipeline.php(219): Illuminate/Foundation/Http/Middleware/InvokeDeferredCallbacks->handle()
#50 C:/Users/Monami Sadhu/Music/🏫 Campus Lost & Found Portal – Authentication, CRUD, Search/vendor/laravel/framework/src/Illuminate/Http/Middleware/ValidatePathEncoding.php(26): Illuminate/Pipeline/Pipeline->{closure:{closure:Illuminate/Pipeline/Pipeline::carry():194}:195}()
#51 C:/Users/Monami Sadhu/Music/🏫 Campus Lost & Found Portal – Authentication, CRUD, Search/vendor/laravel/framework/src/Illuminate/Pipeline/Pipeline.php(219): Illuminate/Http/Middleware/ValidatePathEncoding->handle()
#52 C:/Users/Monami Sadhu/Music/🏫 Campus Lost & Found Portal – Authentication, CRUD, Search/vendor/laravel/framework/src/Illuminate/Pipeline/Pipeline.php(137): Illuminate/Pipeline/Pipeline->{closure:{closure:Illuminate/Pipeline/Pipeline::carry():194}:195}()
#53 C:/Users/Monami Sadhu/Music/🏫 Campus Lost & Found Portal – Authentication, CRUD, Search/vendor/laravel/framework/src/Illuminate/Foundation/Http/Kernel.php(175): Illuminate/Pipeline/Pipeline->then()
#54 C:/Users/Monami Sadhu/Music/🏫 Campus Lost & Found Portal – Authentication, CRUD, Search/vendor/laravel/framework/src/Illuminate/Foundation/Http/Kernel.php(144): Illuminate/Foundation/Http/Kernel->sendRequestThroughRouter()
#55 C:/Users/Monami Sadhu/Music/🏫 Campus Lost & Found Portal – Authentication, CRUD, Search/public/index.php(9): Illuminate/Foundation/Http/Kernel->handle()
#56 C:/Users/Monami Sadhu/Music/🏫 Campus Lost & Found Portal – Authentication, CRUD, Search/vendor/laravel/framework/src/Illuminate/Foundation/resources/server.php(23): require_once('...')
#57 {main}

[previous exception] [object] (PDOException(code: HY000): SQLSTATE[HY000]: General error: 1 no such table: cache at C:/Users/Monami Sadhu/Music/🏫 Campus Lost & Found Portal – Authentication, CRUD, Search/vendor/laravel/framework/src/Illuminate/Database/Connection.php:420)
[stacktrace]
#0 C:/Users/Monami Sadhu/Music/🏫 Campus Lost & Found Portal – Authentication, CRUD, Search/vendor/laravel/framework/src/Illuminate/Database/Connection.php(420): PDO->prepare()
#1 C:/Users/Monami Sadhu/Music/🏫 Campus Lost & Found Portal – Authentication, CRUD, Search/vendor/laravel/framework/src/Illuminate/Database/Connection.php(827): Illuminate/Database/Connection->{closure:Illuminate/Database/Connection::select():411}()
#2 C:/Users/Monami Sadhu/Music/🏫 Campus Lost & Found Portal – Authentication, CRUD, Search/vendor/laravel/framework/src/Illuminate/Database/Connection.php(794): Illuminate/Database/Connection->runQueryCallback()
#3 C:/Users/Monami Sadhu/Music/🏫 Campus Lost & Found Portal – Authentication, CRUD, Search/vendor/laravel/framework/src/Illuminate/Database/Connection.php(411): Illuminate/Database/Connection->run()
#4 C:/Users/Monami Sadhu/Music/🏫 Campus Lost & Found Portal – Authentication, CRUD, Search/vendor/laravel/framework/src/Illuminate/Database/Query/Builder.php(3505): Illuminate/Database/Connection->select()
#5 C:/Users/Monami Sadhu/Music/🏫 Campus Lost & Found Portal – Authentication, CRUD, Search/vendor/laravel/framework/src/Illuminate/Database/Query/Builder.php(3490): Illuminate/Database/Query/Builder->runSelect()
#6 C:/Users/Monami Sadhu/Music/🏫 Campus Lost & Found Portal – Authentication, CRUD, Search/vendor/laravel/framework/src/Illuminate/Database/Query/Builder.php(4080): Illuminate/Database/Query/Builder->{closure:Illuminate/Database/Query/Builder::get():3489}()
#7 C:/Users/Monami Sadhu/Music/🏫 Campus Lost & Found Portal – Authentication, CRUD, Search/vendor/laravel/framework/src/Illuminate/Database/Query/Builder.php(3489): Illuminate/Database/Query/Builder->onceWithColumns()
#8 C:/Users/Monami Sadhu/Music/🏫 Campus Lost & Found Portal – Authentication, CRUD, Search/vendor/laravel/framework/src/Illuminate/Cache/DatabaseStore.php(140): Illuminate/Database/Query/Builder->get()
#9 C:/Users/Monami Sadhu/Music/🏫 Campus Lost & Found Portal – Authentication, CRUD, Search/vendor/laravel/framework/src/Illuminate/Cache/DatabaseStore.php(115): Illuminate/Cache/DatabaseStore->many()
#10 C:/Users/Monami Sadhu/Music/🏫 Campus Lost & Found Portal – Authentication, CRUD, Search/vendor/laravel/framework/src/Illuminate/Cache/Repository.php(125): Illuminate/Cache/DatabaseStore->get()
#11 C:/Users/Monami Sadhu/Music/🏫 Campus Lost & Found Portal – Authentication, CRUD, Search/vendor/laravel/framework/src/Illuminate/Cache/RateLimiter.php(206): Illuminate/Cache/Repository->get()
#12 C:/Users/Monami Sadhu/Music/🏫 Campus Lost & Found Portal – Authentication, CRUD, Search/vendor/laravel/framework/src/Illuminate/Cache/RateLimiter.php(300): Illuminate/Cache/RateLimiter->{closure:Illuminate/Cache/RateLimiter::attempts():206}()
#13 C:/Users/Monami Sadhu/Music/🏫 Campus Lost & Found Portal – Authentication, CRUD, Search/vendor/laravel/framework/src/Illuminate/Cache/RateLimiter.php(206): Illuminate/Cache/RateLimiter->withoutSerializationOrCompression()
#14 C:/Users/Monami Sadhu/Music/🏫 Campus Lost & Found Portal – Authentication, CRUD, Search/vendor/laravel/framework/src/Illuminate/Cache/RateLimiter.php(129): Illuminate/Cache/RateLimiter->attempts()
#15 C:/Users/Monami Sadhu/Music/🏫 Campus Lost & Found Portal – Authentication, CRUD, Search/vendor/laravel/framework/src/Illuminate/Routing/Middleware/ThrottleRequests.php(157): Illuminate/Cache/RateLimiter->tooManyAttempts()
#16 C:/Users/Monami Sadhu/Music/🏫 Campus Lost & Found Portal – Authentication, CRUD, Search/vendor/laravel/framework/src/Illuminate/Routing/Middleware/ThrottleRequests.php(93): Illuminate/Routing/Middleware/ThrottleRequests->handleRequest()
#17 C:/Users/Monami Sadhu/Music/🏫 Campus Lost & Found Portal – Authentication, CRUD, Search/vendor/laravel/framework/src/Illuminate/Pipeline/Pipeline.php(219): Illuminate/Routing/Middleware/ThrottleRequests->handle()
#18 C:/Users/Monami Sadhu/Music/🏫 Campus Lost & Found Portal – Authentication, CRUD, Search/vendor/laravel/framework/src/Illuminate/Foundation/Http/Middleware/VerifyCsrfToken.php(87): Illuminate/Pipeline/Pipeline->{closure:{closure:Illuminate/Pipeline/Pipeline::carry():194}:195}()
#19 C:/Users/Monami Sadhu/Music/🏫 Campus Lost & Found Portal – Authentication, CRUD, Search/vendor/laravel/framework/src/Illuminate/Pipeline/Pipeline.php(219): Illuminate/Foundation/Http/Middleware/VerifyCsrfToken->handle()
#20 C:/Users/Monami Sadhu/Music/🏫 Campus Lost & Found Portal – Authentication, CRUD, Search/vendor/laravel/framework/src/Illuminate/View/Middleware/ShareErrorsFromSession.php(48): Illuminate/Pipeline/Pipeline->{closure:{closure:Illuminate/Pipeline/Pipeline::carry():194}:195}()
#21 C:/Users/Monami Sadhu/Music/🏫 Campus Lost & Found Portal – Authentication, CRUD, Search/vendor/laravel/framework/src/Illuminate/Pipeline/Pipeline.php(219): Illuminate/View/Middleware/ShareErrorsFromSession->handle()
#22 C:/Users/Monami Sadhu/Music/🏫 Campus Lost & Found Portal – Authentication, CRUD, Search/vendor/laravel/framework/src/Illuminate/Session/Middleware/StartSession.php(120): Illuminate/Pipeline/Pipeline->{closure:{closure:Illuminate/Pipeline/Pipeline::carry():194}:195}()
#23 C:/Users/Monami Sadhu/Music/🏫 Campus Lost & Found Portal – Authentication, CRUD, Search/vendor/laravel/framework/src/Illuminate/Session/Middleware/StartSession.php(63): Illuminate/Session/Middleware/StartSession->handleStatefulRequest()
#24 C:/Users/Monami Sadhu/Music/🏫 Campus Lost & Found Portal – Authentication, CRUD, Search/vendor/laravel/framework/src/Illuminate/Pipeline/Pipeline.php(219): Illuminate/Session/Middleware/StartSession->handle()
#25 C:/Users/Monami Sadhu/Music/🏫 Campus Lost & Found Portal – Authentication, CRUD, Search/vendor/laravel/framework/src/Illuminate/Cookie/Middleware/AddQueuedCookiesToResponse.php(36): Illuminate/Pipeline/Pipeline->{closure:{closure:Illuminate/Pipeline/Pipeline::carry():194}:195}()
#26 C:/Users/Monami Sadhu/Music/🏫 Campus Lost & Found Portal – Authentication, CRUD, Search/vendor/laravel/framework/src/Illuminate/Pipeline/Pipeline.php(219): Illuminate/Cookie/Middleware/AddQueuedCookiesToResponse->handle()
#27 C:/Users/Monami Sadhu/Music/🏫 Campus Lost & Found Portal – Authentication, CRUD, Search/vendor/laravel/framework/src/Illuminate/Cookie/Middleware/EncryptCookies.php(74): Illuminate/Pipeline/Pipeline->{closure:{closure:Illuminate/Pipeline/Pipeline::carry():194}:195}()
#28 C:/Users/Monami Sadhu/Music/🏫 Campus Lost & Found Portal – Authentication, CRUD, Search/vendor/laravel/framework/src/Illuminate/Pipeline/Pipeline.php(219): Illuminate/Cookie/Middleware/EncryptCookies->handle()
#29 C:/Users/Monami Sadhu/Music/🏫 Campus Lost & Found Portal – Authentication, CRUD, Search/vendor/laravel/framework/src/Illuminate/Pipeline/Pipeline.php(137): Illuminate/Pipeline/Pipeline->{closure:{closure:Illuminate/Pipeline/Pipeline::carry():194}:195}()
#30 C:/Users/Monami Sadhu/Music/🏫 Campus Lost & Found Portal – Authentication, CRUD, Search/vendor/laravel/framework/src/Illuminate/Routing/Router.php(821): Illuminate/Pipeline/Pipeline->then()
#31 C:/Users/Monami Sadhu/Music/🏫 Campus Lost & Found Portal – Authentication, CRUD, Search/vendor/laravel/framework/src/Illuminate/Routing/Router.php(800): Illuminate/Routing/Router->runRouteWithinStack()
#32 C:/Users/Monami Sadhu/Music/🏫 Campus Lost & Found Portal – Authentication, CRUD, Search/vendor/laravel/framework/src/Illuminate/Routing/Router.php(764): Illuminate/Routing/Router->runRoute()
#33 C:/Users/Monami Sadhu/Music/🏫 Campus Lost & Found Portal – Authentication, CRUD, Search/vendor/laravel/framework/src/Illuminate/Routing/Router.php(753): Illuminate/Routing/Router->dispatchToRoute()
#34 C:/Users/Monami Sadhu/Music/🏫 Campus Lost & Found Portal – Authentication, CRUD, Search/vendor/laravel/framework/src/Illuminate/Foundation/Http/Kernel.php(200): Illuminate/Routing/Router->dispatch()
#35 C:/Users/Monami Sadhu/Music/🏫 Campus Lost & Found Portal – Authentication, CRUD, Search/vendor/laravel/framework/src/Illuminate/Pipeline/Pipeline.php(180): Illuminate/Foundation/Http/Kernel->{closure:Illuminate/Foundation/Http/Kernel::dispatchToRouter():197}()
#36 C:/Users/Monami Sadhu/Music/🏫 Campus Lost & Found Portal – Authentication, CRUD, Search/vendor/laravel/framework/src/Illuminate/Foundation/Http/Middleware/TransformsRequest.php(21): Illuminate/Pipeline/Pipeline->{closure:Illuminate/Pipeline/Pipeline::prepareDestination():178}()
#37 C:/Users/Monami Sadhu/Music/🏫 Campus Lost & Found Portal – Authentication, CRUD, Search/vendor/laravel/framework/src/Illuminate/Foundation/Http/Middleware/ConvertEmptyStringsToNull.php(31): Illuminate/Foundation/Http/Middleware/TransformsRequest->handle()
#38 C:/Users/Monami Sadhu/Music/🏫 Campus Lost & Found Portal – Authentication, CRUD, Search/vendor/laravel/framework/src/Illuminate/Pipeline/Pipeline.php(219): Illuminate/Foundation/Http/Middleware/ConvertEmptyStringsToNull->handle()
#39 C:/Users/Monami Sadhu/Music/🏫 Campus Lost & Found Portal – Authentication, CRUD, Search/vendor/laravel/framework/src/Illuminate/Foundation/Http/Middleware/TransformsRequest.php(21): Illuminate/Pipeline/Pipeline->{closure:{closure:Illuminate/Pipeline/Pipeline::carry():194}:195}()
#40 C:/Users/Monami Sadhu/Music/🏫 Campus Lost & Found Portal – Authentication, CRUD, Search/vendor/laravel/framework/src/Illuminate/Foundation/Http/Middleware/TrimStrings.php(51): Illuminate/Foundation/Http/Middleware/TransformsRequest->handle()
#41 C:/Users/Monami Sadhu/Music/🏫 Campus Lost & Found Portal – Authentication, CRUD, Search/vendor/laravel/framework/src/Illuminate/Pipeline/Pipeline.php(219): Illuminate/Foundation/Http/Middleware/TrimStrings->handle()
#42 C:/Users/Monami Sadhu/Music/🏫 Campus Lost & Found Portal – Authentication, CRUD, Search/vendor/laravel/framework/src/Illuminate/Http/Middleware/ValidatePostSize.php(27): Illuminate/Pipeline/Pipeline->{closure:{closure:Illuminate/Pipeline/Pipeline::carry():194}:195}()
#43 C:/Users/Monami Sadhu/Music/🏫 Campus Lost & Found Portal – Authentication, CRUD, Search/vendor/laravel/framework/src/Illuminate/Pipeline/Pipeline.php(219): Illuminate/Http/Middleware/ValidatePostSize->handle()
#44 C:/Users/Monami Sadhu/Music/🏫 Campus Lost & Found Portal – Authentication, CRUD, Search/vendor/laravel/framework/src/Illuminate/Foundation/Http/Middleware/PreventRequestsDuringMaintenance.php(109): Illuminate/Pipeline/Pipeline->{closure:{closure:Illuminate/Pipeline/Pipeline::carry():194}:195}()
#45 C:/Users/Monami Sadhu/Music/🏫 Campus Lost & Found Portal – Authentication, CRUD, Search/vendor/laravel/framework/src/Illuminate/Pipeline/Pipeline.php(219): Illuminate/Foundation/Http/Middleware/PreventRequestsDuringMaintenance->handle()
#46 C:/Users/Monami Sadhu/Music/🏫 Campus Lost & Found Portal – Authentication, CRUD, Search/vendor/laravel/framework/src/Illuminate/Http/Middleware/HandleCors.php(61): Illuminate/Pipeline/Pipeline->{closure:{closure:Illuminate/Pipeline/Pipeline::carry():194}:195}()
#47 C:/Users/Monami Sadhu/Music/🏫 Campus Lost & Found Portal – Authentication, CRUD, Search/vendor/laravel/framework/src/Illuminate/Pipeline/Pipeline.php(219): Illuminate/Http/Middleware/HandleCors->handle()
#48 C:/Users/Monami Sadhu/Music/🏫 Campus Lost & Found Portal – Authentication, CRUD, Search/vendor/laravel/framework/src/Illuminate/Http/Middleware/TrustProxies.php(58): Illuminate/Pipeline/Pipeline->{closure:{closure:Illuminate/Pipeline/Pipeline::carry():194}:195}()
#49 C:/Users/Monami Sadhu/Music/🏫 Campus Lost & Found Portal – Authentication, CRUD, Search/vendor/laravel/framework/src/Illuminate/Pipeline/Pipeline.php(219): Illuminate/Http/Middleware/TrustProxies->handle()
#50 C:/Users/Monami Sadhu/Music/🏫 Campus Lost & Found Portal – Authentication, CRUD, Search/vendor/laravel/framework/src/Illuminate/Foundation/Http/Middleware/InvokeDeferredCallbacks.php(22): Illuminate/Pipeline/Pipeline->{closure:{closure:Illuminate/Pipeline/Pipeline::carry():194}:195}()
#51 C:/Users/Monami Sadhu/Music/🏫 Campus Lost & Found Portal – Authentication, CRUD, Search/vendor/laravel/framework/src/Illuminate/Pipeline/Pipeline.php(219): Illuminate/Foundation/Http/Middleware/InvokeDeferredCallbacks->handle()
#52 C:/Users/Monami Sadhu/Music/🏫 Campus Lost & Found Portal – Authentication, CRUD, Search/vendor/laravel/framework/src/Illuminate/Http/Middleware/ValidatePathEncoding.php(26): Illuminate/Pipeline/Pipeline->{closure:{closure:Illuminate/Pipeline/Pipeline::carry():194}:195}()
#53 C:/Users/Monami Sadhu/Music/🏫 Campus Lost & Found Portal – Authentication, CRUD, Search/vendor/laravel/framework/src/Illuminate/Pipeline/Pipeline.php(219): Illuminate/Http/Middleware/ValidatePathEncoding->handle()
#54 C:/Users/Monami Sadhu/Music/🏫 Campus Lost & Found Portal – Authentication, CRUD, Search/vendor/laravel/framework/src/Illuminate/Pipeline/Pipeline.php(137): Illuminate/Pipeline/Pipeline->{closure:{closure:Illuminate/Pipeline/Pipeline::carry():194}:195}()
#55 C:/Users/Monami Sadhu/Music/🏫 Campus Lost & Found Portal – Authentication, CRUD, Search/vendor/laravel/framework/src/Illuminate/Foundation/Http/Kernel.php(175): Illuminate/Pipeline/Pipeline->then()
#56 C:/Users/Monami Sadhu/Music/🏫 Campus Lost & Found Portal – Authentication, CRUD, Search/vendor/laravel/framework/src/Illuminate/Foundation/Http/Kernel.php(144): Illuminate/Foundation/Http/Kernel->sendRequestThroughRouter()
#57 C:/Users/Monami Sadhu/Music/🏫 Campus Lost & Found Portal – Authentication, CRUD, Search/public/index.php(9): Illuminate/Foundation/Http/Kernel->handle()
#58 C:/Users/Monami Sadhu/Music/🏫 Campus Lost & Found Portal – Authentication, CRUD, Search/vendor/laravel/framework/src/Illuminate/Foundation/resources/server.php(23): require_once('...')
#59 {main}
"} 
[2026-08-15 19:50:24] local.ERROR: SQLSTATE[HY000]: General error: 1 no such table: cache (Connection: sqlite, Database: database/database.sqlite, SQL: select * from "cache" where "key" in (campuslostandfound_cache_da4b9237bacccdf19c0760cab7aec4a8359010b0)) {"userId":2,"exception":"[object] (Illuminate\\Database\\QueryException(code: HY000): SQLSTATE[HY000]: General error: 1 no such table: cache (Connection: sqlite, Database: database/database.sqlite, SQL: select * from \"cache\" where \"key\" in (campuslostandfound_cache_da4b9237bacccdf19c0760cab7aec4a8359010b0)) at C:/Users/Monami Sadhu/Music/🏫 Campus Lost & Found Portal – Authentication, CRUD, Search/vendor/laravel/framework/src/Illuminate/Database/Connection.php:838)
[stacktrace]
#0 C:/Users/Monami Sadhu/Music/🏫 Campus Lost & Found Portal – Authentication, CRUD, Search/vendor/laravel/framework/src/Illuminate/Database/Connection.php(794): Illuminate/Database/Connection->runQueryCallback()
#1 C:/Users/Monami Sadhu/Music/🏫 Campus Lost & Found Portal – Authentication, CRUD, Search/vendor/laravel/framework/src/Illuminate/Database/Connection.php(411): Illuminate/Database/Connection->run()
#2 C:/Users/Monami Sadhu/Music/🏫 Campus Lost & Found Portal – Authentication, CRUD, Search/vendor/laravel/framework/src/Illuminate/Database/Query/Builder.php(3505): Illuminate/Database/Connection->select()
#3 C:/Users/Monami Sadhu/Music/🏫 Campus Lost & Found Portal – Authentication, CRUD, Search/vendor/laravel/framework/src/Illuminate/Database/Query/Builder.php(3490): Illuminate/Database/Query/Builder->runSelect()
#4 C:/Users/Monami Sadhu/Music/🏫 Campus Lost & Found Portal – Authentication, CRUD, Search/vendor/laravel/framework/src/Illuminate/Database/Query/Builder.php(4080): Illuminate/Database/Query/Builder->{closure:Illuminate/Database/Query/Builder::get():3489}()
#5 C:/Users/Monami Sadhu/Music/🏫 Campus Lost & Found Portal – Authentication, CRUD, Search/vendor/laravel/framework/src/Illuminate/Database/Query/Builder.php(3489): Illuminate/Database/Query/Builder->onceWithColumns()
#6 C:/Users/Monami Sadhu/Music/🏫 Campus Lost & Found Portal – Authentication, CRUD, Search/vendor/laravel/framework/src/Illuminate/Cache/DatabaseStore.php(140): Illuminate/Database/Query/Builder->get()
#7 C:/Users/Monami Sadhu/Music/🏫 Campus Lost & Found Portal – Authentication, CRUD, Search/vendor/laravel/framework/src/Illuminate/Cache/DatabaseStore.php(115): Illuminate/Cache/DatabaseStore->many()
#8 C:/Users/Monami Sadhu/Music/🏫 Campus Lost & Found Portal – Authentication, CRUD, Search/vendor/laravel/framework/src/Illuminate/Cache/Repository.php(125): Illuminate/Cache/DatabaseStore->get()
#9 C:/Users/Monami Sadhu/Music/🏫 Campus Lost & Found Portal – Authentication, CRUD, Search/vendor/laravel/framework/src/Illuminate/Cache/RateLimiter.php(206): Illuminate/Cache/Repository->get()
#10 C:/Users/Monami Sadhu/Music/🏫 Campus Lost & Found Portal – Authentication, CRUD, Search/vendor/laravel/framework/src/Illuminate/Cache/RateLimiter.php(300): Illuminate/Cache/RateLimiter->{closure:Illuminate/Cache/RateLimiter::attempts():206}()
#11 C:/Users/Monami Sadhu/Music/🏫 Campus Lost & Found Portal – Authentication, CRUD, Search/vendor/laravel/framework/src/Illuminate/Cache/RateLimiter.php(206): Illuminate/Cache/RateLimiter->withoutSerializationOrCompression()
#12 C:/Users/Monami Sadhu/Music/🏫 Campus Lost & Found Portal – Authentication, CRUD, Search/vendor/laravel/framework/src/Illuminate/Cache/RateLimiter.php(129): Illuminate/Cache/RateLimiter->attempts()
#13 C:/Users/Monami Sadhu/Music/🏫 Campus Lost & Found Portal – Authentication, CRUD, Search/vendor/laravel/framework/src/Illuminate/Routing/Middleware/ThrottleRequests.php(157): Illuminate/Cache/RateLimiter->tooManyAttempts()
#14 C:/Users/Monami Sadhu/Music/🏫 Campus Lost & Found Portal – Authentication, CRUD, Search/vendor/laravel/framework/src/Illuminate/Routing/Middleware/ThrottleRequests.php(93): Illuminate/Routing/Middleware/ThrottleRequests->handleRequest()
#15 C:/Users/Monami Sadhu/Music/🏫 Campus Lost & Found Portal – Authentication, CRUD, Search/vendor/laravel/framework/src/Illuminate/Pipeline/Pipeline.php(219): Illuminate/Routing/Middleware/ThrottleRequests->handle()
#16 C:/Users/Monami Sadhu/Music/🏫 Campus Lost & Found Portal – Authentication, CRUD, Search/vendor/laravel/framework/src/Illuminate/Foundation/Http/Middleware/VerifyCsrfToken.php(87): Illuminate/Pipeline/Pipeline->{closure:{closure:Illuminate/Pipeline/Pipeline::carry():194}:195}()
#17 C:/Users/Monami Sadhu/Music/🏫 Campus Lost & Found Portal – Authentication, CRUD, Search/vendor/laravel/framework/src/Illuminate/Pipeline/Pipeline.php(219): Illuminate/Foundation/Http/Middleware/VerifyCsrfToken->handle()
#18 C:/Users/Monami Sadhu/Music/🏫 Campus Lost & Found Portal – Authentication, CRUD, Search/vendor/laravel/framework/src/Illuminate/View/Middleware/ShareErrorsFromSession.php(48): Illuminate/Pipeline/Pipeline->{closure:{closure:Illuminate/Pipeline/Pipeline::carry():194}:195}()
#19 C:/Users/Monami Sadhu/Music/🏫 Campus Lost & Found Portal – Authentication, CRUD, Search/vendor/laravel/framework/src/Illuminate/Pipeline/Pipeline.php(219): Illuminate/View/Middleware/ShareErrorsFromSession->handle()
#20 C:/Users/Monami Sadhu/Music/🏫 Campus Lost & Found Portal – Authentication, CRUD, Search/vendor/laravel/framework/src/Illuminate/Session/Middleware/StartSession.php(120): Illuminate/Pipeline/Pipeline->{closure:{closure:Illuminate/Pipeline/Pipeline::carry():194}:195}()
#21 C:/Users/Monami Sadhu/Music/🏫 Campus Lost & Found Portal – Authentication, CRUD, Search/vendor/laravel/framework/src/Illuminate/Session/Middleware/StartSession.php(63): Illuminate/Session/Middleware/StartSession->handleStatefulRequest()
#22 C:/Users/Monami Sadhu/Music/🏫 Campus Lost & Found Portal – Authentication, CRUD, Search/vendor/laravel/framework/src/Illuminate/Pipeline/Pipeline.php(219): Illuminate/Session/Middleware/StartSession->handle()
#23 C:/Users/Monami Sadhu/Music/🏫 Campus Lost & Found Portal – Authentication, CRUD, Search/vendor/laravel/framework/src/Illuminate/Cookie/Middleware/AddQueuedCookiesToResponse.php(36): Illuminate/Pipeline/Pipeline->{closure:{closure:Illuminate/Pipeline/Pipeline::carry():194}:195}()
#24 C:/Users/Monami Sadhu/Music/🏫 Campus Lost & Found Portal – Authentication, CRUD, Search/vendor/laravel/framework/src/Illuminate/Pipeline/Pipeline.php(219): Illuminate/Cookie/Middleware/AddQueuedCookiesToResponse->handle()
#25 C:/Users/Monami Sadhu/Music/🏫 Campus Lost & Found Portal – Authentication, CRUD, Search/vendor/laravel/framework/src/Illuminate/Cookie/Middleware/EncryptCookies.php(74): Illuminate/Pipeline/Pipeline->{closure:{closure:Illuminate/Pipeline/Pipeline::carry():194}:195}()
#26 C:/Users/Monami Sadhu/Music/🏫 Campus Lost & Found Portal – Authentication, CRUD, Search/vendor/laravel/framework/src/Illuminate/Pipeline/Pipeline.php(219): Illuminate/Cookie/Middleware/EncryptCookies->handle()
#27 C:/Users/Monami Sadhu/Music/🏫 Campus Lost & Found Portal – Authentication, CRUD, Search/vendor/laravel/framework/src/Illuminate/Pipeline/Pipeline.php(137): Illuminate/Pipeline/Pipeline->{closure:{closure:Illuminate/Pipeline/Pipeline::carry():194}:195}()
#28 C:/Users/Monami Sadhu/Music/🏫 Campus Lost & Found Portal – Authentication, CRUD, Search/vendor/laravel/framework/src/Illuminate/Routing/Router.php(821): Illuminate/Pipeline/Pipeline->then()
#29 C:/Users/Monami Sadhu/Music/🏫 Campus Lost & Found Portal – Authentication, CRUD, Search/vendor/laravel/framework/src/Illuminate/Routing/Router.php(800): Illuminate/Routing/Router->runRouteWithinStack()
#30 C:/Users/Monami Sadhu/Music/🏫 Campus Lost & Found Portal – Authentication, CRUD, Search/vendor/laravel/framework/src/Illuminate/Routing/Router.php(764): Illuminate/Routing/Router->runRoute()
#31 C:/Users/Monami Sadhu/Music/🏫 Campus Lost & Found Portal – Authentication, CRUD, Search/vendor/laravel/framework/src/Illuminate/Routing/Router.php(753): Illuminate/Routing/Router->dispatchToRoute()
#32 C:/Users/Monami Sadhu/Music/🏫 Campus Lost & Found Portal – Authentication, CRUD, Search/vendor/laravel/framework/src/Illuminate/Foundation/Http/Kernel.php(200): Illuminate/Routing/Router->dispatch()
#33 C:/Users/Monami Sadhu/Music/🏫 Campus Lost & Found Portal – Authentication, CRUD, Search/vendor/laravel/framework/src/Illuminate/Pipeline/Pipeline.php(180): Illuminate/Foundation/Http/Kernel->{closure:Illuminate/Foundation/Http/Kernel::dispatchToRouter():197}()
#34 C:/Users/Monami Sadhu/Music/🏫 Campus Lost & Found Portal – Authentication, CRUD, Search/vendor/laravel/framework/src/Illuminate/Foundation/Http/Middleware/TransformsRequest.php(21): Illuminate/Pipeline/Pipeline->{closure:Illuminate/Pipeline/Pipeline::prepareDestination():178}()
#35 C:/Users/Monami Sadhu/Music/🏫 Campus Lost & Found Portal – Authentication, CRUD, Search/vendor/laravel/framework/src/Illuminate/Foundation/Http/Middleware/ConvertEmptyStringsToNull.php(31): Illuminate/Foundation/Http/Middleware/TransformsRequest->handle()
#36 C:/Users/Monami Sadhu/Music/🏫 Campus Lost & Found Portal – Authentication, CRUD, Search/vendor/laravel/framework/src/Illuminate/Pipeline/Pipeline.php(219): Illuminate/Foundation/Http/Middleware/ConvertEmptyStringsToNull->handle()
#37 C:/Users/Monami Sadhu/Music/🏫 Campus Lost & Found Portal – Authentication, CRUD, Search/vendor/laravel/framework/src/Illuminate/Foundation/Http/Middleware/TransformsRequest.php(21): Illuminate/Pipeline/Pipeline->{closure:{closure:Illuminate/Pipeline/Pipeline::carry():194}:195}()
#38 C:/Users/Monami Sadhu/Music/🏫 Campus Lost & Found Portal – Authentication, CRUD, Search/vendor/laravel/framework/src/Illuminate/Foundation/Http/Middleware/TrimStrings.php(51): Illuminate/Foundation/Http/Middleware/TransformsRequest->handle()
#39 C:/Users/Monami Sadhu/Music/🏫 Campus Lost & Found Portal – Authentication, CRUD, Search/vendor/laravel/framework/src/Illuminate/Pipeline/Pipeline.php(219): Illuminate/Foundation/Http/Middleware/TrimStrings->handle()
#40 C:/Users/Monami Sadhu/Music/🏫 Campus Lost & Found Portal – Authentication, CRUD, Search/vendor/laravel/framework/src/Illuminate/Http/Middleware/ValidatePostSize.php(27): Illuminate/Pipeline/Pipeline->{closure:{closure:Illuminate/Pipeline/Pipeline::carry():194}:195}()
#41 C:/Users/Monami Sadhu/Music/🏫 Campus Lost & Found Portal – Authentication, CRUD, Search/vendor/laravel/framework/src/Illuminate/Pipeline/Pipeline.php(219): Illuminate/Http/Middleware/ValidatePostSize->handle()
#42 C:/Users/Monami Sadhu/Music/🏫 Campus Lost & Found Portal – Authentication, CRUD, Search/vendor/laravel/framework/src/Illuminate/Foundation/Http/Middleware/PreventRequestsDuringMaintenance.php(109): Illuminate/Pipeline/Pipeline->{closure:{closure:Illuminate/Pipeline/Pipeline::carry():194}:195}()
#43 C:/Users/Monami Sadhu/Music/🏫 Campus Lost & Found Portal – Authentication, CRUD, Search/vendor/laravel/framework/src/Illuminate/Pipeline/Pipeline.php(219): Illuminate/Foundation/Http/Middleware/PreventRequestsDuringMaintenance->handle()
#44 C:/Users/Monami Sadhu/Music/🏫 Campus Lost & Found Portal – Authentication, CRUD, Search/vendor/laravel/framework/src/Illuminate/Http/Middleware/HandleCors.php(61): Illuminate/Pipeline/Pipeline->{closure:{closure:Illuminate/Pipeline/Pipeline::carry():194}:195}()
#45 C:/Users/Monami Sadhu/Music/🏫 Campus Lost & Found Portal – Authentication, CRUD, Search/vendor/laravel/framework/src/Illuminate/Pipeline/Pipeline.php(219): Illuminate/Http/Middleware/HandleCors->handle()
#46 C:/Users/Monami Sadhu/Music/🏫 Campus Lost & Found Portal – Authentication, CRUD, Search/vendor/laravel/framework/src/Illuminate/Http/Middleware/TrustProxies.php(58): Illuminate/Pipeline/Pipeline->{closure:{closure:Illuminate/Pipeline/Pipeline::carry():194}:195}()
#47 C:/Users/Monami Sadhu/Music/🏫 Campus Lost & Found Portal – Authentication, CRUD, Search/vendor/laravel/framework/src/Illuminate/Pipeline/Pipeline.php(219): Illuminate/Http/Middleware/TrustProxies->handle()
#48 C:/Users/Monami Sadhu/Music/🏫 Campus Lost & Found Portal – Authentication, CRUD, Search/vendor/laravel/framework/src/Illuminate/Foundation/Http/Middleware/InvokeDeferredCallbacks.php(22): Illuminate/Pipeline/Pipeline->{closure:{closure:Illuminate/Pipeline/Pipeline::carry():194}:195}()
#49 C:/Users/Monami Sadhu/Music/🏫 Campus Lost & Found Portal – Authentication, CRUD, Search/vendor/laravel/framework/src/Illuminate/Pipeline/Pipeline.php(219): Illuminate/Foundation/Http/Middleware/InvokeDeferredCallbacks->handle()
#50 C:/Users/Monami Sadhu/Music/🏫 Campus Lost & Found Portal – Authentication, CRUD, Search/vendor/laravel/framework/src/Illuminate/Http/Middleware/ValidatePathEncoding.php(26): Illuminate/Pipeline/Pipeline->{closure:{closure:Illuminate/Pipeline/Pipeline::carry():194}:195}()
#51 C:/Users/Monami Sadhu/Music/🏫 Campus Lost & Found Portal – Authentication, CRUD, Search/vendor/laravel/framework/src/Illuminate/Pipeline/Pipeline.php(219): Illuminate/Http/Middleware/ValidatePathEncoding->handle()
#52 C:/Users/Monami Sadhu/Music/🏫 Campus Lost & Found Portal – Authentication, CRUD, Search/vendor/laravel/framework/src/Illuminate/Pipeline/Pipeline.php(137): Illuminate/Pipeline/Pipeline->{closure:{closure:Illuminate/Pipeline/Pipeline::carry():194}:195}()
#53 C:/Users/Monami Sadhu/Music/🏫 Campus Lost & Found Portal – Authentication, CRUD, Search/vendor/laravel/framework/src/Illuminate/Foundation/Http/Kernel.php(175): Illuminate/Pipeline/Pipeline->then()
#54 C:/Users/Monami Sadhu/Music/🏫 Campus Lost & Found Portal – Authentication, CRUD, Search/vendor/laravel/framework/src/Illuminate/Foundation/Http/Kernel.php(144): Illuminate/Foundation/Http/Kernel->sendRequestThroughRouter()
#55 C:/Users/Monami Sadhu/Music/🏫 Campus Lost & Found Portal – Authentication, CRUD, Search/public/index.php(9): Illuminate/Foundation/Http/Kernel->handle()
#56 C:/Users/Monami Sadhu/Music/🏫 Campus Lost & Found Portal – Authentication, CRUD, Search/vendor/laravel/framework/src/Illuminate/Foundation/resources/server.php(23): require_once('...')
#57 {main}

[previous exception] [object] (PDOException(code: HY000): SQLSTATE[HY000]: General error: 1 no such table: cache at C:/Users/Monami Sadhu/Music/🏫 Campus Lost & Found Portal – Authentication, CRUD, Search/vendor/laravel/framework/src/Illuminate/Database/Connection.php:420)
[stacktrace]
#0 C:/Users/Monami Sadhu/Music/🏫 Campus Lost & Found Portal – Authentication, CRUD, Search/vendor/laravel/framework/src/Illuminate/Database/Connection.php(420): PDO->prepare()
#1 C:/Users/Monami Sadhu/Music/🏫 Campus Lost & Found Portal – Authentication, CRUD, Search/vendor/laravel/framework/src/Illuminate/Database/Connection.php(827): Illuminate/Database/Connection->{closure:Illuminate/Database/Connection::select():411}()
#2 C:/Users/Monami Sadhu/Music/🏫 Campus Lost & Found Portal – Authentication, CRUD, Search/vendor/laravel/framework/src/Illuminate/Database/Connection.php(794): Illuminate/Database/Connection->runQueryCallback()
#3 C:/Users/Monami Sadhu/Music/🏫 Campus Lost & Found Portal – Authentication, CRUD, Search/vendor/laravel/framework/src/Illuminate/Database/Connection.php(411): Illuminate/Database/Connection->run()
#4 C:/Users/Monami Sadhu/Music/🏫 Campus Lost & Found Portal – Authentication, CRUD, Search/vendor/laravel/framework/src/Illuminate/Database/Query/Builder.php(3505): Illuminate/Database/Connection->select()
#5 C:/Users/Monami Sadhu/Music/🏫 Campus Lost & Found Portal – Authentication, CRUD, Search/vendor/laravel/framework/src/Illuminate/Database/Query/Builder.php(3490): Illuminate/Database/Query/Builder->runSelect()
#6 C:/Users/Monami Sadhu/Music/🏫 Campus Lost & Found Portal – Authentication, CRUD, Search/vendor/laravel/framework/src/Illuminate/Database/Query/Builder.php(4080): Illuminate/Database/Query/Builder->{closure:Illuminate/Database/Query/Builder::get():3489}()
#7 C:/Users/Monami Sadhu/Music/🏫 Campus Lost & Found Portal – Authentication, CRUD, Search/vendor/laravel/framework/src/Illuminate/Database/Query/Builder.php(3489): Illuminate/Database/Query/Builder->onceWithColumns()
#8 C:/Users/Monami Sadhu/Music/🏫 Campus Lost & Found Portal – Authentication, CRUD, Search/vendor/laravel/framework/src/Illuminate/Cache/DatabaseStore.php(140): Illuminate/Database/Query/Builder->get()
#9 C:/Users/Monami Sadhu/Music/🏫 Campus Lost & Found Portal – Authentication, CRUD, Search/vendor/laravel/framework/src/Illuminate/Cache/DatabaseStore.php(115): Illuminate/Cache/DatabaseStore->many()
#10 C:/Users/Monami Sadhu/Music/🏫 Campus Lost & Found Portal – Authentication, CRUD, Search/vendor/laravel/framework/src/Illuminate/Cache/Repository.php(125): Illuminate/Cache/DatabaseStore->get()
#11 C:/Users/Monami Sadhu/Music/🏫 Campus Lost & Found Portal – Authentication, CRUD, Search/vendor/laravel/framework/src/Illuminate/Cache/RateLimiter.php(206): Illuminate/Cache/Repository->get()
#12 C:/Users/Monami Sadhu/Music/🏫 Campus Lost & Found Portal – Authentication, CRUD, Search/vendor/laravel/framework/src/Illuminate/Cache/RateLimiter.php(300): Illuminate/Cache/RateLimiter->{closure:Illuminate/Cache/RateLimiter::attempts():206}()
#13 C:/Users/Monami Sadhu/Music/🏫 Campus Lost & Found Portal – Authentication, CRUD, Search/vendor/laravel/framework/src/Illuminate/Cache/RateLimiter.php(206): Illuminate/Cache/RateLimiter->withoutSerializationOrCompression()
#14 C:/Users/Monami Sadhu/Music/🏫 Campus Lost & Found Portal – Authentication, CRUD, Search/vendor/laravel/framework/src/Illuminate/Cache/RateLimiter.php(129): Illuminate/Cache/RateLimiter->attempts()
#15 C:/Users/Monami Sadhu/Music/🏫 Campus Lost & Found Portal – Authentication, CRUD, Search/vendor/laravel/framework/src/Illuminate/Routing/Middleware/ThrottleRequests.php(157): Illuminate/Cache/RateLimiter->tooManyAttempts()
#16 C:/Users/Monami Sadhu/Music/🏫 Campus Lost & Found Portal – Authentication, CRUD, Search/vendor/laravel/framework/src/Illuminate/Routing/Middleware/ThrottleRequests.php(93): Illuminate/Routing/Middleware/ThrottleRequests->handleRequest()
#17 C:/Users/Monami Sadhu/Music/🏫 Campus Lost & Found Portal – Authentication, CRUD, Search/vendor/laravel/framework/src/Illuminate/Pipeline/Pipeline.php(219): Illuminate/Routing/Middleware/ThrottleRequests->handle()
#18 C:/Users/Monami Sadhu/Music/🏫 Campus Lost & Found Portal – Authentication, CRUD, Search/vendor/laravel/framework/src/Illuminate/Foundation/Http/Middleware/VerifyCsrfToken.php(87): Illuminate/Pipeline/Pipeline->{closure:{closure:Illuminate/Pipeline/Pipeline::carry():194}:195}()
#19 C:/Users/Monami Sadhu/Music/🏫 Campus Lost & Found Portal – Authentication, CRUD, Search/vendor/laravel/framework/src/Illuminate/Pipeline/Pipeline.php(219): Illuminate/Foundation/Http/Middleware/VerifyCsrfToken->handle()
#20 C:/Users/Monami Sadhu/Music/🏫 Campus Lost & Found Portal – Authentication, CRUD, Search/vendor/laravel/framework/src/Illuminate/View/Middleware/ShareErrorsFromSession.php(48): Illuminate/Pipeline/Pipeline->{closure:{closure:Illuminate/Pipeline/Pipeline::carry():194}:195}()
#21 C:/Users/Monami Sadhu/Music/🏫 Campus Lost & Found Portal – Authentication, CRUD, Search/vendor/laravel/framework/src/Illuminate/Pipeline/Pipeline.php(219): Illuminate/View/Middleware/ShareErrorsFromSession->handle()
#22 C:/Users/Monami Sadhu/Music/🏫 Campus Lost & Found Portal – Authentication, CRUD, Search/vendor/laravel/framework/src/Illuminate/Session/Middleware/StartSession.php(120): Illuminate/Pipeline/Pipeline->{closure:{closure:Illuminate/Pipeline/Pipeline::carry():194}:195}()
#23 C:/Users/Monami Sadhu/Music/🏫 Campus Lost & Found Portal – Authentication, CRUD, Search/vendor/laravel/framework/src/Illuminate/Session/Middleware/StartSession.php(63): Illuminate/Session/Middleware/StartSession->handleStatefulRequest()
#24 C:/Users/Monami Sadhu/Music/🏫 Campus Lost & Found Portal – Authentication, CRUD, Search/vendor/laravel/framework/src/Illuminate/Pipeline/Pipeline.php(219): Illuminate/Session/Middleware/StartSession->handle()
#25 C:/Users/Monami Sadhu/Music/🏫 Campus Lost & Found Portal – Authentication, CRUD, Search/vendor/laravel/framework/src/Illuminate/Cookie/Middleware/AddQueuedCookiesToResponse.php(36): Illuminate/Pipeline/Pipeline->{closure:{closure:Illuminate/Pipeline/Pipeline::carry():194}:195}()
#26 C:/Users/Monami Sadhu/Music/🏫 Campus Lost & Found Portal – Authentication, CRUD, Search/vendor/laravel/framework/src/Illuminate/Pipeline/Pipeline.php(219): Illuminate/Cookie/Middleware/AddQueuedCookiesToResponse->handle()
#27 C:/Users/Monami Sadhu/Music/🏫 Campus Lost & Found Portal – Authentication, CRUD, Search/vendor/laravel/framework/src/Illuminate/Cookie/Middleware/EncryptCookies.php(74): Illuminate/Pipeline/Pipeline->{closure:{closure:Illuminate/Pipeline/Pipeline::carry():194}:195}()
#28 C:/Users/Monami Sadhu/Music/🏫 Campus Lost & Found Portal – Authentication, CRUD, Search/vendor/laravel/framework/src/Illuminate/Pipeline/Pipeline.php(219): Illuminate/Cookie/Middleware/EncryptCookies->handle()
#29 C:/Users/Monami Sadhu/Music/🏫 Campus Lost & Found Portal – Authentication, CRUD, Search/vendor/laravel/framework/src/Illuminate/Pipeline/Pipeline.php(137): Illuminate/Pipeline/Pipeline->{closure:{closure:Illuminate/Pipeline/Pipeline::carry():194}:195}()
#30 C:/Users/Monami Sadhu/Music/🏫 Campus Lost & Found Portal – Authentication, CRUD, Search/vendor/laravel/framework/src/Illuminate/Routing/Router.php(821): Illuminate/Pipeline/Pipeline->then()
#31 C:/Users/Monami Sadhu/Music/🏫 Campus Lost & Found Portal – Authentication, CRUD, Search/vendor/laravel/framework/src/Illuminate/Routing/Router.php(800): Illuminate/Routing/Router->runRouteWithinStack()
#32 C:/Users/Monami Sadhu/Music/🏫 Campus Lost & Found Portal – Authentication, CRUD, Search/vendor/laravel/framework/src/Illuminate/Routing/Router.php(764): Illuminate/Routing/Router->runRoute()
#33 C:/Users/Monami Sadhu/Music/🏫 Campus Lost & Found Portal – Authentication, CRUD, Search/vendor/laravel/framework/src/Illuminate/Routing/Router.php(753): Illuminate/Routing/Router->dispatchToRoute()
#34 C:/Users/Monami Sadhu/Music/🏫 Campus Lost & Found Portal – Authentication, CRUD, Search/vendor/laravel/framework/src/Illuminate/Foundation/Http/Kernel.php(200): Illuminate/Routing/Router->dispatch()
#35 C:/Users/Monami Sadhu/Music/🏫 Campus Lost & Found Portal – Authentication, CRUD, Search/vendor/laravel/framework/src/Illuminate/Pipeline/Pipeline.php(180): Illuminate/Foundation/Http/Kernel->{closure:Illuminate/Foundation/Http/Kernel::dispatchToRouter():197}()
#36 C:/Users/Monami Sadhu/Music/🏫 Campus Lost & Found Portal – Authentication, CRUD, Search/vendor/laravel/framework/src/Illuminate/Foundation/Http/Middleware/TransformsRequest.php(21): Illuminate/Pipeline/Pipeline->{closure:Illuminate/Pipeline/Pipeline::prepareDestination():178}()
#37 C:/Users/Monami Sadhu/Music/🏫 Campus Lost & Found Portal – Authentication, CRUD, Search/vendor/laravel/framework/src/Illuminate/Foundation/Http/Middleware/ConvertEmptyStringsToNull.php(31): Illuminate/Foundation/Http/Middleware/TransformsRequest->handle()
#38 C:/Users/Monami Sadhu/Music/🏫 Campus Lost & Found Portal – Authentication, CRUD, Search/vendor/laravel/framework/src/Illuminate/Pipeline/Pipeline.php(219): Illuminate/Foundation/Http/Middleware/ConvertEmptyStringsToNull->handle()
#39 C:/Users/Monami Sadhu/Music/🏫 Campus Lost & Found Portal – Authentication, CRUD, Search/vendor/laravel/framework/src/Illuminate/Foundation/Http/Middleware/TransformsRequest.php(21): Illuminate/Pipeline/Pipeline->{closure:{closure:Illuminate/Pipeline/Pipeline::carry():194}:195}()
#40 C:/Users/Monami Sadhu/Music/🏫 Campus Lost & Found Portal – Authentication, CRUD, Search/vendor/laravel/framework/src/Illuminate/Foundation/Http/Middleware/TrimStrings.php(51): Illuminate/Foundation/Http/Middleware/TransformsRequest->handle()
#41 C:/Users/Monami Sadhu/Music/🏫 Campus Lost & Found Portal – Authentication, CRUD, Search/vendor/laravel/framework/src/Illuminate/Pipeline/Pipeline.php(219): Illuminate/Foundation/Http/Middleware/TrimStrings->handle()
#42 C:/Users/Monami Sadhu/Music/🏫 Campus Lost & Found Portal – Authentication, CRUD, Search/vendor/laravel/framework/src/Illuminate/Http/Middleware/ValidatePostSize.php(27): Illuminate/Pipeline/Pipeline->{closure:{closure:Illuminate/Pipeline/Pipeline::carry():194}:195}()
#43 C:/Users/Monami Sadhu/Music/🏫 Campus Lost & Found Portal – Authentication, CRUD, Search/vendor/laravel/framework/src/Illuminate/Pipeline/Pipeline.php(219): Illuminate/Http/Middleware/ValidatePostSize->handle()
#44 C:/Users/Monami Sadhu/Music/🏫 Campus Lost & Found Portal – Authentication, CRUD, Search/vendor/laravel/framework/src/Illuminate/Foundation/Http/Middleware/PreventRequestsDuringMaintenance.php(109): Illuminate/Pipeline/Pipeline->{closure:{closure:Illuminate/Pipeline/Pipeline::carry():194}:195}()
#45 C:/Users/Monami Sadhu/Music/🏫 Campus Lost & Found Portal – Authentication, CRUD, Search/vendor/laravel/framework/src/Illuminate/Pipeline/Pipeline.php(219): Illuminate/Foundation/Http/Middleware/PreventRequestsDuringMaintenance->handle()
#46 C:/Users/Monami Sadhu/Music/🏫 Campus Lost & Found Portal – Authentication, CRUD, Search/vendor/laravel/framework/src/Illuminate/Http/Middleware/HandleCors.php(61): Illuminate/Pipeline/Pipeline->{closure:{closure:Illuminate/Pipeline/Pipeline::carry():194}:195}()
#47 C:/Users/Monami Sadhu/Music/🏫 Campus Lost & Found Portal – Authentication, CRUD, Search/vendor/laravel/framework/src/Illuminate/Pipeline/Pipeline.php(219): Illuminate/Http/Middleware/HandleCors->handle()
#48 C:/Users/Monami Sadhu/Music/🏫 Campus Lost & Found Portal – Authentication, CRUD, Search/vendor/laravel/framework/src/Illuminate/Http/Middleware/TrustProxies.php(58): Illuminate/Pipeline/Pipeline->{closure:{closure:Illuminate/Pipeline/Pipeline::carry():194}:195}()
#49 C:/Users/Monami Sadhu/Music/🏫 Campus Lost & Found Portal – Authentication, CRUD, Search/vendor/laravel/framework/src/Illuminate/Pipeline/Pipeline.php(219): Illuminate/Http/Middleware/TrustProxies->handle()
#50 C:/Users/Monami Sadhu/Music/🏫 Campus Lost & Found Portal – Authentication, CRUD, Search/vendor/laravel/framework/src/Illuminate/Foundation/Http/Middleware/InvokeDeferredCallbacks.php(22): Illuminate/Pipeline/Pipeline->{closure:{closure:Illuminate/Pipeline/Pipeline::carry():194}:195}()
#51 C:/Users/Monami Sadhu/Music/🏫 Campus Lost & Found Portal – Authentication, CRUD, Search/vendor/laravel/framework/src/Illuminate/Pipeline/Pipeline.php(219): Illuminate/Foundation/Http/Middleware/InvokeDeferredCallbacks->handle()
#52 C:/Users/Monami Sadhu/Music/🏫 Campus Lost & Found Portal – Authentication, CRUD, Search/vendor/laravel/framework/src/Illuminate/Http/Middleware/ValidatePathEncoding.php(26): Illuminate/Pipeline/Pipeline->{closure:{closure:Illuminate/Pipeline/Pipeline::carry():194}:195}()
#53 C:/Users/Monami Sadhu/Music/🏫 Campus Lost & Found Portal – Authentication, CRUD, Search/vendor/laravel/framework/src/Illuminate/Pipeline/Pipeline.php(219): Illuminate/Http/Middleware/ValidatePathEncoding->handle()
#54 C:/Users/Monami Sadhu/Music/🏫 Campus Lost & Found Portal – Authentication, CRUD, Search/vendor/laravel/framework/src/Illuminate/Pipeline/Pipeline.php(137): Illuminate/Pipeline/Pipeline->{closure:{closure:Illuminate/Pipeline/Pipeline::carry():194}:195}()
#55 C:/Users/Monami Sadhu/Music/🏫 Campus Lost & Found Portal – Authentication, CRUD, Search/vendor/laravel/framework/src/Illuminate/Foundation/Http/Kernel.php(175): Illuminate/Pipeline/Pipeline->then()
#56 C:/Users/Monami Sadhu/Music/🏫 Campus Lost & Found Portal – Authentication, CRUD, Search/vendor/laravel/framework/src/Illuminate/Foundation/Http/Kernel.php(144): Illuminate/Foundation/Http/Kernel->sendRequestThroughRouter()
#57 C:/Users/Monami Sadhu/Music/🏫 Campus Lost & Found Portal – Authentication, CRUD, Search/public/index.php(9): Illuminate/Foundation/Http/Kernel->handle()
#58 C:/Users/Monami Sadhu/Music/🏫 Campus Lost & Found Portal – Authentication, CRUD, Search/vendor/laravel/framework/src/Illuminate/Foundation/resources/server.php(23): require_once('...')
#59 {main}
"} 
[2026-08-15 19:50:36] local.ERROR: SQLSTATE[HY000]: General error: 1 no such table: cache (Connection: sqlite, Database: database/database.sqlite, SQL: select * from "cache" where "key" in (campuslostandfound_cache_da4b9237bacccdf19c0760cab7aec4a8359010b0)) {"userId":2,"exception":"[object] (Illuminate\\Database\\QueryException(code: HY000): SQLSTATE[HY000]: General error: 1 no such table: cache (Connection: sqlite, Database: database/database.sqlite, SQL: select * from \"cache\" where \"key\" in (campuslostandfound_cache_da4b9237bacccdf19c0760cab7aec4a8359010b0)) at C:/Users/Monami Sadhu/Music/🏫 Campus Lost & Found Portal – Authentication, CRUD, Search/vendor/laravel/framework/src/Illuminate/Database/Connection.php:838)
[stacktrace]
#0 C:/Users/Monami Sadhu/Music/🏫 Campus Lost & Found Portal – Authentication, CRUD, Search/vendor/laravel/framework/src/Illuminate/Database/Connection.php(794): Illuminate/Database/Connection->runQueryCallback()
#1 C:/Users/Monami Sadhu/Music/🏫 Campus Lost & Found Portal – Authentication, CRUD, Search/vendor/laravel/framework/src/Illuminate/Database/Connection.php(411): Illuminate/Database/Connection->run()
#2 C:/Users/Monami Sadhu/Music/🏫 Campus Lost & Found Portal – Authentication, CRUD, Search/vendor/laravel/framework/src/Illuminate/Database/Query/Builder.php(3505): Illuminate/Database/Connection->select()
#3 C:/Users/Monami Sadhu/Music/🏫 Campus Lost & Found Portal – Authentication, CRUD, Search/vendor/laravel/framework/src/Illuminate/Database/Query/Builder.php(3490): Illuminate/Database/Query/Builder->runSelect()
#4 C:/Users/Monami Sadhu/Music/🏫 Campus Lost & Found Portal – Authentication, CRUD, Search/vendor/laravel/framework/src/Illuminate/Database/Query/Builder.php(4080): Illuminate/Database/Query/Builder->{closure:Illuminate/Database/Query/Builder::get():3489}()
#5 C:/Users/Monami Sadhu/Music/🏫 Campus Lost & Found Portal – Authentication, CRUD, Search/vendor/laravel/framework/src/Illuminate/Database/Query/Builder.php(3489): Illuminate/Database/Query/Builder->onceWithColumns()
#6 C:/Users/Monami Sadhu/Music/🏫 Campus Lost & Found Portal – Authentication, CRUD, Search/vendor/laravel/framework/src/Illuminate/Cache/DatabaseStore.php(140): Illuminate/Database/Query/Builder->get()
#7 C:/Users/Monami Sadhu/Music/🏫 Campus Lost & Found Portal – Authentication, CRUD, Search/vendor/laravel/framework/src/Illuminate/Cache/DatabaseStore.php(115): Illuminate/Cache/DatabaseStore->many()
#8 C:/Users/Monami Sadhu/Music/🏫 Campus Lost & Found Portal – Authentication, CRUD, Search/vendor/laravel/framework/src/Illuminate/Cache/Repository.php(125): Illuminate/Cache/DatabaseStore->get()
#9 C:/Users/Monami Sadhu/Music/🏫 Campus Lost & Found Portal – Authentication, CRUD, Search/vendor/laravel/framework/src/Illuminate/Cache/RateLimiter.php(206): Illuminate/Cache/Repository->get()
#10 C:/Users/Monami Sadhu/Music/🏫 Campus Lost & Found Portal – Authentication, CRUD, Search/vendor/laravel/framework/src/Illuminate/Cache/RateLimiter.php(300): Illuminate/Cache/RateLimiter->{closure:Illuminate/Cache/RateLimiter::attempts():206}()
#11 C:/Users/Monami Sadhu/Music/🏫 Campus Lost & Found Portal – Authentication, CRUD, Search/vendor/laravel/framework/src/Illuminate/Cache/RateLimiter.php(206): Illuminate/Cache/RateLimiter->withoutSerializationOrCompression()
#12 C:/Users/Monami Sadhu/Music/🏫 Campus Lost & Found Portal – Authentication, CRUD, Search/vendor/laravel/framework/src/Illuminate/Cache/RateLimiter.php(129): Illuminate/Cache/RateLimiter->attempts()
#13 C:/Users/Monami Sadhu/Music/🏫 Campus Lost & Found Portal – Authentication, CRUD, Search/vendor/laravel/framework/src/Illuminate/Routing/Middleware/ThrottleRequests.php(157): Illuminate/Cache/RateLimiter->tooManyAttempts()
#14 C:/Users/Monami Sadhu/Music/🏫 Campus Lost & Found Portal – Authentication, CRUD, Search/vendor/laravel/framework/src/Illuminate/Routing/Middleware/ThrottleRequests.php(93): Illuminate/Routing/Middleware/ThrottleRequests->handleRequest()
#15 C:/Users/Monami Sadhu/Music/🏫 Campus Lost & Found Portal – Authentication, CRUD, Search/vendor/laravel/framework/src/Illuminate/Pipeline/Pipeline.php(219): Illuminate/Routing/Middleware/ThrottleRequests->handle()
#16 C:/Users/Monami Sadhu/Music/🏫 Campus Lost & Found Portal – Authentication, CRUD, Search/vendor/laravel/framework/src/Illuminate/Foundation/Http/Middleware/VerifyCsrfToken.php(87): Illuminate/Pipeline/Pipeline->{closure:{closure:Illuminate/Pipeline/Pipeline::carry():194}:195}()
#17 C:/Users/Monami Sadhu/Music/🏫 Campus Lost & Found Portal – Authentication, CRUD, Search/vendor/laravel/framework/src/Illuminate/Pipeline/Pipeline.php(219): Illuminate/Foundation/Http/Middleware/VerifyCsrfToken->handle()
#18 C:/Users/Monami Sadhu/Music/🏫 Campus Lost & Found Portal – Authentication, CRUD, Search/vendor/laravel/framework/src/Illuminate/View/Middleware/ShareErrorsFromSession.php(48): Illuminate/Pipeline/Pipeline->{closure:{closure:Illuminate/Pipeline/Pipeline::carry():194}:195}()
#19 C:/Users/Monami Sadhu/Music/🏫 Campus Lost & Found Portal – Authentication, CRUD, Search/vendor/laravel/framework/src/Illuminate/Pipeline/Pipeline.php(219): Illuminate/View/Middleware/ShareErrorsFromSession->handle()
#20 C:/Users/Monami Sadhu/Music/🏫 Campus Lost & Found Portal – Authentication, CRUD, Search/vendor/laravel/framework/src/Illuminate/Session/Middleware/StartSession.php(120): Illuminate/Pipeline/Pipeline->{closure:{closure:Illuminate/Pipeline/Pipeline::carry():194}:195}()
#21 C:/Users/Monami Sadhu/Music/🏫 Campus Lost & Found Portal – Authentication, CRUD, Search/vendor/laravel/framework/src/Illuminate/Session/Middleware/StartSession.php(63): Illuminate/Session/Middleware/StartSession->handleStatefulRequest()
#22 C:/Users/Monami Sadhu/Music/🏫 Campus Lost & Found Portal – Authentication, CRUD, Search/vendor/laravel/framework/src/Illuminate/Pipeline/Pipeline.php(219): Illuminate/Session/Middleware/StartSession->handle()
#23 C:/Users/Monami Sadhu/Music/🏫 Campus Lost & Found Portal – Authentication, CRUD, Search/vendor/laravel/framework/src/Illuminate/Cookie/Middleware/AddQueuedCookiesToResponse.php(36): Illuminate/Pipeline/Pipeline->{closure:{closure:Illuminate/Pipeline/Pipeline::carry():194}:195}()
#24 C:/Users/Monami Sadhu/Music/🏫 Campus Lost & Found Portal – Authentication, CRUD, Search/vendor/laravel/framework/src/Illuminate/Pipeline/Pipeline.php(219): Illuminate/Cookie/Middleware/AddQueuedCookiesToResponse->handle()
#25 C:/Users/Monami Sadhu/Music/🏫 Campus Lost & Found Portal – Authentication, CRUD, Search/vendor/laravel/framework/src/Illuminate/Cookie/Middleware/EncryptCookies.php(74): Illuminate/Pipeline/Pipeline->{closure:{closure:Illuminate/Pipeline/Pipeline::carry():194}:195}()
#26 C:/Users/Monami Sadhu/Music/🏫 Campus Lost & Found Portal – Authentication, CRUD, Search/vendor/laravel/framework/src/Illuminate/Pipeline/Pipeline.php(219): Illuminate/Cookie/Middleware/EncryptCookies->handle()
#27 C:/Users/Monami Sadhu/Music/🏫 Campus Lost & Found Portal – Authentication, CRUD, Search/vendor/laravel/framework/src/Illuminate/Pipeline/Pipeline.php(137): Illuminate/Pipeline/Pipeline->{closure:{closure:Illuminate/Pipeline/Pipeline::carry():194}:195}()
#28 C:/Users/Monami Sadhu/Music/🏫 Campus Lost & Found Portal – Authentication, CRUD, Search/vendor/laravel/framework/src/Illuminate/Routing/Router.php(821): Illuminate/Pipeline/Pipeline->then()
#29 C:/Users/Monami Sadhu/Music/🏫 Campus Lost & Found Portal – Authentication, CRUD, Search/vendor/laravel/framework/src/Illuminate/Routing/Router.php(800): Illuminate/Routing/Router->runRouteWithinStack()
#30 C:/Users/Monami Sadhu/Music/🏫 Campus Lost & Found Portal – Authentication, CRUD, Search/vendor/laravel/framework/src/Illuminate/Routing/Router.php(764): Illuminate/Routing/Router->runRoute()
#31 C:/Users/Monami Sadhu/Music/🏫 Campus Lost & Found Portal – Authentication, CRUD, Search/vendor/laravel/framework/src/Illuminate/Routing/Router.php(753): Illuminate/Routing/Router->dispatchToRoute()
#32 C:/Users/Monami Sadhu/Music/🏫 Campus Lost & Found Portal – Authentication, CRUD, Search/vendor/laravel/framework/src/Illuminate/Foundation/Http/Kernel.php(200): Illuminate/Routing/Router->dispatch()
#33 C:/Users/Monami Sadhu/Music/🏫 Campus Lost & Found Portal – Authentication, CRUD, Search/vendor/laravel/framework/src/Illuminate/Pipeline/Pipeline.php(180): Illuminate/Foundation/Http/Kernel->{closure:Illuminate/Foundation/Http/Kernel::dispatchToRouter():197}()
#34 C:/Users/Monami Sadhu/Music/🏫 Campus Lost & Found Portal – Authentication, CRUD, Search/vendor/laravel/framework/src/Illuminate/Foundation/Http/Middleware/TransformsRequest.php(21): Illuminate/Pipeline/Pipeline->{closure:Illuminate/Pipeline/Pipeline::prepareDestination():178}()
#35 C:/Users/Monami Sadhu/Music/🏫 Campus Lost & Found Portal – Authentication, CRUD, Search/vendor/laravel/framework/src/Illuminate/Foundation/Http/Middleware/ConvertEmptyStringsToNull.php(31): Illuminate/Foundation/Http/Middleware/TransformsRequest->handle()
#36 C:/Users/Monami Sadhu/Music/🏫 Campus Lost & Found Portal – Authentication, CRUD, Search/vendor/laravel/framework/src/Illuminate/Pipeline/Pipeline.php(219): Illuminate/Foundation/Http/Middleware/ConvertEmptyStringsToNull->handle()
#37 C:/Users/Monami Sadhu/Music/🏫 Campus Lost & Found Portal – Authentication, CRUD, Search/vendor/laravel/framework/src/Illuminate/Foundation/Http/Middleware/TransformsRequest.php(21): Illuminate/Pipeline/Pipeline->{closure:{closure:Illuminate/Pipeline/Pipeline::carry():194}:195}()
#38 C:/Users/Monami Sadhu/Music/🏫 Campus Lost & Found Portal – Authentication, CRUD, Search/vendor/laravel/framework/src/Illuminate/Foundation/Http/Middleware/TrimStrings.php(51): Illuminate/Foundation/Http/Middleware/TransformsRequest->handle()
#39 C:/Users/Monami Sadhu/Music/🏫 Campus Lost & Found Portal – Authentication, CRUD, Search/vendor/laravel/framework/src/Illuminate/Pipeline/Pipeline.php(219): Illuminate/Foundation/Http/Middleware/TrimStrings->handle()
#40 C:/Users/Monami Sadhu/Music/🏫 Campus Lost & Found Portal – Authentication, CRUD, Search/vendor/laravel/framework/src/Illuminate/Http/Middleware/ValidatePostSize.php(27): Illuminate/Pipeline/Pipeline->{closure:{closure:Illuminate/Pipeline/Pipeline::carry():194}:195}()
#41 C:/Users/Monami Sadhu/Music/🏫 Campus Lost & Found Portal – Authentication, CRUD, Search/vendor/laravel/framework/src/Illuminate/Pipeline/Pipeline.php(219): Illuminate/Http/Middleware/ValidatePostSize->handle()
#42 C:/Users/Monami Sadhu/Music/🏫 Campus Lost & Found Portal – Authentication, CRUD, Search/vendor/laravel/framework/src/Illuminate/Foundation/Http/Middleware/PreventRequestsDuringMaintenance.php(109): Illuminate/Pipeline/Pipeline->{closure:{closure:Illuminate/Pipeline/Pipeline::carry():194}:195}()
#43 C:/Users/Monami Sadhu/Music/🏫 Campus Lost & Found Portal – Authentication, CRUD, Search/vendor/laravel/framework/src/Illuminate/Pipeline/Pipeline.php(219): Illuminate/Foundation/Http/Middleware/PreventRequestsDuringMaintenance->handle()
#44 C:/Users/Monami Sadhu/Music/🏫 Campus Lost & Found Portal – Authentication, CRUD, Search/vendor/laravel/framework/src/Illuminate/Http/Middleware/HandleCors.php(61): Illuminate/Pipeline/Pipeline->{closure:{closure:Illuminate/Pipeline/Pipeline::carry():194}:195}()
#45 C:/Users/Monami Sadhu/Music/🏫 Campus Lost & Found Portal – Authentication, CRUD, Search/vendor/laravel/framework/src/Illuminate/Pipeline/Pipeline.php(219): Illuminate/Http/Middleware/HandleCors->handle()
#46 C:/Users/Monami Sadhu/Music/🏫 Campus Lost & Found Portal – Authentication, CRUD, Search/vendor/laravel/framework/src/Illuminate/Http/Middleware/TrustProxies.php(58): Illuminate/Pipeline/Pipeline->{closure:{closure:Illuminate/Pipeline/Pipeline::carry():194}:195}()
#47 C:/Users/Monami Sadhu/Music/🏫 Campus Lost & Found Portal – Authentication, CRUD, Search/vendor/laravel/framework/src/Illuminate/Pipeline/Pipeline.php(219): Illuminate/Http/Middleware/TrustProxies->handle()
#48 C:/Users/Monami Sadhu/Music/🏫 Campus Lost & Found Portal – Authentication, CRUD, Search/vendor/laravel/framework/src/Illuminate/Foundation/Http/Middleware/InvokeDeferredCallbacks.php(22): Illuminate/Pipeline/Pipeline->{closure:{closure:Illuminate/Pipeline/Pipeline::carry():194}:195}()
#49 C:/Users/Monami Sadhu/Music/🏫 Campus Lost & Found Portal – Authentication, CRUD, Search/vendor/laravel/framework/src/Illuminate/Pipeline/Pipeline.php(219): Illuminate/Foundation/Http/Middleware/InvokeDeferredCallbacks->handle()
#50 C:/Users/Monami Sadhu/Music/🏫 Campus Lost & Found Portal – Authentication, CRUD, Search/vendor/laravel/framework/src/Illuminate/Http/Middleware/ValidatePathEncoding.php(26): Illuminate/Pipeline/Pipeline->{closure:{closure:Illuminate/Pipeline/Pipeline::carry():194}:195}()
#51 C:/Users/Monami Sadhu/Music/🏫 Campus Lost & Found Portal – Authentication, CRUD, Search/vendor/laravel/framework/src/Illuminate/Pipeline/Pipeline.php(219): Illuminate/Http/Middleware/ValidatePathEncoding->handle()
#52 C:/Users/Monami Sadhu/Music/🏫 Campus Lost & Found Portal – Authentication, CRUD, Search/vendor/laravel/framework/src/Illuminate/Pipeline/Pipeline.php(137): Illuminate/Pipeline/Pipeline->{closure:{closure:Illuminate/Pipeline/Pipeline::carry():194}:195}()
#53 C:/Users/Monami Sadhu/Music/🏫 Campus Lost & Found Portal – Authentication, CRUD, Search/vendor/laravel/framework/src/Illuminate/Foundation/Http/Kernel.php(175): Illuminate/Pipeline/Pipeline->then()
#54 C:/Users/Monami Sadhu/Music/🏫 Campus Lost & Found Portal – Authentication, CRUD, Search/vendor/laravel/framework/src/Illuminate/Foundation/Http/Kernel.php(144): Illuminate/Foundation/Http/Kernel->sendRequestThroughRouter()
#55 C:/Users/Monami Sadhu/Music/🏫 Campus Lost & Found Portal – Authentication, CRUD, Search/public/index.php(9): Illuminate/Foundation/Http/Kernel->handle()
#56 C:/Users/Monami Sadhu/Music/🏫 Campus Lost & Found Portal – Authentication, CRUD, Search/vendor/laravel/framework/src/Illuminate/Foundation/resources/server.php(23): require_once('...')
#57 {main}

[previous exception] [object] (PDOException(code: HY000): SQLSTATE[HY000]: General error: 1 no such table: cache at C:/Users/Monami Sadhu/Music/🏫 Campus Lost & Found Portal – Authentication, CRUD, Search/vendor/laravel/framework/src/Illuminate/Database/Connection.php:420)
[stacktrace]
#0 C:/Users/Monami Sadhu/Music/🏫 Campus Lost & Found Portal – Authentication, CRUD, Search/vendor/laravel/framework/src/Illuminate/Database/Connection.php(420): PDO->prepare()
#1 C:/Users/Monami Sadhu/Music/🏫 Campus Lost & Found Portal – Authentication, CRUD, Search/vendor/laravel/framework/src/Illuminate/Database/Connection.php(827): Illuminate/Database/Connection->{closure:Illuminate/Database/Connection::select():411}()
#2 C:/Users/Monami Sadhu/Music/🏫 Campus Lost & Found Portal – Authentication, CRUD, Search/vendor/laravel/framework/src/Illuminate/Database/Connection.php(794): Illuminate/Database/Connection->runQueryCallback()
#3 C:/Users/Monami Sadhu/Music/🏫 Campus Lost & Found Portal – Authentication, CRUD, Search/vendor/laravel/framework/src/Illuminate/Database/Connection.php(411): Illuminate/Database/Connection->run()
#4 C:/Users/Monami Sadhu/Music/🏫 Campus Lost & Found Portal – Authentication, CRUD, Search/vendor/laravel/framework/src/Illuminate/Database/Query/Builder.php(3505): Illuminate/Database/Connection->select()
#5 C:/Users/Monami Sadhu/Music/🏫 Campus Lost & Found Portal – Authentication, CRUD, Search/vendor/laravel/framework/src/Illuminate/Database/Query/Builder.php(3490): Illuminate/Database/Query/Builder->runSelect()
#6 C:/Users/Monami Sadhu/Music/🏫 Campus Lost & Found Portal – Authentication, CRUD, Search/vendor/laravel/framework/src/Illuminate/Database/Query/Builder.php(4080): Illuminate/Database/Query/Builder->{closure:Illuminate/Database/Query/Builder::get():3489}()
#7 C:/Users/Monami Sadhu/Music/🏫 Campus Lost & Found Portal – Authentication, CRUD, Search/vendor/laravel/framework/src/Illuminate/Database/Query/Builder.php(3489): Illuminate/Database/Query/Builder->onceWithColumns()
#8 C:/Users/Monami Sadhu/Music/🏫 Campus Lost & Found Portal – Authentication, CRUD, Search/vendor/laravel/framework/src/Illuminate/Cache/DatabaseStore.php(140): Illuminate/Database/Query/Builder->get()
#9 C:/Users/Monami Sadhu/Music/🏫 Campus Lost & Found Portal – Authentication, CRUD, Search/vendor/laravel/framework/src/Illuminate/Cache/DatabaseStore.php(115): Illuminate/Cache/DatabaseStore->many()
#10 C:/Users/Monami Sadhu/Music/🏫 Campus Lost & Found Portal – Authentication, CRUD, Search/vendor/laravel/framework/src/Illuminate/Cache/Repository.php(125): Illuminate/Cache/DatabaseStore->get()
#11 C:/Users/Monami Sadhu/Music/🏫 Campus Lost & Found Portal – Authentication, CRUD, Search/vendor/laravel/framework/src/Illuminate/Cache/RateLimiter.php(206): Illuminate/Cache/Repository->get()
#12 C:/Users/Monami Sadhu/Music/🏫 Campus Lost & Found Portal – Authentication, CRUD, Search/vendor/laravel/framework/src/Illuminate/Cache/RateLimiter.php(300): Illuminate/Cache/RateLimiter->{closure:Illuminate/Cache/RateLimiter::attempts():206}()
#13 C:/Users/Monami Sadhu/Music/🏫 Campus Lost & Found Portal – Authentication, CRUD, Search/vendor/laravel/framework/src/Illuminate/Cache/RateLimiter.php(206): Illuminate/Cache/RateLimiter->withoutSerializationOrCompression()
#14 C:/Users/Monami Sadhu/Music/🏫 Campus Lost & Found Portal – Authentication, CRUD, Search/vendor/laravel/framework/src/Illuminate/Cache/RateLimiter.php(129): Illuminate/Cache/RateLimiter->attempts()
#15 C:/Users/Monami Sadhu/Music/🏫 Campus Lost & Found Portal – Authentication, CRUD, Search/vendor/laravel/framework/src/Illuminate/Routing/Middleware/ThrottleRequests.php(157): Illuminate/Cache/RateLimiter->tooManyAttempts()
#16 C:/Users/Monami Sadhu/Music/🏫 Campus Lost & Found Portal – Authentication, CRUD, Search/vendor/laravel/framework/src/Illuminate/Routing/Middleware/ThrottleRequests.php(93): Illuminate/Routing/Middleware/ThrottleRequests->handleRequest()
#17 C:/Users/Monami Sadhu/Music/🏫 Campus Lost & Found Portal – Authentication, CRUD, Search/vendor/laravel/framework/src/Illuminate/Pipeline/Pipeline.php(219): Illuminate/Routing/Middleware/ThrottleRequests->handle()
#18 C:/Users/Monami Sadhu/Music/🏫 Campus Lost & Found Portal – Authentication, CRUD, Search/vendor/laravel/framework/src/Illuminate/Foundation/Http/Middleware/VerifyCsrfToken.php(87): Illuminate/Pipeline/Pipeline->{closure:{closure:Illuminate/Pipeline/Pipeline::carry():194}:195}()
#19 C:/Users/Monami Sadhu/Music/🏫 Campus Lost & Found Portal – Authentication, CRUD, Search/vendor/laravel/framework/src/Illuminate/Pipeline/Pipeline.php(219): Illuminate/Foundation/Http/Middleware/VerifyCsrfToken->handle()
#20 C:/Users/Monami Sadhu/Music/🏫 Campus Lost & Found Portal – Authentication, CRUD, Search/vendor/laravel/framework/src/Illuminate/View/Middleware/ShareErrorsFromSession.php(48): Illuminate/Pipeline/Pipeline->{closure:{closure:Illuminate/Pipeline/Pipeline::carry():194}:195}()
#21 C:/Users/Monami Sadhu/Music/🏫 Campus Lost & Found Portal – Authentication, CRUD, Search/vendor/laravel/framework/src/Illuminate/Pipeline/Pipeline.php(219): Illuminate/View/Middleware/ShareErrorsFromSession->handle()
#22 C:/Users/Monami Sadhu/Music/🏫 Campus Lost & Found Portal – Authentication, CRUD, Search/vendor/laravel/framework/src/Illuminate/Session/Middleware/StartSession.php(120): Illuminate/Pipeline/Pipeline->{closure:{closure:Illuminate/Pipeline/Pipeline::carry():194}:195}()
#23 C:/Users/Monami Sadhu/Music/🏫 Campus Lost & Found Portal – Authentication, CRUD, Search/vendor/laravel/framework/src/Illuminate/Session/Middleware/StartSession.php(63): Illuminate/Session/Middleware/StartSession->handleStatefulRequest()
#24 C:/Users/Monami Sadhu/Music/🏫 Campus Lost & Found Portal – Authentication, CRUD, Search/vendor/laravel/framework/src/Illuminate/Pipeline/Pipeline.php(219): Illuminate/Session/Middleware/StartSession->handle()
#25 C:/Users/Monami Sadhu/Music/🏫 Campus Lost & Found Portal – Authentication, CRUD, Search/vendor/laravel/framework/src/Illuminate/Cookie/Middleware/AddQueuedCookiesToResponse.php(36): Illuminate/Pipeline/Pipeline->{closure:{closure:Illuminate/Pipeline/Pipeline::carry():194}:195}()
#26 C:/Users/Monami Sadhu/Music/🏫 Campus Lost & Found Portal – Authentication, CRUD, Search/vendor/laravel/framework/src/Illuminate/Pipeline/Pipeline.php(219): Illuminate/Cookie/Middleware/AddQueuedCookiesToResponse->handle()
#27 C:/Users/Monami Sadhu/Music/🏫 Campus Lost & Found Portal – Authentication, CRUD, Search/vendor/laravel/framework/src/Illuminate/Cookie/Middleware/EncryptCookies.php(74): Illuminate/Pipeline/Pipeline->{closure:{closure:Illuminate/Pipeline/Pipeline::carry():194}:195}()
#28 C:/Users/Monami Sadhu/Music/🏫 Campus Lost & Found Portal – Authentication, CRUD, Search/vendor/laravel/framework/src/Illuminate/Pipeline/Pipeline.php(219): Illuminate/Cookie/Middleware/EncryptCookies->handle()
#29 C:/Users/Monami Sadhu/Music/🏫 Campus Lost & Found Portal – Authentication, CRUD, Search/vendor/laravel/framework/src/Illuminate/Pipeline/Pipeline.php(137): Illuminate/Pipeline/Pipeline->{closure:{closure:Illuminate/Pipeline/Pipeline::carry():194}:195}()
#30 C:/Users/Monami Sadhu/Music/🏫 Campus Lost & Found Portal – Authentication, CRUD, Search/vendor/laravel/framework/src/Illuminate/Routing/Router.php(821): Illuminate/Pipeline/Pipeline->then()
#31 C:/Users/Monami Sadhu/Music/🏫 Campus Lost & Found Portal – Authentication, CRUD, Search/vendor/laravel/framework/src/Illuminate/Routing/Router.php(800): Illuminate/Routing/Router->runRouteWithinStack()
#32 C:/Users/Monami Sadhu/Music/🏫 Campus Lost & Found Portal – Authentication, CRUD, Search/vendor/laravel/framework/src/Illuminate/Routing/Router.php(764): Illuminate/Routing/Router->runRoute()
#33 C:/Users/Monami Sadhu/Music/🏫 Campus Lost & Found Portal – Authentication, CRUD, Search/vendor/laravel/framework/src/Illuminate/Routing/Router.php(753): Illuminate/Routing/Router->dispatchToRoute()
#34 C:/Users/Monami Sadhu/Music/🏫 Campus Lost & Found Portal – Authentication, CRUD, Search/vendor/laravel/framework/src/Illuminate/Foundation/Http/Kernel.php(200): Illuminate/Routing/Router->dispatch()
#35 C:/Users/Monami Sadhu/Music/🏫 Campus Lost & Found Portal – Authentication, CRUD, Search/vendor/laravel/framework/src/Illuminate/Pipeline/Pipeline.php(180): Illuminate/Foundation/Http/Kernel->{closure:Illuminate/Foundation/Http/Kernel::dispatchToRouter():197}()
#36 C:/Users/Monami Sadhu/Music/🏫 Campus Lost & Found Portal – Authentication, CRUD, Search/vendor/laravel/framework/src/Illuminate/Foundation/Http/Middleware/TransformsRequest.php(21): Illuminate/Pipeline/Pipeline->{closure:Illuminate/Pipeline/Pipeline::prepareDestination():178}()
#37 C:/Users/Monami Sadhu/Music/🏫 Campus Lost & Found Portal – Authentication, CRUD, Search/vendor/laravel/framework/src/Illuminate/Foundation/Http/Middleware/ConvertEmptyStringsToNull.php(31): Illuminate/Foundation/Http/Middleware/TransformsRequest->handle()
#38 C:/Users/Monami Sadhu/Music/🏫 Campus Lost & Found Portal – Authentication, CRUD, Search/vendor/laravel/framework/src/Illuminate/Pipeline/Pipeline.php(219): Illuminate/Foundation/Http/Middleware/ConvertEmptyStringsToNull->handle()
#39 C:/Users/Monami Sadhu/Music/🏫 Campus Lost & Found Portal – Authentication, CRUD, Search/vendor/laravel/framework/src/Illuminate/Foundation/Http/Middleware/TransformsRequest.php(21): Illuminate/Pipeline/Pipeline->{closure:{closure:Illuminate/Pipeline/Pipeline::carry():194}:195}()
#40 C:/Users/Monami Sadhu/Music/🏫 Campus Lost & Found Portal – Authentication, CRUD, Search/vendor/laravel/framework/src/Illuminate/Foundation/Http/Middleware/TrimStrings.php(51): Illuminate/Foundation/Http/Middleware/TransformsRequest->handle()
#41 C:/Users/Monami Sadhu/Music/🏫 Campus Lost & Found Portal – Authentication, CRUD, Search/vendor/laravel/framework/src/Illuminate/Pipeline/Pipeline.php(219): Illuminate/Foundation/Http/Middleware/TrimStrings->handle()
#42 C:/Users/Monami Sadhu/Music/🏫 Campus Lost & Found Portal – Authentication, CRUD, Search/vendor/laravel/framework/src/Illuminate/Http/Middleware/ValidatePostSize.php(27): Illuminate/Pipeline/Pipeline->{closure:{closure:Illuminate/Pipeline/Pipeline::carry():194}:195}()
#43 C:/Users/Monami Sadhu/Music/🏫 Campus Lost & Found Portal – Authentication, CRUD, Search/vendor/laravel/framework/src/Illuminate/Pipeline/Pipeline.php(219): Illuminate/Http/Middleware/ValidatePostSize->handle()
#44 C:/Users/Monami Sadhu/Music/🏫 Campus Lost & Found Portal – Authentication, CRUD, Search/vendor/laravel/framework/src/Illuminate/Foundation/Http/Middleware/PreventRequestsDuringMaintenance.php(109): Illuminate/Pipeline/Pipeline->{closure:{closure:Illuminate/Pipeline/Pipeline::carry():194}:195}()
#45 C:/Users/Monami Sadhu/Music/🏫 Campus Lost & Found Portal – Authentication, CRUD, Search/vendor/laravel/framework/src/Illuminate/Pipeline/Pipeline.php(219): Illuminate/Foundation/Http/Middleware/PreventRequestsDuringMaintenance->handle()
#46 C:/Users/Monami Sadhu/Music/🏫 Campus Lost & Found Portal – Authentication, CRUD, Search/vendor/laravel/framework/src/Illuminate/Http/Middleware/HandleCors.php(61): Illuminate/Pipeline/Pipeline->{closure:{closure:Illuminate/Pipeline/Pipeline::carry():194}:195}()
#47 C:/Users/Monami Sadhu/Music/🏫 Campus Lost & Found Portal – Authentication, CRUD, Search/vendor/laravel/framework/src/Illuminate/Pipeline/Pipeline.php(219): Illuminate/Http/Middleware/HandleCors->handle()
#48 C:/Users/Monami Sadhu/Music/🏫 Campus Lost & Found Portal – Authentication, CRUD, Search/vendor/laravel/framework/src/Illuminate/Http/Middleware/TrustProxies.php(58): Illuminate/Pipeline/Pipeline->{closure:{closure:Illuminate/Pipeline/Pipeline::carry():194}:195}()
#49 C:/Users/Monami Sadhu/Music/🏫 Campus Lost & Found Portal – Authentication, CRUD, Search/vendor/laravel/framework/src/Illuminate/Pipeline/Pipeline.php(219): Illuminate/Http/Middleware/TrustProxies->handle()
#50 C:/Users/Monami Sadhu/Music/🏫 Campus Lost & Found Portal – Authentication, CRUD, Search/vendor/laravel/framework/src/Illuminate/Foundation/Http/Middleware/InvokeDeferredCallbacks.php(22): Illuminate/Pipeline/Pipeline->{closure:{closure:Illuminate/Pipeline/Pipeline::carry():194}:195}()
#51 C:/Users/Monami Sadhu/Music/🏫 Campus Lost & Found Portal – Authentication, CRUD, Search/vendor/laravel/framework/src/Illuminate/Pipeline/Pipeline.php(219): Illuminate/Foundation/Http/Middleware/InvokeDeferredCallbacks->handle()
#52 C:/Users/Monami Sadhu/Music/🏫 Campus Lost & Found Portal – Authentication, CRUD, Search/vendor/laravel/framework/src/Illuminate/Http/Middleware/ValidatePathEncoding.php(26): Illuminate/Pipeline/Pipeline->{closure:{closure:Illuminate/Pipeline/Pipeline::carry():194}:195}()
#53 C:/Users/Monami Sadhu/Music/🏫 Campus Lost & Found Portal – Authentication, CRUD, Search/vendor/laravel/framework/src/Illuminate/Pipeline/Pipeline.php(219): Illuminate/Http/Middleware/ValidatePathEncoding->handle()
#54 C:/Users/Monami Sadhu/Music/🏫 Campus Lost & Found Portal – Authentication, CRUD, Search/vendor/laravel/framework/src/Illuminate/Pipeline/Pipeline.php(137): Illuminate/Pipeline/Pipeline->{closure:{closure:Illuminate/Pipeline/Pipeline::carry():194}:195}()
#55 C:/Users/Monami Sadhu/Music/🏫 Campus Lost & Found Portal – Authentication, CRUD, Search/vendor/laravel/framework/src/Illuminate/Foundation/Http/Kernel.php(175): Illuminate/Pipeline/Pipeline->then()
#56 C:/Users/Monami Sadhu/Music/🏫 Campus Lost & Found Portal – Authentication, CRUD, Search/vendor/laravel/framework/src/Illuminate/Foundation/Http/Kernel.php(144): Illuminate/Foundation/Http/Kernel->sendRequestThroughRouter()
#57 C:/Users/Monami Sadhu/Music/🏫 Campus Lost & Found Portal – Authentication, CRUD, Search/public/index.php(9): Illuminate/Foundation/Http/Kernel->handle()
#58 C:/Users/Monami Sadhu/Music/🏫 Campus Lost & Found Portal – Authentication, CRUD, Search/vendor/laravel/framework/src/Illuminate/Foundation/resources/server.php(23): require_once('...')
#59 {main}
"} 
[2026-08-15 19:52:32] local.ERROR: SQLSTATE[HY000]: General error: 1 no such table: cache (Connection: sqlite, Database: database/database.sqlite, SQL: select * from "cache" where "key" in (campuslostandfound_cache_da4b9237bacccdf19c0760cab7aec4a8359010b0)) {"userId":2,"exception":"[object] (Illuminate\\Database\\QueryException(code: HY000): SQLSTATE[HY000]: General error: 1 no such table: cache (Connection: sqlite, Database: database/database.sqlite, SQL: select * from \"cache\" where \"key\" in (campuslostandfound_cache_da4b9237bacccdf19c0760cab7aec4a8359010b0)) at C:/Users/Monami Sadhu/Music/🏫 Campus Lost & Found Portal – Authentication, CRUD, Search/vendor/laravel/framework/src/Illuminate/Database/Connection.php:838)
[stacktrace]
#0 C:/Users/Monami Sadhu/Music/🏫 Campus Lost & Found Portal – Authentication, CRUD, Search/vendor/laravel/framework/src/Illuminate/Database/Connection.php(794): Illuminate/Database/Connection->runQueryCallback()
#1 C:/Users/Monami Sadhu/Music/🏫 Campus Lost & Found Portal – Authentication, CRUD, Search/vendor/laravel/framework/src/Illuminate/Database/Connection.php(411): Illuminate/Database/Connection->run()
#2 C:/Users/Monami Sadhu/Music/🏫 Campus Lost & Found Portal – Authentication, CRUD, Search/vendor/laravel/framework/src/Illuminate/Database/Query/Builder.php(3505): Illuminate/Database/Connection->select()
#3 C:/Users/Monami Sadhu/Music/🏫 Campus Lost & Found Portal – Authentication, CRUD, Search/vendor/laravel/framework/src/Illuminate/Database/Query/Builder.php(3490): Illuminate/Database/Query/Builder->runSelect()
#4 C:/Users/Monami Sadhu/Music/🏫 Campus Lost & Found Portal – Authentication, CRUD, Search/vendor/laravel/framework/src/Illuminate/Database/Query/Builder.php(4080): Illuminate/Database/Query/Builder->{closure:Illuminate/Database/Query/Builder::get():3489}()
#5 C:/Users/Monami Sadhu/Music/🏫 Campus Lost & Found Portal – Authentication, CRUD, Search/vendor/laravel/framework/src/Illuminate/Database/Query/Builder.php(3489): Illuminate/Database/Query/Builder->onceWithColumns()
#6 C:/Users/Monami Sadhu/Music/🏫 Campus Lost & Found Portal – Authentication, CRUD, Search/vendor/laravel/framework/src/Illuminate/Cache/DatabaseStore.php(140): Illuminate/Database/Query/Builder->get()
#7 C:/Users/Monami Sadhu/Music/🏫 Campus Lost & Found Portal – Authentication, CRUD, Search/vendor/laravel/framework/src/Illuminate/Cache/DatabaseStore.php(115): Illuminate/Cache/DatabaseStore->many()
#8 C:/Users/Monami Sadhu/Music/🏫 Campus Lost & Found Portal – Authentication, CRUD, Search/vendor/laravel/framework/src/Illuminate/Cache/Repository.php(125): Illuminate/Cache/DatabaseStore->get()
#9 C:/Users/Monami Sadhu/Music/🏫 Campus Lost & Found Portal – Authentication, CRUD, Search/vendor/laravel/framework/src/Illuminate/Cache/RateLimiter.php(206): Illuminate/Cache/Repository->get()
#10 C:/Users/Monami Sadhu/Music/🏫 Campus Lost & Found Portal – Authentication, CRUD, Search/vendor/laravel/framework/src/Illuminate/Cache/RateLimiter.php(300): Illuminate/Cache/RateLimiter->{closure:Illuminate/Cache/RateLimiter::attempts():206}()
#11 C:/Users/Monami Sadhu/Music/🏫 Campus Lost & Found Portal – Authentication, CRUD, Search/vendor/laravel/framework/src/Illuminate/Cache/RateLimiter.php(206): Illuminate/Cache/RateLimiter->withoutSerializationOrCompression()
#12 C:/Users/Monami Sadhu/Music/🏫 Campus Lost & Found Portal – Authentication, CRUD, Search/vendor/laravel/framework/src/Illuminate/Cache/RateLimiter.php(129): Illuminate/Cache/RateLimiter->attempts()
#13 C:/Users/Monami Sadhu/Music/🏫 Campus Lost & Found Portal – Authentication, CRUD, Search/vendor/laravel/framework/src/Illuminate/Routing/Middleware/ThrottleRequests.php(157): Illuminate/Cache/RateLimiter->tooManyAttempts()
#14 C:/Users/Monami Sadhu/Music/🏫 Campus Lost & Found Portal – Authentication, CRUD, Search/vendor/laravel/framework/src/Illuminate/Routing/Middleware/ThrottleRequests.php(93): Illuminate/Routing/Middleware/ThrottleRequests->handleRequest()
#15 C:/Users/Monami Sadhu/Music/🏫 Campus Lost & Found Portal – Authentication, CRUD, Search/vendor/laravel/framework/src/Illuminate/Pipeline/Pipeline.php(219): Illuminate/Routing/Middleware/ThrottleRequests->handle()
#16 C:/Users/Monami Sadhu/Music/🏫 Campus Lost & Found Portal – Authentication, CRUD, Search/vendor/laravel/framework/src/Illuminate/Foundation/Http/Middleware/VerifyCsrfToken.php(87): Illuminate/Pipeline/Pipeline->{closure:{closure:Illuminate/Pipeline/Pipeline::carry():194}:195}()
#17 C:/Users/Monami Sadhu/Music/🏫 Campus Lost & Found Portal – Authentication, CRUD, Search/vendor/laravel/framework/src/Illuminate/Pipeline/Pipeline.php(219): Illuminate/Foundation/Http/Middleware/VerifyCsrfToken->handle()
#18 C:/Users/Monami Sadhu/Music/🏫 Campus Lost & Found Portal – Authentication, CRUD, Search/vendor/laravel/framework/src/Illuminate/View/Middleware/ShareErrorsFromSession.php(48): Illuminate/Pipeline/Pipeline->{closure:{closure:Illuminate/Pipeline/Pipeline::carry():194}:195}()
#19 C:/Users/Monami Sadhu/Music/🏫 Campus Lost & Found Portal – Authentication, CRUD, Search/vendor/laravel/framework/src/Illuminate/Pipeline/Pipeline.php(219): Illuminate/View/Middleware/ShareErrorsFromSession->handle()
#20 C:/Users/Monami Sadhu/Music/🏫 Campus Lost & Found Portal – Authentication, CRUD, Search/vendor/laravel/framework/src/Illuminate/Session/Middleware/StartSession.php(120): Illuminate/Pipeline/Pipeline->{closure:{closure:Illuminate/Pipeline/Pipeline::carry():194}:195}()
#21 C:/Users/Monami Sadhu/Music/🏫 Campus Lost & Found Portal – Authentication, CRUD, Search/vendor/laravel/framework/src/Illuminate/Session/Middleware/StartSession.php(63): Illuminate/Session/Middleware/StartSession->handleStatefulRequest()
#22 C:/Users/Monami Sadhu/Music/🏫 Campus Lost & Found Portal – Authentication, CRUD, Search/vendor/laravel/framework/src/Illuminate/Pipeline/Pipeline.php(219): Illuminate/Session/Middleware/StartSession->handle()
#23 C:/Users/Monami Sadhu/Music/🏫 Campus Lost & Found Portal – Authentication, CRUD, Search/vendor/laravel/framework/src/Illuminate/Cookie/Middleware/AddQueuedCookiesToResponse.php(36): Illuminate/Pipeline/Pipeline->{closure:{closure:Illuminate/Pipeline/Pipeline::carry():194}:195}()
#24 C:/Users/Monami Sadhu/Music/🏫 Campus Lost & Found Portal – Authentication, CRUD, Search/vendor/laravel/framework/src/Illuminate/Pipeline/Pipeline.php(219): Illuminate/Cookie/Middleware/AddQueuedCookiesToResponse->handle()
#25 C:/Users/Monami Sadhu/Music/🏫 Campus Lost & Found Portal – Authentication, CRUD, Search/vendor/laravel/framework/src/Illuminate/Cookie/Middleware/EncryptCookies.php(74): Illuminate/Pipeline/Pipeline->{closure:{closure:Illuminate/Pipeline/Pipeline::carry():194}:195}()
#26 C:/Users/Monami Sadhu/Music/🏫 Campus Lost & Found Portal – Authentication, CRUD, Search/vendor/laravel/framework/src/Illuminate/Pipeline/Pipeline.php(219): Illuminate/Cookie/Middleware/EncryptCookies->handle()
#27 C:/Users/Monami Sadhu/Music/🏫 Campus Lost & Found Portal – Authentication, CRUD, Search/vendor/laravel/framework/src/Illuminate/Pipeline/Pipeline.php(137): Illuminate/Pipeline/Pipeline->{closure:{closure:Illuminate/Pipeline/Pipeline::carry():194}:195}()
#28 C:/Users/Monami Sadhu/Music/🏫 Campus Lost & Found Portal – Authentication, CRUD, Search/vendor/laravel/framework/src/Illuminate/Routing/Router.php(821): Illuminate/Pipeline/Pipeline->then()
#29 C:/Users/Monami Sadhu/Music/🏫 Campus Lost & Found Portal – Authentication, CRUD, Search/vendor/laravel/framework/src/Illuminate/Routing/Router.php(800): Illuminate/Routing/Router->runRouteWithinStack()
#30 C:/Users/Monami Sadhu/Music/🏫 Campus Lost & Found Portal – Authentication, CRUD, Search/vendor/laravel/framework/src/Illuminate/Routing/Router.php(764): Illuminate/Routing/Router->runRoute()
#31 C:/Users/Monami Sadhu/Music/🏫 Campus Lost & Found Portal – Authentication, CRUD, Search/vendor/laravel/framework/src/Illuminate/Routing/Router.php(753): Illuminate/Routing/Router->dispatchToRoute()
#32 C:/Users/Monami Sadhu/Music/🏫 Campus Lost & Found Portal – Authentication, CRUD, Search/vendor/laravel/framework/src/Illuminate/Foundation/Http/Kernel.php(200): Illuminate/Routing/Router->dispatch()
#33 C:/Users/Monami Sadhu/Music/🏫 Campus Lost & Found Portal – Authentication, CRUD, Search/vendor/laravel/framework/src/Illuminate/Pipeline/Pipeline.php(180): Illuminate/Foundation/Http/Kernel->{closure:Illuminate/Foundation/Http/Kernel::dispatchToRouter():197}()
#34 C:/Users/Monami Sadhu/Music/🏫 Campus Lost & Found Portal – Authentication, CRUD, Search/vendor/laravel/framework/src/Illuminate/Foundation/Http/Middleware/TransformsRequest.php(21): Illuminate/Pipeline/Pipeline->{closure:Illuminate/Pipeline/Pipeline::prepareDestination():178}()
#35 C:/Users/Monami Sadhu/Music/🏫 Campus Lost & Found Portal – Authentication, CRUD, Search/vendor/laravel/framework/src/Illuminate/Foundation/Http/Middleware/ConvertEmptyStringsToNull.php(31): Illuminate/Foundation/Http/Middleware/TransformsRequest->handle()
#36 C:/Users/Monami Sadhu/Music/🏫 Campus Lost & Found Portal – Authentication, CRUD, Search/vendor/laravel/framework/src/Illuminate/Pipeline/Pipeline.php(219): Illuminate/Foundation/Http/Middleware/ConvertEmptyStringsToNull->handle()
#37 C:/Users/Monami Sadhu/Music/🏫 Campus Lost & Found Portal – Authentication, CRUD, Search/vendor/laravel/framework/src/Illuminate/Foundation/Http/Middleware/TransformsRequest.php(21): Illuminate/Pipeline/Pipeline->{closure:{closure:Illuminate/Pipeline/Pipeline::carry():194}:195}()
#38 C:/Users/Monami Sadhu/Music/🏫 Campus Lost & Found Portal – Authentication, CRUD, Search/vendor/laravel/framework/src/Illuminate/Foundation/Http/Middleware/TrimStrings.php(51): Illuminate/Foundation/Http/Middleware/TransformsRequest->handle()
#39 C:/Users/Monami Sadhu/Music/🏫 Campus Lost & Found Portal – Authentication, CRUD, Search/vendor/laravel/framework/src/Illuminate/Pipeline/Pipeline.php(219): Illuminate/Foundation/Http/Middleware/TrimStrings->handle()
#40 C:/Users/Monami Sadhu/Music/🏫 Campus Lost & Found Portal – Authentication, CRUD, Search/vendor/laravel/framework/src/Illuminate/Http/Middleware/ValidatePostSize.php(27): Illuminate/Pipeline/Pipeline->{closure:{closure:Illuminate/Pipeline/Pipeline::carry():194}:195}()
#41 C:/Users/Monami Sadhu/Music/🏫 Campus Lost & Found Portal – Authentication, CRUD, Search/vendor/laravel/framework/src/Illuminate/Pipeline/Pipeline.php(219): Illuminate/Http/Middleware/ValidatePostSize->handle()
#42 C:/Users/Monami Sadhu/Music/🏫 Campus Lost & Found Portal – Authentication, CRUD, Search/vendor/laravel/framework/src/Illuminate/Foundation/Http/Middleware/PreventRequestsDuringMaintenance.php(109): Illuminate/Pipeline/Pipeline->{closure:{closure:Illuminate/Pipeline/Pipeline::carry():194}:195}()
#43 C:/Users/Monami Sadhu/Music/🏫 Campus Lost & Found Portal – Authentication, CRUD, Search/vendor/laravel/framework/src/Illuminate/Pipeline/Pipeline.php(219): Illuminate/Foundation/Http/Middleware/PreventRequestsDuringMaintenance->handle()
#44 C:/Users/Monami Sadhu/Music/🏫 Campus Lost & Found Portal – Authentication, CRUD, Search/vendor/laravel/framework/src/Illuminate/Http/Middleware/HandleCors.php(61): Illuminate/Pipeline/Pipeline->{closure:{closure:Illuminate/Pipeline/Pipeline::carry():194}:195}()
#45 C:/Users/Monami Sadhu/Music/🏫 Campus Lost & Found Portal – Authentication, CRUD, Search/vendor/laravel/framework/src/Illuminate/Pipeline/Pipeline.php(219): Illuminate/Http/Middleware/HandleCors->handle()
#46 C:/Users/Monami Sadhu/Music/🏫 Campus Lost & Found Portal – Authentication, CRUD, Search/vendor/laravel/framework/src/Illuminate/Http/Middleware/TrustProxies.php(58): Illuminate/Pipeline/Pipeline->{closure:{closure:Illuminate/Pipeline/Pipeline::carry():194}:195}()
#47 C:/Users/Monami Sadhu/Music/🏫 Campus Lost & Found Portal – Authentication, CRUD, Search/vendor/laravel/framework/src/Illuminate/Pipeline/Pipeline.php(219): Illuminate/Http/Middleware/TrustProxies->handle()
#48 C:/Users/Monami Sadhu/Music/🏫 Campus Lost & Found Portal – Authentication, CRUD, Search/vendor/laravel/framework/src/Illuminate/Foundation/Http/Middleware/InvokeDeferredCallbacks.php(22): Illuminate/Pipeline/Pipeline->{closure:{closure:Illuminate/Pipeline/Pipeline::carry():194}:195}()
#49 C:/Users/Monami Sadhu/Music/🏫 Campus Lost & Found Portal – Authentication, CRUD, Search/vendor/laravel/framework/src/Illuminate/Pipeline/Pipeline.php(219): Illuminate/Foundation/Http/Middleware/InvokeDeferredCallbacks->handle()
#50 C:/Users/Monami Sadhu/Music/🏫 Campus Lost & Found Portal – Authentication, CRUD, Search/vendor/laravel/framework/src/Illuminate/Http/Middleware/ValidatePathEncoding.php(26): Illuminate/Pipeline/Pipeline->{closure:{closure:Illuminate/Pipeline/Pipeline::carry():194}:195}()
#51 C:/Users/Monami Sadhu/Music/🏫 Campus Lost & Found Portal – Authentication, CRUD, Search/vendor/laravel/framework/src/Illuminate/Pipeline/Pipeline.php(219): Illuminate/Http/Middleware/ValidatePathEncoding->handle()
#52 C:/Users/Monami Sadhu/Music/🏫 Campus Lost & Found Portal – Authentication, CRUD, Search/vendor/laravel/framework/src/Illuminate/Pipeline/Pipeline.php(137): Illuminate/Pipeline/Pipeline->{closure:{closure:Illuminate/Pipeline/Pipeline::carry():194}:195}()
#53 C:/Users/Monami Sadhu/Music/🏫 Campus Lost & Found Portal – Authentication, CRUD, Search/vendor/laravel/framework/src/Illuminate/Foundation/Http/Kernel.php(175): Illuminate/Pipeline/Pipeline->then()
#54 C:/Users/Monami Sadhu/Music/🏫 Campus Lost & Found Portal – Authentication, CRUD, Search/vendor/laravel/framework/src/Illuminate/Foundation/Http/Kernel.php(144): Illuminate/Foundation/Http/Kernel->sendRequestThroughRouter()
#55 C:/Users/Monami Sadhu/Music/🏫 Campus Lost & Found Portal – Authentication, CRUD, Search/public/index.php(9): Illuminate/Foundation/Http/Kernel->handle()
#56 C:/Users/Monami Sadhu/Music/🏫 Campus Lost & Found Portal – Authentication, CRUD, Search/vendor/laravel/framework/src/Illuminate/Foundation/resources/server.php(23): require_once('...')
#57 {main}

[previous exception] [object] (PDOException(code: HY000): SQLSTATE[HY000]: General error: 1 no such table: cache at C:/Users/Monami Sadhu/Music/🏫 Campus Lost & Found Portal – Authentication, CRUD, Search/vendor/laravel/framework/src/Illuminate/Database/Connection.php:420)
[stacktrace]
#0 C:/Users/Monami Sadhu/Music/🏫 Campus Lost & Found Portal – Authentication, CRUD, Search/vendor/laravel/framework/src/Illuminate/Database/Connection.php(420): PDO->prepare()
#1 C:/Users/Monami Sadhu/Music/🏫 Campus Lost & Found Portal – Authentication, CRUD, Search/vendor/laravel/framework/src/Illuminate/Database/Connection.php(827): Illuminate/Database/Connection->{closure:Illuminate/Database/Connection::select():411}()
#2 C:/Users/Monami Sadhu/Music/🏫 Campus Lost & Found Portal – Authentication, CRUD, Search/vendor/laravel/framework/src/Illuminate/Database/Connection.php(794): Illuminate/Database/Connection->runQueryCallback()
#3 C:/Users/Monami Sadhu/Music/🏫 Campus Lost & Found Portal – Authentication, CRUD, Search/vendor/laravel/framework/src/Illuminate/Database/Connection.php(411): Illuminate/Database/Connection->run()
#4 C:/Users/Monami Sadhu/Music/🏫 Campus Lost & Found Portal – Authentication, CRUD, Search/vendor/laravel/framework/src/Illuminate/Database/Query/Builder.php(3505): Illuminate/Database/Connection->select()
#5 C:/Users/Monami Sadhu/Music/🏫 Campus Lost & Found Portal – Authentication, CRUD, Search/vendor/laravel/framework/src/Illuminate/Database/Query/Builder.php(3490): Illuminate/Database/Query/Builder->runSelect()
#6 C:/Users/Monami Sadhu/Music/🏫 Campus Lost & Found Portal – Authentication, CRUD, Search/vendor/laravel/framework/src/Illuminate/Database/Query/Builder.php(4080): Illuminate/Database/Query/Builder->{closure:Illuminate/Database/Query/Builder::get():3489}()
#7 C:/Users/Monami Sadhu/Music/🏫 Campus Lost & Found Portal – Authentication, CRUD, Search/vendor/laravel/framework/src/Illuminate/Database/Query/Builder.php(3489): Illuminate/Database/Query/Builder->onceWithColumns()
#8 C:/Users/Monami Sadhu/Music/🏫 Campus Lost & Found Portal – Authentication, CRUD, Search/vendor/laravel/framework/src/Illuminate/Cache/DatabaseStore.php(140): Illuminate/Database/Query/Builder->get()
#9 C:/Users/Monami Sadhu/Music/🏫 Campus Lost & Found Portal – Authentication, CRUD, Search/vendor/laravel/framework/src/Illuminate/Cache/DatabaseStore.php(115): Illuminate/Cache/DatabaseStore->many()
#10 C:/Users/Monami Sadhu/Music/🏫 Campus Lost & Found Portal – Authentication, CRUD, Search/vendor/laravel/framework/src/Illuminate/Cache/Repository.php(125): Illuminate/Cache/DatabaseStore->get()
#11 C:/Users/Monami Sadhu/Music/🏫 Campus Lost & Found Portal – Authentication, CRUD, Search/vendor/laravel/framework/src/Illuminate/Cache/RateLimiter.php(206): Illuminate/Cache/Repository->get()
#12 C:/Users/Monami Sadhu/Music/🏫 Campus Lost & Found Portal – Authentication, CRUD, Search/vendor/laravel/framework/src/Illuminate/Cache/RateLimiter.php(300): Illuminate/Cache/RateLimiter->{closure:Illuminate/Cache/RateLimiter::attempts():206}()
#13 C:/Users/Monami Sadhu/Music/🏫 Campus Lost & Found Portal – Authentication, CRUD, Search/vendor/laravel/framework/src/Illuminate/Cache/RateLimiter.php(206): Illuminate/Cache/RateLimiter->withoutSerializationOrCompression()
#14 C:/Users/Monami Sadhu/Music/🏫 Campus Lost & Found Portal – Authentication, CRUD, Search/vendor/laravel/framework/src/Illuminate/Cache/RateLimiter.php(129): Illuminate/Cache/RateLimiter->attempts()
#15 C:/Users/Monami Sadhu/Music/🏫 Campus Lost & Found Portal – Authentication, CRUD, Search/vendor/laravel/framework/src/Illuminate/Routing/Middleware/ThrottleRequests.php(157): Illuminate/Cache/RateLimiter->tooManyAttempts()
#16 C:/Users/Monami Sadhu/Music/🏫 Campus Lost & Found Portal – Authentication, CRUD, Search/vendor/laravel/framework/src/Illuminate/Routing/Middleware/ThrottleRequests.php(93): Illuminate/Routing/Middleware/ThrottleRequests->handleRequest()
#17 C:/Users/Monami Sadhu/Music/🏫 Campus Lost & Found Portal – Authentication, CRUD, Search/vendor/laravel/framework/src/Illuminate/Pipeline/Pipeline.php(219): Illuminate/Routing/Middleware/ThrottleRequests->handle()
#18 C:/Users/Monami Sadhu/Music/🏫 Campus Lost & Found Portal – Authentication, CRUD, Search/vendor/laravel/framework/src/Illuminate/Foundation/Http/Middleware/VerifyCsrfToken.php(87): Illuminate/Pipeline/Pipeline->{closure:{closure:Illuminate/Pipeline/Pipeline::carry():194}:195}()
#19 C:/Users/Monami Sadhu/Music/🏫 Campus Lost & Found Portal – Authentication, CRUD, Search/vendor/laravel/framework/src/Illuminate/Pipeline/Pipeline.php(219): Illuminate/Foundation/Http/Middleware/VerifyCsrfToken->handle()
#20 C:/Users/Monami Sadhu/Music/🏫 Campus Lost & Found Portal – Authentication, CRUD, Search/vendor/laravel/framework/src/Illuminate/View/Middleware/ShareErrorsFromSession.php(48): Illuminate/Pipeline/Pipeline->{closure:{closure:Illuminate/Pipeline/Pipeline::carry():194}:195}()
#21 C:/Users/Monami Sadhu/Music/🏫 Campus Lost & Found Portal – Authentication, CRUD, Search/vendor/laravel/framework/src/Illuminate/Pipeline/Pipeline.php(219): Illuminate/View/Middleware/ShareErrorsFromSession->handle()
#22 C:/Users/Monami Sadhu/Music/🏫 Campus Lost & Found Portal – Authentication, CRUD, Search/vendor/laravel/framework/src/Illuminate/Session/Middleware/StartSession.php(120): Illuminate/Pipeline/Pipeline->{closure:{closure:Illuminate/Pipeline/Pipeline::carry():194}:195}()
#23 C:/Users/Monami Sadhu/Music/🏫 Campus Lost & Found Portal – Authentication, CRUD, Search/vendor/laravel/framework/src/Illuminate/Session/Middleware/StartSession.php(63): Illuminate/Session/Middleware/StartSession->handleStatefulRequest()
#24 C:/Users/Monami Sadhu/Music/🏫 Campus Lost & Found Portal – Authentication, CRUD, Search/vendor/laravel/framework/src/Illuminate/Pipeline/Pipeline.php(219): Illuminate/Session/Middleware/StartSession->handle()
#25 C:/Users/Monami Sadhu/Music/🏫 Campus Lost & Found Portal – Authentication, CRUD, Search/vendor/laravel/framework/src/Illuminate/Cookie/Middleware/AddQueuedCookiesToResponse.php(36): Illuminate/Pipeline/Pipeline->{closure:{closure:Illuminate/Pipeline/Pipeline::carry():194}:195}()
#26 C:/Users/Monami Sadhu/Music/🏫 Campus Lost & Found Portal – Authentication, CRUD, Search/vendor/laravel/framework/src/Illuminate/Pipeline/Pipeline.php(219): Illuminate/Cookie/Middleware/AddQueuedCookiesToResponse->handle()
#27 C:/Users/Monami Sadhu/Music/🏫 Campus Lost & Found Portal – Authentication, CRUD, Search/vendor/laravel/framework/src/Illuminate/Cookie/Middleware/EncryptCookies.php(74): Illuminate/Pipeline/Pipeline->{closure:{closure:Illuminate/Pipeline/Pipeline::carry():194}:195}()
#28 C:/Users/Monami Sadhu/Music/🏫 Campus Lost & Found Portal – Authentication, CRUD, Search/vendor/laravel/framework/src/Illuminate/Pipeline/Pipeline.php(219): Illuminate/Cookie/Middleware/EncryptCookies->handle()
#29 C:/Users/Monami Sadhu/Music/🏫 Campus Lost & Found Portal – Authentication, CRUD, Search/vendor/laravel/framework/src/Illuminate/Pipeline/Pipeline.php(137): Illuminate/Pipeline/Pipeline->{closure:{closure:Illuminate/Pipeline/Pipeline::carry():194}:195}()
#30 C:/Users/Monami Sadhu/Music/🏫 Campus Lost & Found Portal – Authentication, CRUD, Search/vendor/laravel/framework/src/Illuminate/Routing/Router.php(821): Illuminate/Pipeline/Pipeline->then()
#31 C:/Users/Monami Sadhu/Music/🏫 Campus Lost & Found Portal – Authentication, CRUD, Search/vendor/laravel/framework/src/Illuminate/Routing/Router.php(800): Illuminate/Routing/Router->runRouteWithinStack()
#32 C:/Users/Monami Sadhu/Music/🏫 Campus Lost & Found Portal – Authentication, CRUD, Search/vendor/laravel/framework/src/Illuminate/Routing/Router.php(764): Illuminate/Routing/Router->runRoute()
#33 C:/Users/Monami Sadhu/Music/🏫 Campus Lost & Found Portal – Authentication, CRUD, Search/vendor/laravel/framework/src/Illuminate/Routing/Router.php(753): Illuminate/Routing/Router->dispatchToRoute()
#34 C:/Users/Monami Sadhu/Music/🏫 Campus Lost & Found Portal – Authentication, CRUD, Search/vendor/laravel/framework/src/Illuminate/Foundation/Http/Kernel.php(200): Illuminate/Routing/Router->dispatch()
#35 C:/Users/Monami Sadhu/Music/🏫 Campus Lost & Found Portal – Authentication, CRUD, Search/vendor/laravel/framework/src/Illuminate/Pipeline/Pipeline.php(180): Illuminate/Foundation/Http/Kernel->{closure:Illuminate/Foundation/Http/Kernel::dispatchToRouter():197}()
#36 C:/Users/Monami Sadhu/Music/🏫 Campus Lost & Found Portal – Authentication, CRUD, Search/vendor/laravel/framework/src/Illuminate/Foundation/Http/Middleware/TransformsRequest.php(21): Illuminate/Pipeline/Pipeline->{closure:Illuminate/Pipeline/Pipeline::prepareDestination():178}()
#37 C:/Users/Monami Sadhu/Music/🏫 Campus Lost & Found Portal – Authentication, CRUD, Search/vendor/laravel/framework/src/Illuminate/Foundation/Http/Middleware/ConvertEmptyStringsToNull.php(31): Illuminate/Foundation/Http/Middleware/TransformsRequest->handle()
#38 C:/Users/Monami Sadhu/Music/🏫 Campus Lost & Found Portal – Authentication, CRUD, Search/vendor/laravel/framework/src/Illuminate/Pipeline/Pipeline.php(219): Illuminate/Foundation/Http/Middleware/ConvertEmptyStringsToNull->handle()
#39 C:/Users/Monami Sadhu/Music/🏫 Campus Lost & Found Portal – Authentication, CRUD, Search/vendor/laravel/framework/src/Illuminate/Foundation/Http/Middleware/TransformsRequest.php(21): Illuminate/Pipeline/Pipeline->{closure:{closure:Illuminate/Pipeline/Pipeline::carry():194}:195}()
#40 C:/Users/Monami Sadhu/Music/🏫 Campus Lost & Found Portal – Authentication, CRUD, Search/vendor/laravel/framework/src/Illuminate/Foundation/Http/Middleware/TrimStrings.php(51): Illuminate/Foundation/Http/Middleware/TransformsRequest->handle()
#41 C:/Users/Monami Sadhu/Music/🏫 Campus Lost & Found Portal – Authentication, CRUD, Search/vendor/laravel/framework/src/Illuminate/Pipeline/Pipeline.php(219): Illuminate/Foundation/Http/Middleware/TrimStrings->handle()
#42 C:/Users/Monami Sadhu/Music/🏫 Campus Lost & Found Portal – Authentication, CRUD, Search/vendor/laravel/framework/src/Illuminate/Http/Middleware/ValidatePostSize.php(27): Illuminate/Pipeline/Pipeline->{closure:{closure:Illuminate/Pipeline/Pipeline::carry():194}:195}()
#43 C:/Users/Monami Sadhu/Music/🏫 Campus Lost & Found Portal – Authentication, CRUD, Search/vendor/laravel/framework/src/Illuminate/Pipeline/Pipeline.php(219): Illuminate/Http/Middleware/ValidatePostSize->handle()
#44 C:/Users/Monami Sadhu/Music/🏫 Campus Lost & Found Portal – Authentication, CRUD, Search/vendor/laravel/framework/src/Illuminate/Foundation/Http/Middleware/PreventRequestsDuringMaintenance.php(109): Illuminate/Pipeline/Pipeline->{closure:{closure:Illuminate/Pipeline/Pipeline::carry():194}:195}()
#45 C:/Users/Monami Sadhu/Music/🏫 Campus Lost & Found Portal – Authentication, CRUD, Search/vendor/laravel/framework/src/Illuminate/Pipeline/Pipeline.php(219): Illuminate/Foundation/Http/Middleware/PreventRequestsDuringMaintenance->handle()
#46 C:/Users/Monami Sadhu/Music/🏫 Campus Lost & Found Portal – Authentication, CRUD, Search/vendor/laravel/framework/src/Illuminate/Http/Middleware/HandleCors.php(61): Illuminate/Pipeline/Pipeline->{closure:{closure:Illuminate/Pipeline/Pipeline::carry():194}:195}()
#47 C:/Users/Monami Sadhu/Music/🏫 Campus Lost & Found Portal – Authentication, CRUD, Search/vendor/laravel/framework/src/Illuminate/Pipeline/Pipeline.php(219): Illuminate/Http/Middleware/HandleCors->handle()
#48 C:/Users/Monami Sadhu/Music/🏫 Campus Lost & Found Portal – Authentication, CRUD, Search/vendor/laravel/framework/src/Illuminate/Http/Middleware/TrustProxies.php(58): Illuminate/Pipeline/Pipeline->{closure:{closure:Illuminate/Pipeline/Pipeline::carry():194}:195}()
#49 C:/Users/Monami Sadhu/Music/🏫 Campus Lost & Found Portal – Authentication, CRUD, Search/vendor/laravel/framework/src/Illuminate/Pipeline/Pipeline.php(219): Illuminate/Http/Middleware/TrustProxies->handle()
#50 C:/Users/Monami Sadhu/Music/🏫 Campus Lost & Found Portal – Authentication, CRUD, Search/vendor/laravel/framework/src/Illuminate/Foundation/Http/Middleware/InvokeDeferredCallbacks.php(22): Illuminate/Pipeline/Pipeline->{closure:{closure:Illuminate/Pipeline/Pipeline::carry():194}:195}()
#51 C:/Users/Monami Sadhu/Music/🏫 Campus Lost & Found Portal – Authentication, CRUD, Search/vendor/laravel/framework/src/Illuminate/Pipeline/Pipeline.php(219): Illuminate/Foundation/Http/Middleware/InvokeDeferredCallbacks->handle()
#52 C:/Users/Monami Sadhu/Music/🏫 Campus Lost & Found Portal – Authentication, CRUD, Search/vendor/laravel/framework/src/Illuminate/Http/Middleware/ValidatePathEncoding.php(26): Illuminate/Pipeline/Pipeline->{closure:{closure:Illuminate/Pipeline/Pipeline::carry():194}:195}()
#53 C:/Users/Monami Sadhu/Music/🏫 Campus Lost & Found Portal – Authentication, CRUD, Search/vendor/laravel/framework/src/Illuminate/Pipeline/Pipeline.php(219): Illuminate/Http/Middleware/ValidatePathEncoding->handle()
#54 C:/Users/Monami Sadhu/Music/🏫 Campus Lost & Found Portal – Authentication, CRUD, Search/vendor/laravel/framework/src/Illuminate/Pipeline/Pipeline.php(137): Illuminate/Pipeline/Pipeline->{closure:{closure:Illuminate/Pipeline/Pipeline::carry():194}:195}()
#55 C:/Users/Monami Sadhu/Music/🏫 Campus Lost & Found Portal – Authentication, CRUD, Search/vendor/laravel/framework/src/Illuminate/Foundation/Http/Kernel.php(175): Illuminate/Pipeline/Pipeline->then()
#56 C:/Users/Monami Sadhu/Music/🏫 Campus Lost & Found Portal – Authentication, CRUD, Search/vendor/laravel/framework/src/Illuminate/Foundation/Http/Kernel.php(144): Illuminate/Foundation/Http/Kernel->sendRequestThroughRouter()
#57 C:/Users/Monami Sadhu/Music/🏫 Campus Lost & Found Portal – Authentication, CRUD, Search/public/index.php(9): Illuminate/Foundation/Http/Kernel->handle()
#58 C:/Users/Monami Sadhu/Music/🏫 Campus Lost & Found Portal – Authentication, CRUD, Search/vendor/laravel/framework/src/Illuminate/Foundation/resources/server.php(23): require_once('...')
#59 {main}
"} 
[2026-08-15 20:03:24] local.ERROR: SQLSTATE[HY000]: General error: 1 no such table: cache (Connection: sqlite, Database: database/database.sqlite, SQL: select * from "cache" where "key" in (campuslostandfound_cache_da4b9237bacccdf19c0760cab7aec4a8359010b0)) {"userId":2,"exception":"[object] (Illuminate\\Database\\QueryException(code: HY000): SQLSTATE[HY000]: General error: 1 no such table: cache (Connection: sqlite, Database: database/database.sqlite, SQL: select * from \"cache\" where \"key\" in (campuslostandfound_cache_da4b9237bacccdf19c0760cab7aec4a8359010b0)) at C:/Users/Monami Sadhu/Music/🏫 Campus Lost & Found Portal – Authentication, CRUD, Search/vendor/laravel/framework/src/Illuminate/Database/Connection.php:838)
[stacktrace]
#0 C:/Users/Monami Sadhu/Music/🏫 Campus Lost & Found Portal – Authentication, CRUD, Search/vendor/laravel/framework/src/Illuminate/Database/Connection.php(794): Illuminate/Database/Connection->runQueryCallback()
#1 C:/Users/Monami Sadhu/Music/🏫 Campus Lost & Found Portal – Authentication, CRUD, Search/vendor/laravel/framework/src/Illuminate/Database/Connection.php(411): Illuminate/Database/Connection->run()
#2 C:/Users/Monami Sadhu/Music/🏫 Campus Lost & Found Portal – Authentication, CRUD, Search/vendor/laravel/framework/src/Illuminate/Database/Query/Builder.php(3505): Illuminate/Database/Connection->select()
#3 C:/Users/Monami Sadhu/Music/🏫 Campus Lost & Found Portal – Authentication, CRUD, Search/vendor/laravel/framework/src/Illuminate/Database/Query/Builder.php(3490): Illuminate/Database/Query/Builder->runSelect()
#4 C:/Users/Monami Sadhu/Music/🏫 Campus Lost & Found Portal – Authentication, CRUD, Search/vendor/laravel/framework/src/Illuminate/Database/Query/Builder.php(4080): Illuminate/Database/Query/Builder->{closure:Illuminate/Database/Query/Builder::get():3489}()
#5 C:/Users/Monami Sadhu/Music/🏫 Campus Lost & Found Portal – Authentication, CRUD, Search/vendor/laravel/framework/src/Illuminate/Database/Query/Builder.php(3489): Illuminate/Database/Query/Builder->onceWithColumns()
#6 C:/Users/Monami Sadhu/Music/🏫 Campus Lost & Found Portal – Authentication, CRUD, Search/vendor/laravel/framework/src/Illuminate/Cache/DatabaseStore.php(140): Illuminate/Database/Query/Builder->get()
#7 C:/Users/Monami Sadhu/Music/🏫 Campus Lost & Found Portal – Authentication, CRUD, Search/vendor/laravel/framework/src/Illuminate/Cache/DatabaseStore.php(115): Illuminate/Cache/DatabaseStore->many()
#8 C:/Users/Monami Sadhu/Music/🏫 Campus Lost & Found Portal – Authentication, CRUD, Search/vendor/laravel/framework/src/Illuminate/Cache/Repository.php(125): Illuminate/Cache/DatabaseStore->get()
#9 C:/Users/Monami Sadhu/Music/🏫 Campus Lost & Found Portal – Authentication, CRUD, Search/vendor/laravel/framework/src/Illuminate/Cache/RateLimiter.php(206): Illuminate/Cache/Repository->get()
#10 C:/Users/Monami Sadhu/Music/🏫 Campus Lost & Found Portal – Authentication, CRUD, Search/vendor/laravel/framework/src/Illuminate/Cache/RateLimiter.php(300): Illuminate/Cache/RateLimiter->{closure:Illuminate/Cache/RateLimiter::attempts():206}()
#11 C:/Users/Monami Sadhu/Music/🏫 Campus Lost & Found Portal – Authentication, CRUD, Search/vendor/laravel/framework/src/Illuminate/Cache/RateLimiter.php(206): Illuminate/Cache/RateLimiter->withoutSerializationOrCompression()
#12 C:/Users/Monami Sadhu/Music/🏫 Campus Lost & Found Portal – Authentication, CRUD, Search/vendor/laravel/framework/src/Illuminate/Cache/RateLimiter.php(129): Illuminate/Cache/RateLimiter->attempts()
#13 C:/Users/Monami Sadhu/Music/🏫 Campus Lost & Found Portal – Authentication, CRUD, Search/vendor/laravel/framework/src/Illuminate/Routing/Middleware/ThrottleRequests.php(157): Illuminate/Cache/RateLimiter->tooManyAttempts()
#14 C:/Users/Monami Sadhu/Music/🏫 Campus Lost & Found Portal – Authentication, CRUD, Search/vendor/laravel/framework/src/Illuminate/Routing/Middleware/ThrottleRequests.php(93): Illuminate/Routing/Middleware/ThrottleRequests->handleRequest()
#15 C:/Users/Monami Sadhu/Music/🏫 Campus Lost & Found Portal – Authentication, CRUD, Search/vendor/laravel/framework/src/Illuminate/Pipeline/Pipeline.php(219): Illuminate/Routing/Middleware/ThrottleRequests->handle()
#16 C:/Users/Monami Sadhu/Music/🏫 Campus Lost & Found Portal – Authentication, CRUD, Search/vendor/laravel/framework/src/Illuminate/Foundation/Http/Middleware/VerifyCsrfToken.php(87): Illuminate/Pipeline/Pipeline->{closure:{closure:Illuminate/Pipeline/Pipeline::carry():194}:195}()
#17 C:/Users/Monami Sadhu/Music/🏫 Campus Lost & Found Portal – Authentication, CRUD, Search/vendor/laravel/framework/src/Illuminate/Pipeline/Pipeline.php(219): Illuminate/Foundation/Http/Middleware/VerifyCsrfToken->handle()
#18 C:/Users/Monami Sadhu/Music/🏫 Campus Lost & Found Portal – Authentication, CRUD, Search/vendor/laravel/framework/src/Illuminate/View/Middleware/ShareErrorsFromSession.php(48): Illuminate/Pipeline/Pipeline->{closure:{closure:Illuminate/Pipeline/Pipeline::carry():194}:195}()
#19 C:/Users/Monami Sadhu/Music/🏫 Campus Lost & Found Portal – Authentication, CRUD, Search/vendor/laravel/framework/src/Illuminate/Pipeline/Pipeline.php(219): Illuminate/View/Middleware/ShareErrorsFromSession->handle()
#20 C:/Users/Monami Sadhu/Music/🏫 Campus Lost & Found Portal – Authentication, CRUD, Search/vendor/laravel/framework/src/Illuminate/Session/Middleware/StartSession.php(120): Illuminate/Pipeline/Pipeline->{closure:{closure:Illuminate/Pipeline/Pipeline::carry():194}:195}()
#21 C:/Users/Monami Sadhu/Music/🏫 Campus Lost & Found Portal – Authentication, CRUD, Search/vendor/laravel/framework/src/Illuminate/Session/Middleware/StartSession.php(63): Illuminate/Session/Middleware/StartSession->handleStatefulRequest()
#22 C:/Users/Monami Sadhu/Music/🏫 Campus Lost & Found Portal – Authentication, CRUD, Search/vendor/laravel/framework/src/Illuminate/Pipeline/Pipeline.php(219): Illuminate/Session/Middleware/StartSession->handle()
#23 C:/Users/Monami Sadhu/Music/🏫 Campus Lost & Found Portal – Authentication, CRUD, Search/vendor/laravel/framework/src/Illuminate/Cookie/Middleware/AddQueuedCookiesToResponse.php(36): Illuminate/Pipeline/Pipeline->{closure:{closure:Illuminate/Pipeline/Pipeline::carry():194}:195}()
#24 C:/Users/Monami Sadhu/Music/🏫 Campus Lost & Found Portal – Authentication, CRUD, Search/vendor/laravel/framework/src/Illuminate/Pipeline/Pipeline.php(219): Illuminate/Cookie/Middleware/AddQueuedCookiesToResponse->handle()
#25 C:/Users/Monami Sadhu/Music/🏫 Campus Lost & Found Portal – Authentication, CRUD, Search/vendor/laravel/framework/src/Illuminate/Cookie/Middleware/EncryptCookies.php(74): Illuminate/Pipeline/Pipeline->{closure:{closure:Illuminate/Pipeline/Pipeline::carry():194}:195}()
#26 C:/Users/Monami Sadhu/Music/🏫 Campus Lost & Found Portal – Authentication, CRUD, Search/vendor/laravel/framework/src/Illuminate/Pipeline/Pipeline.php(219): Illuminate/Cookie/Middleware/EncryptCookies->handle()
#27 C:/Users/Monami Sadhu/Music/🏫 Campus Lost & Found Portal – Authentication, CRUD, Search/vendor/laravel/framework/src/Illuminate/Pipeline/Pipeline.php(137): Illuminate/Pipeline/Pipeline->{closure:{closure:Illuminate/Pipeline/Pipeline::carry():194}:195}()
#28 C:/Users/Monami Sadhu/Music/🏫 Campus Lost & Found Portal – Authentication, CRUD, Search/vendor/laravel/framework/src/Illuminate/Routing/Router.php(821): Illuminate/Pipeline/Pipeline->then()
#29 C:/Users/Monami Sadhu/Music/🏫 Campus Lost & Found Portal – Authentication, CRUD, Search/vendor/laravel/framework/src/Illuminate/Routing/Router.php(800): Illuminate/Routing/Router->runRouteWithinStack()
#30 C:/Users/Monami Sadhu/Music/🏫 Campus Lost & Found Portal – Authentication, CRUD, Search/vendor/laravel/framework/src/Illuminate/Routing/Router.php(764): Illuminate/Routing/Router->runRoute()
#31 C:/Users/Monami Sadhu/Music/🏫 Campus Lost & Found Portal – Authentication, CRUD, Search/vendor/laravel/framework/src/Illuminate/Routing/Router.php(753): Illuminate/Routing/Router->dispatchToRoute()
#32 C:/Users/Monami Sadhu/Music/🏫 Campus Lost & Found Portal – Authentication, CRUD, Search/vendor/laravel/framework/src/Illuminate/Foundation/Http/Kernel.php(200): Illuminate/Routing/Router->dispatch()
#33 C:/Users/Monami Sadhu/Music/🏫 Campus Lost & Found Portal – Authentication, CRUD, Search/vendor/laravel/framework/src/Illuminate/Pipeline/Pipeline.php(180): Illuminate/Foundation/Http/Kernel->{closure:Illuminate/Foundation/Http/Kernel::dispatchToRouter():197}()
#34 C:/Users/Monami Sadhu/Music/🏫 Campus Lost & Found Portal – Authentication, CRUD, Search/vendor/laravel/framework/src/Illuminate/Foundation/Http/Middleware/TransformsRequest.php(21): Illuminate/Pipeline/Pipeline->{closure:Illuminate/Pipeline/Pipeline::prepareDestination():178}()
#35 C:/Users/Monami Sadhu/Music/🏫 Campus Lost & Found Portal – Authentication, CRUD, Search/vendor/laravel/framework/src/Illuminate/Foundation/Http/Middleware/ConvertEmptyStringsToNull.php(31): Illuminate/Foundation/Http/Middleware/TransformsRequest->handle()
#36 C:/Users/Monami Sadhu/Music/🏫 Campus Lost & Found Portal – Authentication, CRUD, Search/vendor/laravel/framework/src/Illuminate/Pipeline/Pipeline.php(219): Illuminate/Foundation/Http/Middleware/ConvertEmptyStringsToNull->handle()
#37 C:/Users/Monami Sadhu/Music/🏫 Campus Lost & Found Portal – Authentication, CRUD, Search/vendor/laravel/framework/src/Illuminate/Foundation/Http/Middleware/TransformsRequest.php(21): Illuminate/Pipeline/Pipeline->{closure:{closure:Illuminate/Pipeline/Pipeline::carry():194}:195}()
#38 C:/Users/Monami Sadhu/Music/🏫 Campus Lost & Found Portal – Authentication, CRUD, Search/vendor/laravel/framework/src/Illuminate/Foundation/Http/Middleware/TrimStrings.php(51): Illuminate/Foundation/Http/Middleware/TransformsRequest->handle()
#39 C:/Users/Monami Sadhu/Music/🏫 Campus Lost & Found Portal – Authentication, CRUD, Search/vendor/laravel/framework/src/Illuminate/Pipeline/Pipeline.php(219): Illuminate/Foundation/Http/Middleware/TrimStrings->handle()
#40 C:/Users/Monami Sadhu/Music/🏫 Campus Lost & Found Portal – Authentication, CRUD, Search/vendor/laravel/framework/src/Illuminate/Http/Middleware/ValidatePostSize.php(27): Illuminate/Pipeline/Pipeline->{closure:{closure:Illuminate/Pipeline/Pipeline::carry():194}:195}()
#41 C:/Users/Monami Sadhu/Music/🏫 Campus Lost & Found Portal – Authentication, CRUD, Search/vendor/laravel/framework/src/Illuminate/Pipeline/Pipeline.php(219): Illuminate/Http/Middleware/ValidatePostSize->handle()
#42 C:/Users/Monami Sadhu/Music/🏫 Campus Lost & Found Portal – Authentication, CRUD, Search/vendor/laravel/framework/src/Illuminate/Foundation/Http/Middleware/PreventRequestsDuringMaintenance.php(109): Illuminate/Pipeline/Pipeline->{closure:{closure:Illuminate/Pipeline/Pipeline::carry():194}:195}()
#43 C:/Users/Monami Sadhu/Music/🏫 Campus Lost & Found Portal – Authentication, CRUD, Search/vendor/laravel/framework/src/Illuminate/Pipeline/Pipeline.php(219): Illuminate/Foundation/Http/Middleware/PreventRequestsDuringMaintenance->handle()
#44 C:/Users/Monami Sadhu/Music/🏫 Campus Lost & Found Portal – Authentication, CRUD, Search/vendor/laravel/framework/src/Illuminate/Http/Middleware/HandleCors.php(61): Illuminate/Pipeline/Pipeline->{closure:{closure:Illuminate/Pipeline/Pipeline::carry():194}:195}()
#45 C:/Users/Monami Sadhu/Music/🏫 Campus Lost & Found Portal – Authentication, CRUD, Search/vendor/laravel/framework/src/Illuminate/Pipeline/Pipeline.php(219): Illuminate/Http/Middleware/HandleCors->handle()
#46 C:/Users/Monami Sadhu/Music/🏫 Campus Lost & Found Portal – Authentication, CRUD, Search/vendor/laravel/framework/src/Illuminate/Http/Middleware/TrustProxies.php(58): Illuminate/Pipeline/Pipeline->{closure:{closure:Illuminate/Pipeline/Pipeline::carry():194}:195}()
#47 C:/Users/Monami Sadhu/Music/🏫 Campus Lost & Found Portal – Authentication, CRUD, Search/vendor/laravel/framework/src/Illuminate/Pipeline/Pipeline.php(219): Illuminate/Http/Middleware/TrustProxies->handle()
#48 C:/Users/Monami Sadhu/Music/🏫 Campus Lost & Found Portal – Authentication, CRUD, Search/vendor/laravel/framework/src/Illuminate/Foundation/Http/Middleware/InvokeDeferredCallbacks.php(22): Illuminate/Pipeline/Pipeline->{closure:{closure:Illuminate/Pipeline/Pipeline::carry():194}:195}()
#49 C:/Users/Monami Sadhu/Music/🏫 Campus Lost & Found Portal – Authentication, CRUD, Search/vendor/laravel/framework/src/Illuminate/Pipeline/Pipeline.php(219): Illuminate/Foundation/Http/Middleware/InvokeDeferredCallbacks->handle()
#50 C:/Users/Monami Sadhu/Music/🏫 Campus Lost & Found Portal – Authentication, CRUD, Search/vendor/laravel/framework/src/Illuminate/Http/Middleware/ValidatePathEncoding.php(26): Illuminate/Pipeline/Pipeline->{closure:{closure:Illuminate/Pipeline/Pipeline::carry():194}:195}()
#51 C:/Users/Monami Sadhu/Music/🏫 Campus Lost & Found Portal – Authentication, CRUD, Search/vendor/laravel/framework/src/Illuminate/Pipeline/Pipeline.php(219): Illuminate/Http/Middleware/ValidatePathEncoding->handle()
#52 C:/Users/Monami Sadhu/Music/🏫 Campus Lost & Found Portal – Authentication, CRUD, Search/vendor/laravel/framework/src/Illuminate/Pipeline/Pipeline.php(137): Illuminate/Pipeline/Pipeline->{closure:{closure:Illuminate/Pipeline/Pipeline::carry():194}:195}()
#53 C:/Users/Monami Sadhu/Music/🏫 Campus Lost & Found Portal – Authentication, CRUD, Search/vendor/laravel/framework/src/Illuminate/Foundation/Http/Kernel.php(175): Illuminate/Pipeline/Pipeline->then()
#54 C:/Users/Monami Sadhu/Music/🏫 Campus Lost & Found Portal – Authentication, CRUD, Search/vendor/laravel/framework/src/Illuminate/Foundation/Http/Kernel.php(144): Illuminate/Foundation/Http/Kernel->sendRequestThroughRouter()
#55 C:/Users/Monami Sadhu/Music/🏫 Campus Lost & Found Portal – Authentication, CRUD, Search/public/index.php(9): Illuminate/Foundation/Http/Kernel->handle()
#56 C:/Users/Monami Sadhu/Music/🏫 Campus Lost & Found Portal – Authentication, CRUD, Search/vendor/laravel/framework/src/Illuminate/Foundation/resources/server.php(23): require_once('...')
#57 {main}

[previous exception] [object] (PDOException(code: HY000): SQLSTATE[HY000]: General error: 1 no such table: cache at C:/Users/Monami Sadhu/Music/🏫 Campus Lost & Found Portal – Authentication, CRUD, Search/vendor/laravel/framework/src/Illuminate/Database/Connection.php:420)
[stacktrace]
#0 C:/Users/Monami Sadhu/Music/🏫 Campus Lost & Found Portal – Authentication, CRUD, Search/vendor/laravel/framework/src/Illuminate/Database/Connection.php(420): PDO->prepare()
#1 C:/Users/Monami Sadhu/Music/🏫 Campus Lost & Found Portal – Authentication, CRUD, Search/vendor/laravel/framework/src/Illuminate/Database/Connection.php(827): Illuminate/Database/Connection->{closure:Illuminate/Database/Connection::select():411}()
#2 C:/Users/Monami Sadhu/Music/🏫 Campus Lost & Found Portal – Authentication, CRUD, Search/vendor/laravel/framework/src/Illuminate/Database/Connection.php(794): Illuminate/Database/Connection->runQueryCallback()
#3 C:/Users/Monami Sadhu/Music/🏫 Campus Lost & Found Portal – Authentication, CRUD, Search/vendor/laravel/framework/src/Illuminate/Database/Connection.php(411): Illuminate/Database/Connection->run()
#4 C:/Users/Monami Sadhu/Music/🏫 Campus Lost & Found Portal – Authentication, CRUD, Search/vendor/laravel/framework/src/Illuminate/Database/Query/Builder.php(3505): Illuminate/Database/Connection->select()
#5 C:/Users/Monami Sadhu/Music/🏫 Campus Lost & Found Portal – Authentication, CRUD, Search/vendor/laravel/framework/src/Illuminate/Database/Query/Builder.php(3490): Illuminate/Database/Query/Builder->runSelect()
#6 C:/Users/Monami Sadhu/Music/🏫 Campus Lost & Found Portal – Authentication, CRUD, Search/vendor/laravel/framework/src/Illuminate/Database/Query/Builder.php(4080): Illuminate/Database/Query/Builder->{closure:Illuminate/Database/Query/Builder::get():3489}()
#7 C:/Users/Monami Sadhu/Music/🏫 Campus Lost & Found Portal – Authentication, CRUD, Search/vendor/laravel/framework/src/Illuminate/Database/Query/Builder.php(3489): Illuminate/Database/Query/Builder->onceWithColumns()
#8 C:/Users/Monami Sadhu/Music/🏫 Campus Lost & Found Portal – Authentication, CRUD, Search/vendor/laravel/framework/src/Illuminate/Cache/DatabaseStore.php(140): Illuminate/Database/Query/Builder->get()
#9 C:/Users/Monami Sadhu/Music/🏫 Campus Lost & Found Portal – Authentication, CRUD, Search/vendor/laravel/framework/src/Illuminate/Cache/DatabaseStore.php(115): Illuminate/Cache/DatabaseStore->many()
#10 C:/Users/Monami Sadhu/Music/🏫 Campus Lost & Found Portal – Authentication, CRUD, Search/vendor/laravel/framework/src/Illuminate/Cache/Repository.php(125): Illuminate/Cache/DatabaseStore->get()
#11 C:/Users/Monami Sadhu/Music/🏫 Campus Lost & Found Portal – Authentication, CRUD, Search/vendor/laravel/framework/src/Illuminate/Cache/RateLimiter.php(206): Illuminate/Cache/Repository->get()
#12 C:/Users/Monami Sadhu/Music/🏫 Campus Lost & Found Portal – Authentication, CRUD, Search/vendor/laravel/framework/src/Illuminate/Cache/RateLimiter.php(300): Illuminate/Cache/RateLimiter->{closure:Illuminate/Cache/RateLimiter::attempts():206}()
#13 C:/Users/Monami Sadhu/Music/🏫 Campus Lost & Found Portal – Authentication, CRUD, Search/vendor/laravel/framework/src/Illuminate/Cache/RateLimiter.php(206): Illuminate/Cache/RateLimiter->withoutSerializationOrCompression()
#14 C:/Users/Monami Sadhu/Music/🏫 Campus Lost & Found Portal – Authentication, CRUD, Search/vendor/laravel/framework/src/Illuminate/Cache/RateLimiter.php(129): Illuminate/Cache/RateLimiter->attempts()
#15 C:/Users/Monami Sadhu/Music/🏫 Campus Lost & Found Portal – Authentication, CRUD, Search/vendor/laravel/framework/src/Illuminate/Routing/Middleware/ThrottleRequests.php(157): Illuminate/Cache/RateLimiter->tooManyAttempts()
#16 C:/Users/Monami Sadhu/Music/🏫 Campus Lost & Found Portal – Authentication, CRUD, Search/vendor/laravel/framework/src/Illuminate/Routing/Middleware/ThrottleRequests.php(93): Illuminate/Routing/Middleware/ThrottleRequests->handleRequest()
#17 C:/Users/Monami Sadhu/Music/🏫 Campus Lost & Found Portal – Authentication, CRUD, Search/vendor/laravel/framework/src/Illuminate/Pipeline/Pipeline.php(219): Illuminate/Routing/Middleware/ThrottleRequests->handle()
#18 C:/Users/Monami Sadhu/Music/🏫 Campus Lost & Found Portal – Authentication, CRUD, Search/vendor/laravel/framework/src/Illuminate/Foundation/Http/Middleware/VerifyCsrfToken.php(87): Illuminate/Pipeline/Pipeline->{closure:{closure:Illuminate/Pipeline/Pipeline::carry():194}:195}()
#19 C:/Users/Monami Sadhu/Music/🏫 Campus Lost & Found Portal – Authentication, CRUD, Search/vendor/laravel/framework/src/Illuminate/Pipeline/Pipeline.php(219): Illuminate/Foundation/Http/Middleware/VerifyCsrfToken->handle()
#20 C:/Users/Monami Sadhu/Music/🏫 Campus Lost & Found Portal – Authentication, CRUD, Search/vendor/laravel/framework/src/Illuminate/View/Middleware/ShareErrorsFromSession.php(48): Illuminate/Pipeline/Pipeline->{closure:{closure:Illuminate/Pipeline/Pipeline::carry():194}:195}()
#21 C:/Users/Monami Sadhu/Music/🏫 Campus Lost & Found Portal – Authentication, CRUD, Search/vendor/laravel/framework/src/Illuminate/Pipeline/Pipeline.php(219): Illuminate/View/Middleware/ShareErrorsFromSession->handle()
#22 C:/Users/Monami Sadhu/Music/🏫 Campus Lost & Found Portal – Authentication, CRUD, Search/vendor/laravel/framework/src/Illuminate/Session/Middleware/StartSession.php(120): Illuminate/Pipeline/Pipeline->{closure:{closure:Illuminate/Pipeline/Pipeline::carry():194}:195}()
#23 C:/Users/Monami Sadhu/Music/🏫 Campus Lost & Found Portal – Authentication, CRUD, Search/vendor/laravel/framework/src/Illuminate/Session/Middleware/StartSession.php(63): Illuminate/Session/Middleware/StartSession->handleStatefulRequest()
#24 C:/Users/Monami Sadhu/Music/🏫 Campus Lost & Found Portal – Authentication, CRUD, Search/vendor/laravel/framework/src/Illuminate/Pipeline/Pipeline.php(219): Illuminate/Session/Middleware/StartSession->handle()
#25 C:/Users/Monami Sadhu/Music/🏫 Campus Lost & Found Portal – Authentication, CRUD, Search/vendor/laravel/framework/src/Illuminate/Cookie/Middleware/AddQueuedCookiesToResponse.php(36): Illuminate/Pipeline/Pipeline->{closure:{closure:Illuminate/Pipeline/Pipeline::carry():194}:195}()
#26 C:/Users/Monami Sadhu/Music/🏫 Campus Lost & Found Portal – Authentication, CRUD, Search/vendor/laravel/framework/src/Illuminate/Pipeline/Pipeline.php(219): Illuminate/Cookie/Middleware/AddQueuedCookiesToResponse->handle()
#27 C:/Users/Monami Sadhu/Music/🏫 Campus Lost & Found Portal – Authentication, CRUD, Search/vendor/laravel/framework/src/Illuminate/Cookie/Middleware/EncryptCookies.php(74): Illuminate/Pipeline/Pipeline->{closure:{closure:Illuminate/Pipeline/Pipeline::carry():194}:195}()
#28 C:/Users/Monami Sadhu/Music/🏫 Campus Lost & Found Portal – Authentication, CRUD, Search/vendor/laravel/framework/src/Illuminate/Pipeline/Pipeline.php(219): Illuminate/Cookie/Middleware/EncryptCookies->handle()
#29 C:/Users/Monami Sadhu/Music/🏫 Campus Lost & Found Portal – Authentication, CRUD, Search/vendor/laravel/framework/src/Illuminate/Pipeline/Pipeline.php(137): Illuminate/Pipeline/Pipeline->{closure:{closure:Illuminate/Pipeline/Pipeline::carry():194}:195}()
#30 C:/Users/Monami Sadhu/Music/🏫 Campus Lost & Found Portal – Authentication, CRUD, Search/vendor/laravel/framework/src/Illuminate/Routing/Router.php(821): Illuminate/Pipeline/Pipeline->then()
#31 C:/Users/Monami Sadhu/Music/🏫 Campus Lost & Found Portal – Authentication, CRUD, Search/vendor/laravel/framework/src/Illuminate/Routing/Router.php(800): Illuminate/Routing/Router->runRouteWithinStack()
#32 C:/Users/Monami Sadhu/Music/🏫 Campus Lost & Found Portal – Authentication, CRUD, Search/vendor/laravel/framework/src/Illuminate/Routing/Router.php(764): Illuminate/Routing/Router->runRoute()
#33 C:/Users/Monami Sadhu/Music/🏫 Campus Lost & Found Portal – Authentication, CRUD, Search/vendor/laravel/framework/src/Illuminate/Routing/Router.php(753): Illuminate/Routing/Router->dispatchToRoute()
#34 C:/Users/Monami Sadhu/Music/🏫 Campus Lost & Found Portal – Authentication, CRUD, Search/vendor/laravel/framework/src/Illuminate/Foundation/Http/Kernel.php(200): Illuminate/Routing/Router->dispatch()
#35 C:/Users/Monami Sadhu/Music/🏫 Campus Lost & Found Portal – Authentication, CRUD, Search/vendor/laravel/framework/src/Illuminate/Pipeline/Pipeline.php(180): Illuminate/Foundation/Http/Kernel->{closure:Illuminate/Foundation/Http/Kernel::dispatchToRouter():197}()
#36 C:/Users/Monami Sadhu/Music/🏫 Campus Lost & Found Portal – Authentication, CRUD, Search/vendor/laravel/framework/src/Illuminate/Foundation/Http/Middleware/TransformsRequest.php(21): Illuminate/Pipeline/Pipeline->{closure:Illuminate/Pipeline/Pipeline::prepareDestination():178}()
#37 C:/Users/Monami Sadhu/Music/🏫 Campus Lost & Found Portal – Authentication, CRUD, Search/vendor/laravel/framework/src/Illuminate/Foundation/Http/Middleware/ConvertEmptyStringsToNull.php(31): Illuminate/Foundation/Http/Middleware/TransformsRequest->handle()
#38 C:/Users/Monami Sadhu/Music/🏫 Campus Lost & Found Portal – Authentication, CRUD, Search/vendor/laravel/framework/src/Illuminate/Pipeline/Pipeline.php(219): Illuminate/Foundation/Http/Middleware/ConvertEmptyStringsToNull->handle()
#39 C:/Users/Monami Sadhu/Music/🏫 Campus Lost & Found Portal – Authentication, CRUD, Search/vendor/laravel/framework/src/Illuminate/Foundation/Http/Middleware/TransformsRequest.php(21): Illuminate/Pipeline/Pipeline->{closure:{closure:Illuminate/Pipeline/Pipeline::carry():194}:195}()
#40 C:/Users/Monami Sadhu/Music/🏫 Campus Lost & Found Portal – Authentication, CRUD, Search/vendor/laravel/framework/src/Illuminate/Foundation/Http/Middleware/TrimStrings.php(51): Illuminate/Foundation/Http/Middleware/TransformsRequest->handle()
#41 C:/Users/Monami Sadhu/Music/🏫 Campus Lost & Found Portal – Authentication, CRUD, Search/vendor/laravel/framework/src/Illuminate/Pipeline/Pipeline.php(219): Illuminate/Foundation/Http/Middleware/TrimStrings->handle()
#42 C:/Users/Monami Sadhu/Music/🏫 Campus Lost & Found Portal – Authentication, CRUD, Search/vendor/laravel/framework/src/Illuminate/Http/Middleware/ValidatePostSize.php(27): Illuminate/Pipeline/Pipeline->{closure:{closure:Illuminate/Pipeline/Pipeline::carry():194}:195}()
#43 C:/Users/Monami Sadhu/Music/🏫 Campus Lost & Found Portal – Authentication, CRUD, Search/vendor/laravel/framework/src/Illuminate/Pipeline/Pipeline.php(219): Illuminate/Http/Middleware/ValidatePostSize->handle()
#44 C:/Users/Monami Sadhu/Music/🏫 Campus Lost & Found Portal – Authentication, CRUD, Search/vendor/laravel/framework/src/Illuminate/Foundation/Http/Middleware/PreventRequestsDuringMaintenance.php(109): Illuminate/Pipeline/Pipeline->{closure:{closure:Illuminate/Pipeline/Pipeline::carry():194}:195}()
#45 C:/Users/Monami Sadhu/Music/🏫 Campus Lost & Found Portal – Authentication, CRUD, Search/vendor/laravel/framework/src/Illuminate/Pipeline/Pipeline.php(219): Illuminate/Foundation/Http/Middleware/PreventRequestsDuringMaintenance->handle()
#46 C:/Users/Monami Sadhu/Music/🏫 Campus Lost & Found Portal – Authentication, CRUD, Search/vendor/laravel/framework/src/Illuminate/Http/Middleware/HandleCors.php(61): Illuminate/Pipeline/Pipeline->{closure:{closure:Illuminate/Pipeline/Pipeline::carry():194}:195}()
#47 C:/Users/Monami Sadhu/Music/🏫 Campus Lost & Found Portal – Authentication, CRUD, Search/vendor/laravel/framework/src/Illuminate/Pipeline/Pipeline.php(219): Illuminate/Http/Middleware/HandleCors->handle()
#48 C:/Users/Monami Sadhu/Music/🏫 Campus Lost & Found Portal – Authentication, CRUD, Search/vendor/laravel/framework/src/Illuminate/Http/Middleware/TrustProxies.php(58): Illuminate/Pipeline/Pipeline->{closure:{closure:Illuminate/Pipeline/Pipeline::carry():194}:195}()
#49 C:/Users/Monami Sadhu/Music/🏫 Campus Lost & Found Portal – Authentication, CRUD, Search/vendor/laravel/framework/src/Illuminate/Pipeline/Pipeline.php(219): Illuminate/Http/Middleware/TrustProxies->handle()
#50 C:/Users/Monami Sadhu/Music/🏫 Campus Lost & Found Portal – Authentication, CRUD, Search/vendor/laravel/framework/src/Illuminate/Foundation/Http/Middleware/InvokeDeferredCallbacks.php(22): Illuminate/Pipeline/Pipeline->{closure:{closure:Illuminate/Pipeline/Pipeline::carry():194}:195}()
#51 C:/Users/Monami Sadhu/Music/🏫 Campus Lost & Found Portal – Authentication, CRUD, Search/vendor/laravel/framework/src/Illuminate/Pipeline/Pipeline.php(219): Illuminate/Foundation/Http/Middleware/InvokeDeferredCallbacks->handle()
#52 C:/Users/Monami Sadhu/Music/🏫 Campus Lost & Found Portal – Authentication, CRUD, Search/vendor/laravel/framework/src/Illuminate/Http/Middleware/ValidatePathEncoding.php(26): Illuminate/Pipeline/Pipeline->{closure:{closure:Illuminate/Pipeline/Pipeline::carry():194}:195}()
#53 C:/Users/Monami Sadhu/Music/🏫 Campus Lost & Found Portal – Authentication, CRUD, Search/vendor/laravel/framework/src/Illuminate/Pipeline/Pipeline.php(219): Illuminate/Http/Middleware/ValidatePathEncoding->handle()
#54 C:/Users/Monami Sadhu/Music/🏫 Campus Lost & Found Portal – Authentication, CRUD, Search/vendor/laravel/framework/src/Illuminate/Pipeline/Pipeline.php(137): Illuminate/Pipeline/Pipeline->{closure:{closure:Illuminate/Pipeline/Pipeline::carry():194}:195}()
#55 C:/Users/Monami Sadhu/Music/🏫 Campus Lost & Found Portal – Authentication, CRUD, Search/vendor/laravel/framework/src/Illuminate/Foundation/Http/Kernel.php(175): Illuminate/Pipeline/Pipeline->then()
#56 C:/Users/Monami Sadhu/Music/🏫 Campus Lost & Found Portal – Authentication, CRUD, Search/vendor/laravel/framework/src/Illuminate/Foundation/Http/Kernel.php(144): Illuminate/Foundation/Http/Kernel->sendRequestThroughRouter()
#57 C:/Users/Monami Sadhu/Music/🏫 Campus Lost & Found Portal – Authentication, CRUD, Search/public/index.php(9): Illuminate/Foundation/Http/Kernel->handle()
#58 C:/Users/Monami Sadhu/Music/🏫 Campus Lost & Found Portal – Authentication, CRUD, Search/vendor/laravel/framework/src/Illuminate/Foundation/resources/server.php(23): require_once('...')
#59 {main}
"} 
[2026-08-15 20:39:41] local.ERROR: SQLSTATE[HY000]: General error: 1 no such table: cache (Connection: sqlite, Database: database/database.sqlite, SQL: select * from "cache" where "key" in (campuslostandfound_cache_da4b9237bacccdf19c0760cab7aec4a8359010b0)) {"userId":2,"exception":"[object] (Illuminate\\Database\\QueryException(code: HY000): SQLSTATE[HY000]: General error: 1 no such table: cache (Connection: sqlite, Database: database/database.sqlite, SQL: select * from \"cache\" where \"key\" in (campuslostandfound_cache_da4b9237bacccdf19c0760cab7aec4a8359010b0)) at C:/Users/Monami Sadhu/Music/🏫 Campus Lost & Found Portal – Authentication, CRUD, Search/vendor/laravel/framework/src/Illuminate/Database/Connection.php:838)
[stacktrace]
#0 C:/Users/Monami Sadhu/Music/🏫 Campus Lost & Found Portal – Authentication, CRUD, Search/vendor/laravel/framework/src/Illuminate/Database/Connection.php(794): Illuminate/Database/Connection->runQueryCallback()
#1 C:/Users/Monami Sadhu/Music/🏫 Campus Lost & Found Portal – Authentication, CRUD, Search/vendor/laravel/framework/src/Illuminate/Database/Connection.php(411): Illuminate/Database/Connection->run()
#2 C:/Users/Monami Sadhu/Music/🏫 Campus Lost & Found Portal – Authentication, CRUD, Search/vendor/laravel/framework/src/Illuminate/Database/Query/Builder.php(3505): Illuminate/Database/Connection->select()
#3 C:/Users/Monami Sadhu/Music/🏫 Campus Lost & Found Portal – Authentication, CRUD, Search/vendor/laravel/framework/src/Illuminate/Database/Query/Builder.php(3490): Illuminate/Database/Query/Builder->runSelect()
#4 C:/Users/Monami Sadhu/Music/🏫 Campus Lost & Found Portal – Authentication, CRUD, Search/vendor/laravel/framework/src/Illuminate/Database/Query/Builder.php(4080): Illuminate/Database/Query/Builder->{closure:Illuminate/Database/Query/Builder::get():3489}()
#5 C:/Users/Monami Sadhu/Music/🏫 Campus Lost & Found Portal – Authentication, CRUD, Search/vendor/laravel/framework/src/Illuminate/Database/Query/Builder.php(3489): Illuminate/Database/Query/Builder->onceWithColumns()
#6 C:/Users/Monami Sadhu/Music/🏫 Campus Lost & Found Portal – Authentication, CRUD, Search/vendor/laravel/framework/src/Illuminate/Cache/DatabaseStore.php(140): Illuminate/Database/Query/Builder->get()
#7 C:/Users/Monami Sadhu/Music/🏫 Campus Lost & Found Portal – Authentication, CRUD, Search/vendor/laravel/framework/src/Illuminate/Cache/DatabaseStore.php(115): Illuminate/Cache/DatabaseStore->many()
#8 C:/Users/Monami Sadhu/Music/🏫 Campus Lost & Found Portal – Authentication, CRUD, Search/vendor/laravel/framework/src/Illuminate/Cache/Repository.php(125): Illuminate/Cache/DatabaseStore->get()
#9 C:/Users/Monami Sadhu/Music/🏫 Campus Lost & Found Portal – Authentication, CRUD, Search/vendor/laravel/framework/src/Illuminate/Cache/RateLimiter.php(206): Illuminate/Cache/Repository->get()
#10 C:/Users/Monami Sadhu/Music/🏫 Campus Lost & Found Portal – Authentication, CRUD, Search/vendor/laravel/framework/src/Illuminate/Cache/RateLimiter.php(300): Illuminate/Cache/RateLimiter->{closure:Illuminate/Cache/RateLimiter::attempts():206}()
#11 C:/Users/Monami Sadhu/Music/🏫 Campus Lost & Found Portal – Authentication, CRUD, Search/vendor/laravel/framework/src/Illuminate/Cache/RateLimiter.php(206): Illuminate/Cache/RateLimiter->withoutSerializationOrCompression()
#12 C:/Users/Monami Sadhu/Music/🏫 Campus Lost & Found Portal – Authentication, CRUD, Search/vendor/laravel/framework/src/Illuminate/Cache/RateLimiter.php(129): Illuminate/Cache/RateLimiter->attempts()
#13 C:/Users/Monami Sadhu/Music/🏫 Campus Lost & Found Portal – Authentication, CRUD, Search/vendor/laravel/framework/src/Illuminate/Routing/Middleware/ThrottleRequests.php(157): Illuminate/Cache/RateLimiter->tooManyAttempts()
#14 C:/Users/Monami Sadhu/Music/🏫 Campus Lost & Found Portal – Authentication, CRUD, Search/vendor/laravel/framework/src/Illuminate/Routing/Middleware/ThrottleRequests.php(93): Illuminate/Routing/Middleware/ThrottleRequests->handleRequest()
#15 C:/Users/Monami Sadhu/Music/🏫 Campus Lost & Found Portal – Authentication, CRUD, Search/vendor/laravel/framework/src/Illuminate/Pipeline/Pipeline.php(219): Illuminate/Routing/Middleware/ThrottleRequests->handle()
#16 C:/Users/Monami Sadhu/Music/🏫 Campus Lost & Found Portal – Authentication, CRUD, Search/vendor/laravel/framework/src/Illuminate/Auth/Middleware/Authenticate.php(63): Illuminate/Pipeline/Pipeline->{closure:{closure:Illuminate/Pipeline/Pipeline::carry():194}:195}()
#17 C:/Users/Monami Sadhu/Music/🏫 Campus Lost & Found Portal – Authentication, CRUD, Search/vendor/laravel/framework/src/Illuminate/Pipeline/Pipeline.php(219): Illuminate/Auth/Middleware/Authenticate->handle()
#18 C:/Users/Monami Sadhu/Music/🏫 Campus Lost & Found Portal – Authentication, CRUD, Search/vendor/laravel/framework/src/Illuminate/Foundation/Http/Middleware/VerifyCsrfToken.php(87): Illuminate/Pipeline/Pipeline->{closure:{closure:Illuminate/Pipeline/Pipeline::carry():194}:195}()
#19 C:/Users/Monami Sadhu/Music/🏫 Campus Lost & Found Portal – Authentication, CRUD, Search/vendor/laravel/framework/src/Illuminate/Pipeline/Pipeline.php(219): Illuminate/Foundation/Http/Middleware/VerifyCsrfToken->handle()
#20 C:/Users/Monami Sadhu/Music/🏫 Campus Lost & Found Portal – Authentication, CRUD, Search/vendor/laravel/framework/src/Illuminate/View/Middleware/ShareErrorsFromSession.php(48): Illuminate/Pipeline/Pipeline->{closure:{closure:Illuminate/Pipeline/Pipeline::carry():194}:195}()
#21 C:/Users/Monami Sadhu/Music/🏫 Campus Lost & Found Portal – Authentication, CRUD, Search/vendor/laravel/framework/src/Illuminate/Pipeline/Pipeline.php(219): Illuminate/View/Middleware/ShareErrorsFromSession->handle()
#22 C:/Users/Monami Sadhu/Music/🏫 Campus Lost & Found Portal – Authentication, CRUD, Search/vendor/laravel/framework/src/Illuminate/Session/Middleware/StartSession.php(120): Illuminate/Pipeline/Pipeline->{closure:{closure:Illuminate/Pipeline/Pipeline::carry():194}:195}()
#23 C:/Users/Monami Sadhu/Music/🏫 Campus Lost & Found Portal – Authentication, CRUD, Search/vendor/laravel/framework/src/Illuminate/Session/Middleware/StartSession.php(63): Illuminate/Session/Middleware/StartSession->handleStatefulRequest()
#24 C:/Users/Monami Sadhu/Music/🏫 Campus Lost & Found Portal – Authentication, CRUD, Search/vendor/laravel/framework/src/Illuminate/Pipeline/Pipeline.php(219): Illuminate/Session/Middleware/StartSession->handle()
#25 C:/Users/Monami Sadhu/Music/🏫 Campus Lost & Found Portal – Authentication, CRUD, Search/vendor/laravel/framework/src/Illuminate/Cookie/Middleware/AddQueuedCookiesToResponse.php(36): Illuminate/Pipeline/Pipeline->{closure:{closure:Illuminate/Pipeline/Pipeline::carry():194}:195}()
#26 C:/Users/Monami Sadhu/Music/🏫 Campus Lost & Found Portal – Authentication, CRUD, Search/vendor/laravel/framework/src/Illuminate/Pipeline/Pipeline.php(219): Illuminate/Cookie/Middleware/AddQueuedCookiesToResponse->handle()
#27 C:/Users/Monami Sadhu/Music/🏫 Campus Lost & Found Portal – Authentication, CRUD, Search/vendor/laravel/framework/src/Illuminate/Cookie/Middleware/EncryptCookies.php(74): Illuminate/Pipeline/Pipeline->{closure:{closure:Illuminate/Pipeline/Pipeline::carry():194}:195}()
#28 C:/Users/Monami Sadhu/Music/🏫 Campus Lost & Found Portal – Authentication, CRUD, Search/vendor/laravel/framework/src/Illuminate/Pipeline/Pipeline.php(219): Illuminate/Cookie/Middleware/EncryptCookies->handle()
#29 C:/Users/Monami Sadhu/Music/🏫 Campus Lost & Found Portal – Authentication, CRUD, Search/vendor/laravel/framework/src/Illuminate/Pipeline/Pipeline.php(137): Illuminate/Pipeline/Pipeline->{closure:{closure:Illuminate/Pipeline/Pipeline::carry():194}:195}()
#30 C:/Users/Monami Sadhu/Music/🏫 Campus Lost & Found Portal – Authentication, CRUD, Search/vendor/laravel/framework/src/Illuminate/Routing/Router.php(821): Illuminate/Pipeline/Pipeline->then()
#31 C:/Users/Monami Sadhu/Music/🏫 Campus Lost & Found Portal – Authentication, CRUD, Search/vendor/laravel/framework/src/Illuminate/Routing/Router.php(800): Illuminate/Routing/Router->runRouteWithinStack()
#32 C:/Users/Monami Sadhu/Music/🏫 Campus Lost & Found Portal – Authentication, CRUD, Search/vendor/laravel/framework/src/Illuminate/Routing/Router.php(764): Illuminate/Routing/Router->runRoute()
#33 C:/Users/Monami Sadhu/Music/🏫 Campus Lost & Found Portal – Authentication, CRUD, Search/vendor/laravel/framework/src/Illuminate/Routing/Router.php(753): Illuminate/Routing/Router->dispatchToRoute()
#34 C:/Users/Monami Sadhu/Music/🏫 Campus Lost & Found Portal – Authentication, CRUD, Search/vendor/laravel/framework/src/Illuminate/Foundation/Http/Kernel.php(200): Illuminate/Routing/Router->dispatch()
#35 C:/Users/Monami Sadhu/Music/🏫 Campus Lost & Found Portal – Authentication, CRUD, Search/vendor/laravel/framework/src/Illuminate/Pipeline/Pipeline.php(180): Illuminate/Foundation/Http/Kernel->{closure:Illuminate/Foundation/Http/Kernel::dispatchToRouter():197}()
#36 C:/Users/Monami Sadhu/Music/🏫 Campus Lost & Found Portal – Authentication, CRUD, Search/vendor/laravel/framework/src/Illuminate/Foundation/Http/Middleware/TransformsRequest.php(21): Illuminate/Pipeline/Pipeline->{closure:Illuminate/Pipeline/Pipeline::prepareDestination():178}()
#37 C:/Users/Monami Sadhu/Music/🏫 Campus Lost & Found Portal – Authentication, CRUD, Search/vendor/laravel/framework/src/Illuminate/Foundation/Http/Middleware/ConvertEmptyStringsToNull.php(31): Illuminate/Foundation/Http/Middleware/TransformsRequest->handle()
#38 C:/Users/Monami Sadhu/Music/🏫 Campus Lost & Found Portal – Authentication, CRUD, Search/vendor/laravel/framework/src/Illuminate/Pipeline/Pipeline.php(219): Illuminate/Foundation/Http/Middleware/ConvertEmptyStringsToNull->handle()
#39 C:/Users/Monami Sadhu/Music/🏫 Campus Lost & Found Portal – Authentication, CRUD, Search/vendor/laravel/framework/src/Illuminate/Foundation/Http/Middleware/TransformsRequest.php(21): Illuminate/Pipeline/Pipeline->{closure:{closure:Illuminate/Pipeline/Pipeline::carry():194}:195}()
#40 C:/Users/Monami Sadhu/Music/🏫 Campus Lost & Found Portal – Authentication, CRUD, Search/vendor/laravel/framework/src/Illuminate/Foundation/Http/Middleware/TrimStrings.php(51): Illuminate/Foundation/Http/Middleware/TransformsRequest->handle()
#41 C:/Users/Monami Sadhu/Music/🏫 Campus Lost & Found Portal – Authentication, CRUD, Search/vendor/laravel/framework/src/Illuminate/Pipeline/Pipeline.php(219): Illuminate/Foundation/Http/Middleware/TrimStrings->handle()
#42 C:/Users/Monami Sadhu/Music/🏫 Campus Lost & Found Portal – Authentication, CRUD, Search/vendor/laravel/framework/src/Illuminate/Http/Middleware/ValidatePostSize.php(27): Illuminate/Pipeline/Pipeline->{closure:{closure:Illuminate/Pipeline/Pipeline::carry():194}:195}()
#43 C:/Users/Monami Sadhu/Music/🏫 Campus Lost & Found Portal – Authentication, CRUD, Search/vendor/laravel/framework/src/Illuminate/Pipeline/Pipeline.php(219): Illuminate/Http/Middleware/ValidatePostSize->handle()
#44 C:/Users/Monami Sadhu/Music/🏫 Campus Lost & Found Portal – Authentication, CRUD, Search/vendor/laravel/framework/src/Illuminate/Foundation/Http/Middleware/PreventRequestsDuringMaintenance.php(109): Illuminate/Pipeline/Pipeline->{closure:{closure:Illuminate/Pipeline/Pipeline::carry():194}:195}()
#45 C:/Users/Monami Sadhu/Music/🏫 Campus Lost & Found Portal – Authentication, CRUD, Search/vendor/laravel/framework/src/Illuminate/Pipeline/Pipeline.php(219): Illuminate/Foundation/Http/Middleware/PreventRequestsDuringMaintenance->handle()
#46 C:/Users/Monami Sadhu/Music/🏫 Campus Lost & Found Portal – Authentication, CRUD, Search/vendor/laravel/framework/src/Illuminate/Http/Middleware/HandleCors.php(61): Illuminate/Pipeline/Pipeline->{closure:{closure:Illuminate/Pipeline/Pipeline::carry():194}:195}()
#47 C:/Users/Monami Sadhu/Music/🏫 Campus Lost & Found Portal – Authentication, CRUD, Search/vendor/laravel/framework/src/Illuminate/Pipeline/Pipeline.php(219): Illuminate/Http/Middleware/HandleCors->handle()
#48 C:/Users/Monami Sadhu/Music/🏫 Campus Lost & Found Portal – Authentication, CRUD, Search/vendor/laravel/framework/src/Illuminate/Http/Middleware/TrustProxies.php(58): Illuminate/Pipeline/Pipeline->{closure:{closure:Illuminate/Pipeline/Pipeline::carry():194}:195}()
#49 C:/Users/Monami Sadhu/Music/🏫 Campus Lost & Found Portal – Authentication, CRUD, Search/vendor/laravel/framework/src/Illuminate/Pipeline/Pipeline.php(219): Illuminate/Http/Middleware/TrustProxies->handle()
#50 C:/Users/Monami Sadhu/Music/🏫 Campus Lost & Found Portal – Authentication, CRUD, Search/vendor/laravel/framework/src/Illuminate/Foundation/Http/Middleware/InvokeDeferredCallbacks.php(22): Illuminate/Pipeline/Pipeline->{closure:{closure:Illuminate/Pipeline/Pipeline::carry():194}:195}()
#51 C:/Users/Monami Sadhu/Music/🏫 Campus Lost & Found Portal – Authentication, CRUD, Search/vendor/laravel/framework/src/Illuminate/Pipeline/Pipeline.php(219): Illuminate/Foundation/Http/Middleware/InvokeDeferredCallbacks->handle()
#52 C:/Users/Monami Sadhu/Music/🏫 Campus Lost & Found Portal – Authentication, CRUD, Search/vendor/laravel/framework/src/Illuminate/Http/Middleware/ValidatePathEncoding.php(26): Illuminate/Pipeline/Pipeline->{closure:{closure:Illuminate/Pipeline/Pipeline::carry():194}:195}()
#53 C:/Users/Monami Sadhu/Music/🏫 Campus Lost & Found Portal – Authentication, CRUD, Search/vendor/laravel/framework/src/Illuminate/Pipeline/Pipeline.php(219): Illuminate/Http/Middleware/ValidatePathEncoding->handle()
#54 C:/Users/Monami Sadhu/Music/🏫 Campus Lost & Found Portal – Authentication, CRUD, Search/vendor/laravel/framework/src/Illuminate/Pipeline/Pipeline.php(137): Illuminate/Pipeline/Pipeline->{closure:{closure:Illuminate/Pipeline/Pipeline::carry():194}:195}()
#55 C:/Users/Monami Sadhu/Music/🏫 Campus Lost & Found Portal – Authentication, CRUD, Search/vendor/laravel/framework/src/Illuminate/Foundation/Http/Kernel.php(175): Illuminate/Pipeline/Pipeline->then()
#56 C:/Users/Monami Sadhu/Music/🏫 Campus Lost & Found Portal – Authentication, CRUD, Search/vendor/laravel/framework/src/Illuminate/Foundation/Http/Kernel.php(144): Illuminate/Foundation/Http/Kernel->sendRequestThroughRouter()
#57 C:/Users/Monami Sadhu/Music/🏫 Campus Lost & Found Portal – Authentication, CRUD, Search/public/index.php(9): Illuminate/Foundation/Http/Kernel->handle()
#58 C:/Users/Monami Sadhu/Music/🏫 Campus Lost & Found Portal – Authentication, CRUD, Search/vendor/laravel/framework/src/Illuminate/Foundation/resources/server.php(23): require_once('...')
#59 {main}

[previous exception] [object] (PDOException(code: HY000): SQLSTATE[HY000]: General error: 1 no such table: cache at C:/Users/Monami Sadhu/Music/🏫 Campus Lost & Found Portal – Authentication, CRUD, Search/vendor/laravel/framework/src/Illuminate/Database/Connection.php:420)
[stacktrace]
#0 C:/Users/Monami Sadhu/Music/🏫 Campus Lost & Found Portal – Authentication, CRUD, Search/vendor/laravel/framework/src/Illuminate/Database/Connection.php(420): PDO->prepare()
#1 C:/Users/Monami Sadhu/Music/🏫 Campus Lost & Found Portal – Authentication, CRUD, Search/vendor/laravel/framework/src/Illuminate/Database/Connection.php(827): Illuminate/Database/Connection->{closure:Illuminate/Database/Connection::select():411}()
#2 C:/Users/Monami Sadhu/Music/🏫 Campus Lost & Found Portal – Authentication, CRUD, Search/vendor/laravel/framework/src/Illuminate/Database/Connection.php(794): Illuminate/Database/Connection->runQueryCallback()
#3 C:/Users/Monami Sadhu/Music/🏫 Campus Lost & Found Portal – Authentication, CRUD, Search/vendor/laravel/framework/src/Illuminate/Database/Connection.php(411): Illuminate/Database/Connection->run()
#4 C:/Users/Monami Sadhu/Music/🏫 Campus Lost & Found Portal – Authentication, CRUD, Search/vendor/laravel/framework/src/Illuminate/Database/Query/Builder.php(3505): Illuminate/Database/Connection->select()
#5 C:/Users/Monami Sadhu/Music/🏫 Campus Lost & Found Portal – Authentication, CRUD, Search/vendor/laravel/framework/src/Illuminate/Database/Query/Builder.php(3490): Illuminate/Database/Query/Builder->runSelect()
#6 C:/Users/Monami Sadhu/Music/🏫 Campus Lost & Found Portal – Authentication, CRUD, Search/vendor/laravel/framework/src/Illuminate/Database/Query/Builder.php(4080): Illuminate/Database/Query/Builder->{closure:Illuminate/Database/Query/Builder::get():3489}()
#7 C:/Users/Monami Sadhu/Music/🏫 Campus Lost & Found Portal – Authentication, CRUD, Search/vendor/laravel/framework/src/Illuminate/Database/Query/Builder.php(3489): Illuminate/Database/Query/Builder->onceWithColumns()
#8 C:/Users/Monami Sadhu/Music/🏫 Campus Lost & Found Portal – Authentication, CRUD, Search/vendor/laravel/framework/src/Illuminate/Cache/DatabaseStore.php(140): Illuminate/Database/Query/Builder->get()
#9 C:/Users/Monami Sadhu/Music/🏫 Campus Lost & Found Portal – Authentication, CRUD, Search/vendor/laravel/framework/src/Illuminate/Cache/DatabaseStore.php(115): Illuminate/Cache/DatabaseStore->many()
#10 C:/Users/Monami Sadhu/Music/🏫 Campus Lost & Found Portal – Authentication, CRUD, Search/vendor/laravel/framework/src/Illuminate/Cache/Repository.php(125): Illuminate/Cache/DatabaseStore->get()
#11 C:/Users/Monami Sadhu/Music/🏫 Campus Lost & Found Portal – Authentication, CRUD, Search/vendor/laravel/framework/src/Illuminate/Cache/RateLimiter.php(206): Illuminate/Cache/Repository->get()
#12 C:/Users/Monami Sadhu/Music/🏫 Campus Lost & Found Portal – Authentication, CRUD, Search/vendor/laravel/framework/src/Illuminate/Cache/RateLimiter.php(300): Illuminate/Cache/RateLimiter->{closure:Illuminate/Cache/RateLimiter::attempts():206}()
#13 C:/Users/Monami Sadhu/Music/🏫 Campus Lost & Found Portal – Authentication, CRUD, Search/vendor/laravel/framework/src/Illuminate/Cache/RateLimiter.php(206): Illuminate/Cache/RateLimiter->withoutSerializationOrCompression()
#14 C:/Users/Monami Sadhu/Music/🏫 Campus Lost & Found Portal – Authentication, CRUD, Search/vendor/laravel/framework/src/Illuminate/Cache/RateLimiter.php(129): Illuminate/Cache/RateLimiter->attempts()
#15 C:/Users/Monami Sadhu/Music/🏫 Campus Lost & Found Portal – Authentication, CRUD, Search/vendor/laravel/framework/src/Illuminate/Routing/Middleware/ThrottleRequests.php(157): Illuminate/Cache/RateLimiter->tooManyAttempts()
#16 C:/Users/Monami Sadhu/Music/🏫 Campus Lost & Found Portal – Authentication, CRUD, Search/vendor/laravel/framework/src/Illuminate/Routing/Middleware/ThrottleRequests.php(93): Illuminate/Routing/Middleware/ThrottleRequests->handleRequest()
#17 C:/Users/Monami Sadhu/Music/🏫 Campus Lost & Found Portal – Authentication, CRUD, Search/vendor/laravel/framework/src/Illuminate/Pipeline/Pipeline.php(219): Illuminate/Routing/Middleware/ThrottleRequests->handle()
#18 C:/Users/Monami Sadhu/Music/🏫 Campus Lost & Found Portal – Authentication, CRUD, Search/vendor/laravel/framework/src/Illuminate/Auth/Middleware/Authenticate.php(63): Illuminate/Pipeline/Pipeline->{closure:{closure:Illuminate/Pipeline/Pipeline::carry():194}:195}()
#19 C:/Users/Monami Sadhu/Music/🏫 Campus Lost & Found Portal – Authentication, CRUD, Search/vendor/laravel/framework/src/Illuminate/Pipeline/Pipeline.php(219): Illuminate/Auth/Middleware/Authenticate->handle()
#20 C:/Users/Monami Sadhu/Music/🏫 Campus Lost & Found Portal – Authentication, CRUD, Search/vendor/laravel/framework/src/Illuminate/Foundation/Http/Middleware/VerifyCsrfToken.php(87): Illuminate/Pipeline/Pipeline->{closure:{closure:Illuminate/Pipeline/Pipeline::carry():194}:195}()
#21 C:/Users/Monami Sadhu/Music/🏫 Campus Lost & Found Portal – Authentication, CRUD, Search/vendor/laravel/framework/src/Illuminate/Pipeline/Pipeline.php(219): Illuminate/Foundation/Http/Middleware/VerifyCsrfToken->handle()
#22 C:/Users/Monami Sadhu/Music/🏫 Campus Lost & Found Portal – Authentication, CRUD, Search/vendor/laravel/framework/src/Illuminate/View/Middleware/ShareErrorsFromSession.php(48): Illuminate/Pipeline/Pipeline->{closure:{closure:Illuminate/Pipeline/Pipeline::carry():194}:195}()
#23 C:/Users/Monami Sadhu/Music/🏫 Campus Lost & Found Portal – Authentication, CRUD, Search/vendor/laravel/framework/src/Illuminate/Pipeline/Pipeline.php(219): Illuminate/View/Middleware/ShareErrorsFromSession->handle()
#24 C:/Users/Monami Sadhu/Music/🏫 Campus Lost & Found Portal – Authentication, CRUD, Search/vendor/laravel/framework/src/Illuminate/Session/Middleware/StartSession.php(120): Illuminate/Pipeline/Pipeline->{closure:{closure:Illuminate/Pipeline/Pipeline::carry():194}:195}()
#25 C:/Users/Monami Sadhu/Music/🏫 Campus Lost & Found Portal – Authentication, CRUD, Search/vendor/laravel/framework/src/Illuminate/Session/Middleware/StartSession.php(63): Illuminate/Session/Middleware/StartSession->handleStatefulRequest()
#26 C:/Users/Monami Sadhu/Music/🏫 Campus Lost & Found Portal – Authentication, CRUD, Search/vendor/laravel/framework/src/Illuminate/Pipeline/Pipeline.php(219): Illuminate/Session/Middleware/StartSession->handle()
#27 C:/Users/Monami Sadhu/Music/🏫 Campus Lost & Found Portal – Authentication, CRUD, Search/vendor/laravel/framework/src/Illuminate/Cookie/Middleware/AddQueuedCookiesToResponse.php(36): Illuminate/Pipeline/Pipeline->{closure:{closure:Illuminate/Pipeline/Pipeline::carry():194}:195}()
#28 C:/Users/Monami Sadhu/Music/🏫 Campus Lost & Found Portal – Authentication, CRUD, Search/vendor/laravel/framework/src/Illuminate/Pipeline/Pipeline.php(219): Illuminate/Cookie/Middleware/AddQueuedCookiesToResponse->handle()
#29 C:/Users/Monami Sadhu/Music/🏫 Campus Lost & Found Portal – Authentication, CRUD, Search/vendor/laravel/framework/src/Illuminate/Cookie/Middleware/EncryptCookies.php(74): Illuminate/Pipeline/Pipeline->{closure:{closure:Illuminate/Pipeline/Pipeline::carry():194}:195}()
#30 C:/Users/Monami Sadhu/Music/🏫 Campus Lost & Found Portal – Authentication, CRUD, Search/vendor/laravel/framework/src/Illuminate/Pipeline/Pipeline.php(219): Illuminate/Cookie/Middleware/EncryptCookies->handle()
#31 C:/Users/Monami Sadhu/Music/🏫 Campus Lost & Found Portal – Authentication, CRUD, Search/vendor/laravel/framework/src/Illuminate/Pipeline/Pipeline.php(137): Illuminate/Pipeline/Pipeline->{closure:{closure:Illuminate/Pipeline/Pipeline::carry():194}:195}()
#32 C:/Users/Monami Sadhu/Music/🏫 Campus Lost & Found Portal – Authentication, CRUD, Search/vendor/laravel/framework/src/Illuminate/Routing/Router.php(821): Illuminate/Pipeline/Pipeline->then()
#33 C:/Users/Monami Sadhu/Music/🏫 Campus Lost & Found Portal – Authentication, CRUD, Search/vendor/laravel/framework/src/Illuminate/Routing/Router.php(800): Illuminate/Routing/Router->runRouteWithinStack()
#34 C:/Users/Monami Sadhu/Music/🏫 Campus Lost & Found Portal – Authentication, CRUD, Search/vendor/laravel/framework/src/Illuminate/Routing/Router.php(764): Illuminate/Routing/Router->runRoute()
#35 C:/Users/Monami Sadhu/Music/🏫 Campus Lost & Found Portal – Authentication, CRUD, Search/vendor/laravel/framework/src/Illuminate/Routing/Router.php(753): Illuminate/Routing/Router->dispatchToRoute()
#36 C:/Users/Monami Sadhu/Music/🏫 Campus Lost & Found Portal – Authentication, CRUD, Search/vendor/laravel/framework/src/Illuminate/Foundation/Http/Kernel.php(200): Illuminate/Routing/Router->dispatch()
#37 C:/Users/Monami Sadhu/Music/🏫 Campus Lost & Found Portal – Authentication, CRUD, Search/vendor/laravel/framework/src/Illuminate/Pipeline/Pipeline.php(180): Illuminate/Foundation/Http/Kernel->{closure:Illuminate/Foundation/Http/Kernel::dispatchToRouter():197}()
#38 C:/Users/Monami Sadhu/Music/🏫 Campus Lost & Found Portal – Authentication, CRUD, Search/vendor/laravel/framework/src/Illuminate/Foundation/Http/Middleware/TransformsRequest.php(21): Illuminate/Pipeline/Pipeline->{closure:Illuminate/Pipeline/Pipeline::prepareDestination():178}()
#39 C:/Users/Monami Sadhu/Music/🏫 Campus Lost & Found Portal – Authentication, CRUD, Search/vendor/laravel/framework/src/Illuminate/Foundation/Http/Middleware/ConvertEmptyStringsToNull.php(31): Illuminate/Foundation/Http/Middleware/TransformsRequest->handle()
#40 C:/Users/Monami Sadhu/Music/🏫 Campus Lost & Found Portal – Authentication, CRUD, Search/vendor/laravel/framework/src/Illuminate/Pipeline/Pipeline.php(219): Illuminate/Foundation/Http/Middleware/ConvertEmptyStringsToNull->handle()
#41 C:/Users/Monami Sadhu/Music/🏫 Campus Lost & Found Portal – Authentication, CRUD, Search/vendor/laravel/framework/src/Illuminate/Foundation/Http/Middleware/TransformsRequest.php(21): Illuminate/Pipeline/Pipeline->{closure:{closure:Illuminate/Pipeline/Pipeline::carry():194}:195}()
#42 C:/Users/Monami Sadhu/Music/🏫 Campus Lost & Found Portal – Authentication, CRUD, Search/vendor/laravel/framework/src/Illuminate/Foundation/Http/Middleware/TrimStrings.php(51): Illuminate/Foundation/Http/Middleware/TransformsRequest->handle()
#43 C:/Users/Monami Sadhu/Music/🏫 Campus Lost & Found Portal – Authentication, CRUD, Search/vendor/laravel/framework/src/Illuminate/Pipeline/Pipeline.php(219): Illuminate/Foundation/Http/Middleware/TrimStrings->handle()
#44 C:/Users/Monami Sadhu/Music/🏫 Campus Lost & Found Portal – Authentication, CRUD, Search/vendor/laravel/framework/src/Illuminate/Http/Middleware/ValidatePostSize.php(27): Illuminate/Pipeline/Pipeline->{closure:{closure:Illuminate/Pipeline/Pipeline::carry():194}:195}()
#45 C:/Users/Monami Sadhu/Music/🏫 Campus Lost & Found Portal – Authentication, CRUD, Search/vendor/laravel/framework/src/Illuminate/Pipeline/Pipeline.php(219): Illuminate/Http/Middleware/ValidatePostSize->handle()
#46 C:/Users/Monami Sadhu/Music/🏫 Campus Lost & Found Portal – Authentication, CRUD, Search/vendor/laravel/framework/src/Illuminate/Foundation/Http/Middleware/PreventRequestsDuringMaintenance.php(109): Illuminate/Pipeline/Pipeline->{closure:{closure:Illuminate/Pipeline/Pipeline::carry():194}:195}()
#47 C:/Users/Monami Sadhu/Music/🏫 Campus Lost & Found Portal – Authentication, CRUD, Search/vendor/laravel/framework/src/Illuminate/Pipeline/Pipeline.php(219): Illuminate/Foundation/Http/Middleware/PreventRequestsDuringMaintenance->handle()
#48 C:/Users/Monami Sadhu/Music/🏫 Campus Lost & Found Portal – Authentication, CRUD, Search/vendor/laravel/framework/src/Illuminate/Http/Middleware/HandleCors.php(61): Illuminate/Pipeline/Pipeline->{closure:{closure:Illuminate/Pipeline/Pipeline::carry():194}:195}()
#49 C:/Users/Monami Sadhu/Music/🏫 Campus Lost & Found Portal – Authentication, CRUD, Search/vendor/laravel/framework/src/Illuminate/Pipeline/Pipeline.php(219): Illuminate/Http/Middleware/HandleCors->handle()
#50 C:/Users/Monami Sadhu/Music/🏫 Campus Lost & Found Portal – Authentication, CRUD, Search/vendor/laravel/framework/src/Illuminate/Http/Middleware/TrustProxies.php(58): Illuminate/Pipeline/Pipeline->{closure:{closure:Illuminate/Pipeline/Pipeline::carry():194}:195}()
#51 C:/Users/Monami Sadhu/Music/🏫 Campus Lost & Found Portal – Authentication, CRUD, Search/vendor/laravel/framework/src/Illuminate/Pipeline/Pipeline.php(219): Illuminate/Http/Middleware/TrustProxies->handle()
#52 C:/Users/Monami Sadhu/Music/🏫 Campus Lost & Found Portal – Authentication, CRUD, Search/vendor/laravel/framework/src/Illuminate/Foundation/Http/Middleware/InvokeDeferredCallbacks.php(22): Illuminate/Pipeline/Pipeline->{closure:{closure:Illuminate/Pipeline/Pipeline::carry():194}:195}()
#53 C:/Users/Monami Sadhu/Music/🏫 Campus Lost & Found Portal – Authentication, CRUD, Search/vendor/laravel/framework/src/Illuminate/Pipeline/Pipeline.php(219): Illuminate/Foundation/Http/Middleware/InvokeDeferredCallbacks->handle()
#54 C:/Users/Monami Sadhu/Music/🏫 Campus Lost & Found Portal – Authentication, CRUD, Search/vendor/laravel/framework/src/Illuminate/Http/Middleware/ValidatePathEncoding.php(26): Illuminate/Pipeline/Pipeline->{closure:{closure:Illuminate/Pipeline/Pipeline::carry():194}:195}()
#55 C:/Users/Monami Sadhu/Music/🏫 Campus Lost & Found Portal – Authentication, CRUD, Search/vendor/laravel/framework/src/Illuminate/Pipeline/Pipeline.php(219): Illuminate/Http/Middleware/ValidatePathEncoding->handle()
#56 C:/Users/Monami Sadhu/Music/🏫 Campus Lost & Found Portal – Authentication, CRUD, Search/vendor/laravel/framework/src/Illuminate/Pipeline/Pipeline.php(137): Illuminate/Pipeline/Pipeline->{closure:{closure:Illuminate/Pipeline/Pipeline::carry():194}:195}()
#57 C:/Users/Monami Sadhu/Music/🏫 Campus Lost & Found Portal – Authentication, CRUD, Search/vendor/laravel/framework/src/Illuminate/Foundation/Http/Kernel.php(175): Illuminate/Pipeline/Pipeline->then()
#58 C:/Users/Monami Sadhu/Music/🏫 Campus Lost & Found Portal – Authentication, CRUD, Search/vendor/laravel/framework/src/Illuminate/Foundation/Http/Kernel.php(144): Illuminate/Foundation/Http/Kernel->sendRequestThroughRouter()
#59 C:/Users/Monami Sadhu/Music/🏫 Campus Lost & Found Portal – Authentication, CRUD, Search/public/index.php(9): Illuminate/Foundation/Http/Kernel->handle()
#60 C:/Users/Monami Sadhu/Music/🏫 Campus Lost & Found Portal – Authentication, CRUD, Search/vendor/laravel/framework/src/Illuminate/Foundation/resources/server.php(23): require_once('...')
#61 {main}
"} 
[2026-08-15 20:45:07] local.ERROR: SQLSTATE[HY000]: General error: 1 no such table: cache (Connection: sqlite, Database: database/database.sqlite, SQL: delete from "cache") {"exception":"[object] (Illuminate\\Database\\QueryException(code: HY000): SQLSTATE[HY000]: General error: 1 no such table: cache (Connection: sqlite, Database: database/database.sqlite, SQL: delete from \"cache\") at C:/Users/Monami Sadhu/Music/🏫 Campus Lost & Found Portal – Authentication, CRUD, Search/vendor/laravel/framework/src/Illuminate/Database/Connection.php:838)
[stacktrace]
#0 C:/Users/Monami Sadhu/Music/🏫 Campus Lost & Found Portal – Authentication, CRUD, Search/vendor/laravel/framework/src/Illuminate/Database/Connection.php(794): Illuminate/Database/Connection->runQueryCallback()
#1 C:/Users/Monami Sadhu/Music/🏫 Campus Lost & Found Portal – Authentication, CRUD, Search/vendor/laravel/framework/src/Illuminate/Database/Connection.php(597): Illuminate/Database/Connection->run()
#2 C:/Users/Monami Sadhu/Music/🏫 Campus Lost & Found Portal – Authentication, CRUD, Search/vendor/laravel/framework/src/Illuminate/Database/Connection.php(561): Illuminate/Database/Connection->affectingStatement()
#3 C:/Users/Monami Sadhu/Music/🏫 Campus Lost & Found Portal – Authentication, CRUD, Search/vendor/laravel/framework/src/Illuminate/Database/Query/Builder.php(4426): Illuminate/Database/Connection->delete()
#4 C:/Users/Monami Sadhu/Music/🏫 Campus Lost & Found Portal – Authentication, CRUD, Search/vendor/laravel/framework/src/Illuminate/Cache/DatabaseStore.php(433): Illuminate/Database/Query/Builder->delete()
#5 C:/Users/Monami Sadhu/Music/🏫 Campus Lost & Found Portal – Authentication, CRUD, Search/vendor/laravel/framework/src/Illuminate/Cache/Repository.php(979): Illuminate/Cache/DatabaseStore->flush()
#6 C:/Users/Monami Sadhu/Music/🏫 Campus Lost & Found Portal – Authentication, CRUD, Search/vendor/laravel/framework/src/Illuminate/Cache/Console/ClearCommand.php(68): Illuminate/Cache/Repository->__call()
#7 C:/Users/Monami Sadhu/Music/🏫 Campus Lost & Found Portal – Authentication, CRUD, Search/vendor/laravel/framework/src/Illuminate/Container/BoundMethod.php(36): Illuminate/Cache/Console/ClearCommand->handle()
#8 C:/Users/Monami Sadhu/Music/🏫 Campus Lost & Found Portal – Authentication, CRUD, Search/vendor/laravel/framework/src/Illuminate/Container/Util.php(43): Illuminate/Container/BoundMethod::{closure:Illuminate/Container/BoundMethod::call():35}()
#9 C:/Users/Monami Sadhu/Music/🏫 Campus Lost & Found Portal – Authentication, CRUD, Search/vendor/laravel/framework/src/Illuminate/Container/BoundMethod.php(96): Illuminate/Container/Util::unwrapIfClosure()
#10 C:/Users/Monami Sadhu/Music/🏫 Campus Lost & Found Portal – Authentication, CRUD, Search/vendor/laravel/framework/src/Illuminate/Container/BoundMethod.php(35): Illuminate/Container/BoundMethod::callBoundMethod()
#11 C:/Users/Monami Sadhu/Music/🏫 Campus Lost & Found Portal – Authentication, CRUD, Search/vendor/laravel/framework/src/Illuminate/Container/Container.php(799): Illuminate/Container/BoundMethod::call()
#12 C:/Users/Monami Sadhu/Music/🏫 Campus Lost & Found Portal – Authentication, CRUD, Search/vendor/laravel/framework/src/Illuminate/Console/Command.php(211): Illuminate/Container/Container->call()
#13 C:/Users/Monami Sadhu/Music/🏫 Campus Lost & Found Portal – Authentication, CRUD, Search/vendor/symfony/console/Command/Command.php(341): Illuminate/Console/Command->execute()
#14 C:/Users/Monami Sadhu/Music/🏫 Campus Lost & Found Portal – Authentication, CRUD, Search/vendor/laravel/framework/src/Illuminate/Console/Command.php(180): Symfony/Component/Console/Command/Command->run()
#15 C:/Users/Monami Sadhu/Music/🏫 Campus Lost & Found Portal – Authentication, CRUD, Search/vendor/laravel/framework/src/Illuminate/Console/Concerns/CallsCommands.php(68): Illuminate/Console/Command->run()
#16 C:/Users/Monami Sadhu/Music/🏫 Campus Lost & Found Portal – Authentication, CRUD, Search/vendor/laravel/framework/src/Illuminate/Console/Concerns/CallsCommands.php(41): Illuminate/Console/Command->runCommand()
#17 C:/Users/Monami Sadhu/Music/🏫 Campus Lost & Found Portal – Authentication, CRUD, Search/vendor/laravel/framework/src/Illuminate/Console/Concerns/CallsCommands.php(53): Illuminate/Console/Command->callSilent()
#18 C:/Users/Monami Sadhu/Music/🏫 Campus Lost & Found Portal – Authentication, CRUD, Search/vendor/laravel/framework/src/Illuminate/Foundation/Console/OptimizeClearCommand.php(48): Illuminate/Console/Command->callSilently()
#19 C:/Users/Monami Sadhu/Music/🏫 Campus Lost & Found Portal – Authentication, CRUD, Search/vendor/laravel/framework/src/Illuminate/Console/View/Components/Task.php(41): Illuminate/Foundation/Console/OptimizeClearCommand->{closure:Illuminate/Foundation/Console/OptimizeClearCommand::handle():48}()
#20 C:/Users/Monami Sadhu/Music/🏫 Campus Lost & Found Portal – Authentication, CRUD, Search/vendor/laravel/framework/src/Illuminate/Console/View/Components/Factory.php(59): Illuminate/Console/View/Components/Task->render()
#21 C:/Users/Monami Sadhu/Music/🏫 Campus Lost & Found Portal – Authentication, CRUD, Search/vendor/laravel/framework/src/Illuminate/Foundation/Console/OptimizeClearCommand.php(48): Illuminate/Console/View/Components/Factory->__call()
#22 C:/Users/Monami Sadhu/Music/🏫 Campus Lost & Found Portal – Authentication, CRUD, Search/vendor/laravel/framework/src/Illuminate/Container/BoundMethod.php(36): Illuminate/Foundation/Console/OptimizeClearCommand->handle()
#23 C:/Users/Monami Sadhu/Music/🏫 Campus Lost & Found Portal – Authentication, CRUD, Search/vendor/laravel/framework/src/Illuminate/Container/Util.php(43): Illuminate/Container/BoundMethod::{closure:Illuminate/Container/BoundMethod::call():35}()
#24 C:/Users/Monami Sadhu/Music/🏫 Campus Lost & Found Portal – Authentication, CRUD, Search/vendor/laravel/framework/src/Illuminate/Container/BoundMethod.php(96): Illuminate/Container/Util::unwrapIfClosure()
#25 C:/Users/Monami Sadhu/Music/🏫 Campus Lost & Found Portal – Authentication, CRUD, Search/vendor/laravel/framework/src/Illuminate/Container/BoundMethod.php(35): Illuminate/Container/BoundMethod::callBoundMethod()
#26 C:/Users/Monami Sadhu/Music/🏫 Campus Lost & Found Portal – Authentication, CRUD, Search/vendor/laravel/framework/src/Illuminate/Container/Container.php(799): Illuminate/Container/BoundMethod::call()
#27 C:/Users/Monami Sadhu/Music/🏫 Campus Lost & Found Portal – Authentication, CRUD, Search/vendor/laravel/framework/src/Illuminate/Console/Command.php(211): Illuminate/Container/Container->call()
#28 C:/Users/Monami Sadhu/Music/🏫 Campus Lost & Found Portal – Authentication, CRUD, Search/vendor/symfony/console/Command/Command.php(341): Illuminate/Console/Command->execute()
#29 C:/Users/Monami Sadhu/Music/🏫 Campus Lost & Found Portal – Authentication, CRUD, Search/vendor/laravel/framework/src/Illuminate/Console/Command.php(180): Symfony/Component/Console/Command/Command->run()
#30 C:/Users/Monami Sadhu/Music/🏫 Campus Lost & Found Portal – Authentication, CRUD, Search/vendor/symfony/console/Application.php(1117): Illuminate/Console/Command->run()
#31 C:/Users/Monami Sadhu/Music/🏫 Campus Lost & Found Portal – Authentication, CRUD, Search/vendor/symfony/console/Application.php(356): Symfony/Component/Console/Application->doRunCommand()
#32 C:/Users/Monami Sadhu/Music/🏫 Campus Lost & Found Portal – Authentication, CRUD, Search/vendor/symfony/console/Application.php(195): Symfony/Component/Console/Application->doRun()
#33 C:/Users/Monami Sadhu/Music/🏫 Campus Lost & Found Portal – Authentication, CRUD, Search/vendor/laravel/framework/src/Illuminate/Foundation/Console/Kernel.php(198): Symfony/Component/Console/Application->run()
#34 C:/Users/Monami Sadhu/Music/🏫 Campus Lost & Found Portal – Authentication, CRUD, Search/artisan(10): Illuminate/Foundation/Console/Kernel->handle()
#35 {main}

[previous exception] [object] (PDOException(code: HY000): SQLSTATE[HY000]: General error: 1 no such table: cache at C:/Users/Monami Sadhu/Music/🏫 Campus Lost & Found Portal – Authentication, CRUD, Search/vendor/laravel/framework/src/Illuminate/Database/Connection.php:605)
[stacktrace]
#0 C:/Users/Monami Sadhu/Music/🏫 Campus Lost & Found Portal – Authentication, CRUD, Search/vendor/laravel/framework/src/Illuminate/Database/Connection.php(605): PDO->prepare()
#1 C:/Users/Monami Sadhu/Music/🏫 Campus Lost & Found Portal – Authentication, CRUD, Search/vendor/laravel/framework/src/Illuminate/Database/Connection.php(827): Illuminate/Database/Connection->{closure:Illuminate/Database/Connection::affectingStatement():597}()
#2 C:/Users/Monami Sadhu/Music/🏫 Campus Lost & Found Portal – Authentication, CRUD, Search/vendor/laravel/framework/src/Illuminate/Database/Connection.php(794): Illuminate/Database/Connection->runQueryCallback()
#3 C:/Users/Monami Sadhu/Music/🏫 Campus Lost & Found Portal – Authentication, CRUD, Search/vendor/laravel/framework/src/Illuminate/Database/Connection.php(597): Illuminate/Database/Connection->run()
#4 C:/Users/Monami Sadhu/Music/🏫 Campus Lost & Found Portal – Authentication, CRUD, Search/vendor/laravel/framework/src/Illuminate/Database/Connection.php(561): Illuminate/Database/Connection->affectingStatement()
#5 C:/Users/Monami Sadhu/Music/🏫 Campus Lost & Found Portal – Authentication, CRUD, Search/vendor/laravel/framework/src/Illuminate/Database/Query/Builder.php(4426): Illuminate/Database/Connection->delete()
#6 C:/Users/Monami Sadhu/Music/🏫 Campus Lost & Found Portal – Authentication, CRUD, Search/vendor/laravel/framework/src/Illuminate/Cache/DatabaseStore.php(433): Illuminate/Database/Query/Builder->delete()
#7 C:/Users/Monami Sadhu/Music/🏫 Campus Lost & Found Portal – Authentication, CRUD, Search/vendor/laravel/framework/src/Illuminate/Cache/Repository.php(979): Illuminate/Cache/DatabaseStore->flush()
#8 C:/Users/Monami Sadhu/Music/🏫 Campus Lost & Found Portal – Authentication, CRUD, Search/vendor/laravel/framework/src/Illuminate/Cache/Console/ClearCommand.php(68): Illuminate/Cache/Repository->__call()
#9 C:/Users/Monami Sadhu/Music/🏫 Campus Lost & Found Portal – Authentication, CRUD, Search/vendor/laravel/framework/src/Illuminate/Container/BoundMethod.php(36): Illuminate/Cache/Console/ClearCommand->handle()
#10 C:/Users/Monami Sadhu/Music/🏫 Campus Lost & Found Portal – Authentication, CRUD, Search/vendor/laravel/framework/src/Illuminate/Container/Util.php(43): Illuminate/Container/BoundMethod::{closure:Illuminate/Container/BoundMethod::call():35}()
#11 C:/Users/Monami Sadhu/Music/🏫 Campus Lost & Found Portal – Authentication, CRUD, Search/vendor/laravel/framework/src/Illuminate/Container/BoundMethod.php(96): Illuminate/Container/Util::unwrapIfClosure()
#12 C:/Users/Monami Sadhu/Music/🏫 Campus Lost & Found Portal – Authentication, CRUD, Search/vendor/laravel/framework/src/Illuminate/Container/BoundMethod.php(35): Illuminate/Container/BoundMethod::callBoundMethod()
#13 C:/Users/Monami Sadhu/Music/🏫 Campus Lost & Found Portal – Authentication, CRUD, Search/vendor/laravel/framework/src/Illuminate/Container/Container.php(799): Illuminate/Container/BoundMethod::call()
#14 C:/Users/Monami Sadhu/Music/🏫 Campus Lost & Found Portal – Authentication, CRUD, Search/vendor/laravel/framework/src/Illuminate/Console/Command.php(211): Illuminate/Container/Container->call()
#15 C:/Users/Monami Sadhu/Music/🏫 Campus Lost & Found Portal – Authentication, CRUD, Search/vendor/symfony/console/Command/Command.php(341): Illuminate/Console/Command->execute()
#16 C:/Users/Monami Sadhu/Music/🏫 Campus Lost & Found Portal – Authentication, CRUD, Search/vendor/laravel/framework/src/Illuminate/Console/Command.php(180): Symfony/Component/Console/Command/Command->run()
#17 C:/Users/Monami Sadhu/Music/🏫 Campus Lost & Found Portal – Authentication, CRUD, Search/vendor/laravel/framework/src/Illuminate/Console/Concerns/CallsCommands.php(68): Illuminate/Console/Command->run()
#18 C:/Users/Monami Sadhu/Music/🏫 Campus Lost & Found Portal – Authentication, CRUD, Search/vendor/laravel/framework/src/Illuminate/Console/Concerns/CallsCommands.php(41): Illuminate/Console/Command->runCommand()
#19 C:/Users/Monami Sadhu/Music/🏫 Campus Lost & Found Portal – Authentication, CRUD, Search/vendor/laravel/framework/src/Illuminate/Console/Concerns/CallsCommands.php(53): Illuminate/Console/Command->callSilent()
#20 C:/Users/Monami Sadhu/Music/🏫 Campus Lost & Found Portal – Authentication, CRUD, Search/vendor/laravel/framework/src/Illuminate/Foundation/Console/OptimizeClearCommand.php(48): Illuminate/Console/Command->callSilently()
#21 C:/Users/Monami Sadhu/Music/🏫 Campus Lost & Found Portal – Authentication, CRUD, Search/vendor/laravel/framework/src/Illuminate/Console/View/Components/Task.php(41): Illuminate/Foundation/Console/OptimizeClearCommand->{closure:Illuminate/Foundation/Console/OptimizeClearCommand::handle():48}()
#22 C:/Users/Monami Sadhu/Music/🏫 Campus Lost & Found Portal – Authentication, CRUD, Search/vendor/laravel/framework/src/Illuminate/Console/View/Components/Factory.php(59): Illuminate/Console/View/Components/Task->render()
#23 C:/Users/Monami Sadhu/Music/🏫 Campus Lost & Found Portal – Authentication, CRUD, Search/vendor/laravel/framework/src/Illuminate/Foundation/Console/OptimizeClearCommand.php(48): Illuminate/Console/View/Components/Factory->__call()
#24 C:/Users/Monami Sadhu/Music/🏫 Campus Lost & Found Portal – Authentication, CRUD, Search/vendor/laravel/framework/src/Illuminate/Container/BoundMethod.php(36): Illuminate/Foundation/Console/OptimizeClearCommand->handle()
#25 C:/Users/Monami Sadhu/Music/🏫 Campus Lost & Found Portal – Authentication, CRUD, Search/vendor/laravel/framework/src/Illuminate/Container/Util.php(43): Illuminate/Container/BoundMethod::{closure:Illuminate/Container/BoundMethod::call():35}()
#26 C:/Users/Monami Sadhu/Music/🏫 Campus Lost & Found Portal – Authentication, CRUD, Search/vendor/laravel/framework/src/Illuminate/Container/BoundMethod.php(96): Illuminate/Container/Util::unwrapIfClosure()
#27 C:/Users/Monami Sadhu/Music/🏫 Campus Lost & Found Portal – Authentication, CRUD, Search/vendor/laravel/framework/src/Illuminate/Container/BoundMethod.php(35): Illuminate/Container/BoundMethod::callBoundMethod()
#28 C:/Users/Monami Sadhu/Music/🏫 Campus Lost & Found Portal – Authentication, CRUD, Search/vendor/laravel/framework/src/Illuminate/Container/Container.php(799): Illuminate/Container/BoundMethod::call()
#29 C:/Users/Monami Sadhu/Music/🏫 Campus Lost & Found Portal – Authentication, CRUD, Search/vendor/laravel/framework/src/Illuminate/Console/Command.php(211): Illuminate/Container/Container->call()
#30 C:/Users/Monami Sadhu/Music/🏫 Campus Lost & Found Portal – Authentication, CRUD, Search/vendor/symfony/console/Command/Command.php(341): Illuminate/Console/Command->execute()
#31 C:/Users/Monami Sadhu/Music/🏫 Campus Lost & Found Portal – Authentication, CRUD, Search/vendor/laravel/framework/src/Illuminate/Console/Command.php(180): Symfony/Component/Console/Command/Command->run()
#32 C:/Users/Monami Sadhu/Music/🏫 Campus Lost & Found Portal – Authentication, CRUD, Search/vendor/symfony/console/Application.php(1117): Illuminate/Console/Command->run()
#33 C:/Users/Monami Sadhu/Music/🏫 Campus Lost & Found Portal – Authentication, CRUD, Search/vendor/symfony/console/Application.php(356): Symfony/Component/Console/Application->doRunCommand()
#34 C:/Users/Monami Sadhu/Music/🏫 Campus Lost & Found Portal – Authentication, CRUD, Search/vendor/symfony/console/Application.php(195): Symfony/Component/Console/Application->doRun()
#35 C:/Users/Monami Sadhu/Music/🏫 Campus Lost & Found Portal – Authentication, CRUD, Search/vendor/laravel/framework/src/Illuminate/Foundation/Console/Kernel.php(198): Symfony/Component/Console/Application->run()
#36 C:/Users/Monami Sadhu/Music/🏫 Campus Lost & Found Portal – Authentication, CRUD, Search/artisan(10): Illuminate/Foundation/Console/Kernel->handle()
#37 {main}
"} 
[2026-08-15 20:45:41] local.ERROR: SQLSTATE[HY000]: General error: 1 no such table: cache (Connection: sqlite, Database: database/database.sqlite, SQL: select * from "cache" where "key" in (campuslostandfound_cache_da4b9237bacccdf19c0760cab7aec4a8359010b0)) {"userId":2,"exception":"[object] (Illuminate\\Database\\QueryException(code: HY000): SQLSTATE[HY000]: General error: 1 no such table: cache (Connection: sqlite, Database: database/database.sqlite, SQL: select * from \"cache\" where \"key\" in (campuslostandfound_cache_da4b9237bacccdf19c0760cab7aec4a8359010b0)) at C:/Users/Monami Sadhu/Music/🏫 Campus Lost & Found Portal – Authentication, CRUD, Search/vendor/laravel/framework/src/Illuminate/Database/Connection.php:838)
[stacktrace]
#0 C:/Users/Monami Sadhu/Music/🏫 Campus Lost & Found Portal – Authentication, CRUD, Search/vendor/laravel/framework/src/Illuminate/Database/Connection.php(794): Illuminate/Database/Connection->runQueryCallback()
#1 C:/Users/Monami Sadhu/Music/🏫 Campus Lost & Found Portal – Authentication, CRUD, Search/vendor/laravel/framework/src/Illuminate/Database/Connection.php(411): Illuminate/Database/Connection->run()
#2 C:/Users/Monami Sadhu/Music/🏫 Campus Lost & Found Portal – Authentication, CRUD, Search/vendor/laravel/framework/src/Illuminate/Database/Query/Builder.php(3505): Illuminate/Database/Connection->select()
#3 C:/Users/Monami Sadhu/Music/🏫 Campus Lost & Found Portal – Authentication, CRUD, Search/vendor/laravel/framework/src/Illuminate/Database/Query/Builder.php(3490): Illuminate/Database/Query/Builder->runSelect()
#4 C:/Users/Monami Sadhu/Music/🏫 Campus Lost & Found Portal – Authentication, CRUD, Search/vendor/laravel/framework/src/Illuminate/Database/Query/Builder.php(4080): Illuminate/Database/Query/Builder->{closure:Illuminate/Database/Query/Builder::get():3489}()
#5 C:/Users/Monami Sadhu/Music/🏫 Campus Lost & Found Portal – Authentication, CRUD, Search/vendor/laravel/framework/src/Illuminate/Database/Query/Builder.php(3489): Illuminate/Database/Query/Builder->onceWithColumns()
#6 C:/Users/Monami Sadhu/Music/🏫 Campus Lost & Found Portal – Authentication, CRUD, Search/vendor/laravel/framework/src/Illuminate/Cache/DatabaseStore.php(140): Illuminate/Database/Query/Builder->get()
#7 C:/Users/Monami Sadhu/Music/🏫 Campus Lost & Found Portal – Authentication, CRUD, Search/vendor/laravel/framework/src/Illuminate/Cache/DatabaseStore.php(115): Illuminate/Cache/DatabaseStore->many()
#8 C:/Users/Monami Sadhu/Music/🏫 Campus Lost & Found Portal – Authentication, CRUD, Search/vendor/laravel/framework/src/Illuminate/Cache/Repository.php(125): Illuminate/Cache/DatabaseStore->get()
#9 C:/Users/Monami Sadhu/Music/🏫 Campus Lost & Found Portal – Authentication, CRUD, Search/vendor/laravel/framework/src/Illuminate/Cache/RateLimiter.php(206): Illuminate/Cache/Repository->get()
#10 C:/Users/Monami Sadhu/Music/🏫 Campus Lost & Found Portal – Authentication, CRUD, Search/vendor/laravel/framework/src/Illuminate/Cache/RateLimiter.php(300): Illuminate/Cache/RateLimiter->{closure:Illuminate/Cache/RateLimiter::attempts():206}()
#11 C:/Users/Monami Sadhu/Music/🏫 Campus Lost & Found Portal – Authentication, CRUD, Search/vendor/laravel/framework/src/Illuminate/Cache/RateLimiter.php(206): Illuminate/Cache/RateLimiter->withoutSerializationOrCompression()
#12 C:/Users/Monami Sadhu/Music/🏫 Campus Lost & Found Portal – Authentication, CRUD, Search/vendor/laravel/framework/src/Illuminate/Cache/RateLimiter.php(129): Illuminate/Cache/RateLimiter->attempts()
#13 C:/Users/Monami Sadhu/Music/🏫 Campus Lost & Found Portal – Authentication, CRUD, Search/vendor/laravel/framework/src/Illuminate/Routing/Middleware/ThrottleRequests.php(157): Illuminate/Cache/RateLimiter->tooManyAttempts()
#14 C:/Users/Monami Sadhu/Music/🏫 Campus Lost & Found Portal – Authentication, CRUD, Search/vendor/laravel/framework/src/Illuminate/Routing/Middleware/ThrottleRequests.php(93): Illuminate/Routing/Middleware/ThrottleRequests->handleRequest()
#15 C:/Users/Monami Sadhu/Music/🏫 Campus Lost & Found Portal – Authentication, CRUD, Search/vendor/laravel/framework/src/Illuminate/Pipeline/Pipeline.php(219): Illuminate/Routing/Middleware/ThrottleRequests->handle()
#16 C:/Users/Monami Sadhu/Music/🏫 Campus Lost & Found Portal – Authentication, CRUD, Search/vendor/laravel/framework/src/Illuminate/Auth/Middleware/Authenticate.php(63): Illuminate/Pipeline/Pipeline->{closure:{closure:Illuminate/Pipeline/Pipeline::carry():194}:195}()
#17 C:/Users/Monami Sadhu/Music/🏫 Campus Lost & Found Portal – Authentication, CRUD, Search/vendor/laravel/framework/src/Illuminate/Pipeline/Pipeline.php(219): Illuminate/Auth/Middleware/Authenticate->handle()
#18 C:/Users/Monami Sadhu/Music/🏫 Campus Lost & Found Portal – Authentication, CRUD, Search/vendor/laravel/framework/src/Illuminate/Foundation/Http/Middleware/VerifyCsrfToken.php(87): Illuminate/Pipeline/Pipeline->{closure:{closure:Illuminate/Pipeline/Pipeline::carry():194}:195}()
#19 C:/Users/Monami Sadhu/Music/🏫 Campus Lost & Found Portal – Authentication, CRUD, Search/vendor/laravel/framework/src/Illuminate/Pipeline/Pipeline.php(219): Illuminate/Foundation/Http/Middleware/VerifyCsrfToken->handle()
#20 C:/Users/Monami Sadhu/Music/🏫 Campus Lost & Found Portal – Authentication, CRUD, Search/vendor/laravel/framework/src/Illuminate/View/Middleware/ShareErrorsFromSession.php(48): Illuminate/Pipeline/Pipeline->{closure:{closure:Illuminate/Pipeline/Pipeline::carry():194}:195}()
#21 C:/Users/Monami Sadhu/Music/🏫 Campus Lost & Found Portal – Authentication, CRUD, Search/vendor/laravel/framework/src/Illuminate/Pipeline/Pipeline.php(219): Illuminate/View/Middleware/ShareErrorsFromSession->handle()
#22 C:/Users/Monami Sadhu/Music/🏫 Campus Lost & Found Portal – Authentication, CRUD, Search/vendor/laravel/framework/src/Illuminate/Session/Middleware/StartSession.php(120): Illuminate/Pipeline/Pipeline->{closure:{closure:Illuminate/Pipeline/Pipeline::carry():194}:195}()
#23 C:/Users/Monami Sadhu/Music/🏫 Campus Lost & Found Portal – Authentication, CRUD, Search/vendor/laravel/framework/src/Illuminate/Session/Middleware/StartSession.php(63): Illuminate/Session/Middleware/StartSession->handleStatefulRequest()
#24 C:/Users/Monami Sadhu/Music/🏫 Campus Lost & Found Portal – Authentication, CRUD, Search/vendor/laravel/framework/src/Illuminate/Pipeline/Pipeline.php(219): Illuminate/Session/Middleware/StartSession->handle()
#25 C:/Users/Monami Sadhu/Music/🏫 Campus Lost & Found Portal – Authentication, CRUD, Search/vendor/laravel/framework/src/Illuminate/Cookie/Middleware/AddQueuedCookiesToResponse.php(36): Illuminate/Pipeline/Pipeline->{closure:{closure:Illuminate/Pipeline/Pipeline::carry():194}:195}()
#26 C:/Users/Monami Sadhu/Music/🏫 Campus Lost & Found Portal – Authentication, CRUD, Search/vendor/laravel/framework/src/Illuminate/Pipeline/Pipeline.php(219): Illuminate/Cookie/Middleware/AddQueuedCookiesToResponse->handle()
#27 C:/Users/Monami Sadhu/Music/🏫 Campus Lost & Found Portal – Authentication, CRUD, Search/vendor/laravel/framework/src/Illuminate/Cookie/Middleware/EncryptCookies.php(74): Illuminate/Pipeline/Pipeline->{closure:{closure:Illuminate/Pipeline/Pipeline::carry():194}:195}()
#28 C:/Users/Monami Sadhu/Music/🏫 Campus Lost & Found Portal – Authentication, CRUD, Search/vendor/laravel/framework/src/Illuminate/Pipeline/Pipeline.php(219): Illuminate/Cookie/Middleware/EncryptCookies->handle()
#29 C:/Users/Monami Sadhu/Music/🏫 Campus Lost & Found Portal – Authentication, CRUD, Search/vendor/laravel/framework/src/Illuminate/Pipeline/Pipeline.php(137): Illuminate/Pipeline/Pipeline->{closure:{closure:Illuminate/Pipeline/Pipeline::carry():194}:195}()
#30 C:/Users/Monami Sadhu/Music/🏫 Campus Lost & Found Portal – Authentication, CRUD, Search/vendor/laravel/framework/src/Illuminate/Routing/Router.php(821): Illuminate/Pipeline/Pipeline->then()
#31 C:/Users/Monami Sadhu/Music/🏫 Campus Lost & Found Portal – Authentication, CRUD, Search/vendor/laravel/framework/src/Illuminate/Routing/Router.php(800): Illuminate/Routing/Router->runRouteWithinStack()
#32 C:/Users/Monami Sadhu/Music/🏫 Campus Lost & Found Portal – Authentication, CRUD, Search/vendor/laravel/framework/src/Illuminate/Routing/Router.php(764): Illuminate/Routing/Router->runRoute()
#33 C:/Users/Monami Sadhu/Music/🏫 Campus Lost & Found Portal – Authentication, CRUD, Search/vendor/laravel/framework/src/Illuminate/Routing/Router.php(753): Illuminate/Routing/Router->dispatchToRoute()
#34 C:/Users/Monami Sadhu/Music/🏫 Campus Lost & Found Portal – Authentication, CRUD, Search/vendor/laravel/framework/src/Illuminate/Foundation/Http/Kernel.php(200): Illuminate/Routing/Router->dispatch()
#35 C:/Users/Monami Sadhu/Music/🏫 Campus Lost & Found Portal – Authentication, CRUD, Search/vendor/laravel/framework/src/Illuminate/Pipeline/Pipeline.php(180): Illuminate/Foundation/Http/Kernel->{closure:Illuminate/Foundation/Http/Kernel::dispatchToRouter():197}()
#36 C:/Users/Monami Sadhu/Music/🏫 Campus Lost & Found Portal – Authentication, CRUD, Search/vendor/laravel/framework/src/Illuminate/Foundation/Http/Middleware/TransformsRequest.php(21): Illuminate/Pipeline/Pipeline->{closure:Illuminate/Pipeline/Pipeline::prepareDestination():178}()
#37 C:/Users/Monami Sadhu/Music/🏫 Campus Lost & Found Portal – Authentication, CRUD, Search/vendor/laravel/framework/src/Illuminate/Foundation/Http/Middleware/ConvertEmptyStringsToNull.php(31): Illuminate/Foundation/Http/Middleware/TransformsRequest->handle()
#38 C:/Users/Monami Sadhu/Music/🏫 Campus Lost & Found Portal – Authentication, CRUD, Search/vendor/laravel/framework/src/Illuminate/Pipeline/Pipeline.php(219): Illuminate/Foundation/Http/Middleware/ConvertEmptyStringsToNull->handle()
#39 C:/Users/Monami Sadhu/Music/🏫 Campus Lost & Found Portal – Authentication, CRUD, Search/vendor/laravel/framework/src/Illuminate/Foundation/Http/Middleware/TransformsRequest.php(21): Illuminate/Pipeline/Pipeline->{closure:{closure:Illuminate/Pipeline/Pipeline::carry():194}:195}()
#40 C:/Users/Monami Sadhu/Music/🏫 Campus Lost & Found Portal – Authentication, CRUD, Search/vendor/laravel/framework/src/Illuminate/Foundation/Http/Middleware/TrimStrings.php(51): Illuminate/Foundation/Http/Middleware/TransformsRequest->handle()
#41 C:/Users/Monami Sadhu/Music/🏫 Campus Lost & Found Portal – Authentication, CRUD, Search/vendor/laravel/framework/src/Illuminate/Pipeline/Pipeline.php(219): Illuminate/Foundation/Http/Middleware/TrimStrings->handle()
#42 C:/Users/Monami Sadhu/Music/🏫 Campus Lost & Found Portal – Authentication, CRUD, Search/vendor/laravel/framework/src/Illuminate/Http/Middleware/ValidatePostSize.php(27): Illuminate/Pipeline/Pipeline->{closure:{closure:Illuminate/Pipeline/Pipeline::carry():194}:195}()
#43 C:/Users/Monami Sadhu/Music/🏫 Campus Lost & Found Portal – Authentication, CRUD, Search/vendor/laravel/framework/src/Illuminate/Pipeline/Pipeline.php(219): Illuminate/Http/Middleware/ValidatePostSize->handle()
#44 C:/Users/Monami Sadhu/Music/🏫 Campus Lost & Found Portal – Authentication, CRUD, Search/vendor/laravel/framework/src/Illuminate/Foundation/Http/Middleware/PreventRequestsDuringMaintenance.php(109): Illuminate/Pipeline/Pipeline->{closure:{closure:Illuminate/Pipeline/Pipeline::carry():194}:195}()
#45 C:/Users/Monami Sadhu/Music/🏫 Campus Lost & Found Portal – Authentication, CRUD, Search/vendor/laravel/framework/src/Illuminate/Pipeline/Pipeline.php(219): Illuminate/Foundation/Http/Middleware/PreventRequestsDuringMaintenance->handle()
#46 C:/Users/Monami Sadhu/Music/🏫 Campus Lost & Found Portal – Authentication, CRUD, Search/vendor/laravel/framework/src/Illuminate/Http/Middleware/HandleCors.php(61): Illuminate/Pipeline/Pipeline->{closure:{closure:Illuminate/Pipeline/Pipeline::carry():194}:195}()
#47 C:/Users/Monami Sadhu/Music/🏫 Campus Lost & Found Portal – Authentication, CRUD, Search/vendor/laravel/framework/src/Illuminate/Pipeline/Pipeline.php(219): Illuminate/Http/Middleware/HandleCors->handle()
#48 C:/Users/Monami Sadhu/Music/🏫 Campus Lost & Found Portal – Authentication, CRUD, Search/vendor/laravel/framework/src/Illuminate/Http/Middleware/TrustProxies.php(58): Illuminate/Pipeline/Pipeline->{closure:{closure:Illuminate/Pipeline/Pipeline::carry():194}:195}()
#49 C:/Users/Monami Sadhu/Music/🏫 Campus Lost & Found Portal – Authentication, CRUD, Search/vendor/laravel/framework/src/Illuminate/Pipeline/Pipeline.php(219): Illuminate/Http/Middleware/TrustProxies->handle()
#50 C:/Users/Monami Sadhu/Music/🏫 Campus Lost & Found Portal – Authentication, CRUD, Search/vendor/laravel/framework/src/Illuminate/Foundation/Http/Middleware/InvokeDeferredCallbacks.php(22): Illuminate/Pipeline/Pipeline->{closure:{closure:Illuminate/Pipeline/Pipeline::carry():194}:195}()
#51 C:/Users/Monami Sadhu/Music/🏫 Campus Lost & Found Portal – Authentication, CRUD, Search/vendor/laravel/framework/src/Illuminate/Pipeline/Pipeline.php(219): Illuminate/Foundation/Http/Middleware/InvokeDeferredCallbacks->handle()
#52 C:/Users/Monami Sadhu/Music/🏫 Campus Lost & Found Portal – Authentication, CRUD, Search/vendor/laravel/framework/src/Illuminate/Http/Middleware/ValidatePathEncoding.php(26): Illuminate/Pipeline/Pipeline->{closure:{closure:Illuminate/Pipeline/Pipeline::carry():194}:195}()
#53 C:/Users/Monami Sadhu/Music/🏫 Campus Lost & Found Portal – Authentication, CRUD, Search/vendor/laravel/framework/src/Illuminate/Pipeline/Pipeline.php(219): Illuminate/Http/Middleware/ValidatePathEncoding->handle()
#54 C:/Users/Monami Sadhu/Music/🏫 Campus Lost & Found Portal – Authentication, CRUD, Search/vendor/laravel/framework/src/Illuminate/Pipeline/Pipeline.php(137): Illuminate/Pipeline/Pipeline->{closure:{closure:Illuminate/Pipeline/Pipeline::carry():194}:195}()
#55 C:/Users/Monami Sadhu/Music/🏫 Campus Lost & Found Portal – Authentication, CRUD, Search/vendor/laravel/framework/src/Illuminate/Foundation/Http/Kernel.php(175): Illuminate/Pipeline/Pipeline->then()
#56 C:/Users/Monami Sadhu/Music/🏫 Campus Lost & Found Portal – Authentication, CRUD, Search/vendor/laravel/framework/src/Illuminate/Foundation/Http/Kernel.php(144): Illuminate/Foundation/Http/Kernel->sendRequestThroughRouter()
#57 C:/Users/Monami Sadhu/Music/🏫 Campus Lost & Found Portal – Authentication, CRUD, Search/public/index.php(9): Illuminate/Foundation/Http/Kernel->handle()
#58 C:/Users/Monami Sadhu/Music/🏫 Campus Lost & Found Portal – Authentication, CRUD, Search/vendor/laravel/framework/src/Illuminate/Foundation/resources/server.php(23): require_once('...')
#59 {main}

[previous exception] [object] (PDOException(code: HY000): SQLSTATE[HY000]: General error: 1 no such table: cache at C:/Users/Monami Sadhu/Music/🏫 Campus Lost & Found Portal – Authentication, CRUD, Search/vendor/laravel/framework/src/Illuminate/Database/Connection.php:420)
[stacktrace]
#0 C:/Users/Monami Sadhu/Music/🏫 Campus Lost & Found Portal – Authentication, CRUD, Search/vendor/laravel/framework/src/Illuminate/Database/Connection.php(420): PDO->prepare()
#1 C:/Users/Monami Sadhu/Music/🏫 Campus Lost & Found Portal – Authentication, CRUD, Search/vendor/laravel/framework/src/Illuminate/Database/Connection.php(827): Illuminate/Database/Connection->{closure:Illuminate/Database/Connection::select():411}()
#2 C:/Users/Monami Sadhu/Music/🏫 Campus Lost & Found Portal – Authentication, CRUD, Search/vendor/laravel/framework/src/Illuminate/Database/Connection.php(794): Illuminate/Database/Connection->runQueryCallback()
#3 C:/Users/Monami Sadhu/Music/🏫 Campus Lost & Found Portal – Authentication, CRUD, Search/vendor/laravel/framework/src/Illuminate/Database/Connection.php(411): Illuminate/Database/Connection->run()
#4 C:/Users/Monami Sadhu/Music/🏫 Campus Lost & Found Portal – Authentication, CRUD, Search/vendor/laravel/framework/src/Illuminate/Database/Query/Builder.php(3505): Illuminate/Database/Connection->select()
#5 C:/Users/Monami Sadhu/Music/🏫 Campus Lost & Found Portal – Authentication, CRUD, Search/vendor/laravel/framework/src/Illuminate/Database/Query/Builder.php(3490): Illuminate/Database/Query/Builder->runSelect()
#6 C:/Users/Monami Sadhu/Music/🏫 Campus Lost & Found Portal – Authentication, CRUD, Search/vendor/laravel/framework/src/Illuminate/Database/Query/Builder.php(4080): Illuminate/Database/Query/Builder->{closure:Illuminate/Database/Query/Builder::get():3489}()
#7 C:/Users/Monami Sadhu/Music/🏫 Campus Lost & Found Portal – Authentication, CRUD, Search/vendor/laravel/framework/src/Illuminate/Database/Query/Builder.php(3489): Illuminate/Database/Query/Builder->onceWithColumns()
#8 C:/Users/Monami Sadhu/Music/🏫 Campus Lost & Found Portal – Authentication, CRUD, Search/vendor/laravel/framework/src/Illuminate/Cache/DatabaseStore.php(140): Illuminate/Database/Query/Builder->get()
#9 C:/Users/Monami Sadhu/Music/🏫 Campus Lost & Found Portal – Authentication, CRUD, Search/vendor/laravel/framework/src/Illuminate/Cache/DatabaseStore.php(115): Illuminate/Cache/DatabaseStore->many()
#10 C:/Users/Monami Sadhu/Music/🏫 Campus Lost & Found Portal – Authentication, CRUD, Search/vendor/laravel/framework/src/Illuminate/Cache/Repository.php(125): Illuminate/Cache/DatabaseStore->get()
#11 C:/Users/Monami Sadhu/Music/🏫 Campus Lost & Found Portal – Authentication, CRUD, Search/vendor/laravel/framework/src/Illuminate/Cache/RateLimiter.php(206): Illuminate/Cache/Repository->get()
#12 C:/Users/Monami Sadhu/Music/🏫 Campus Lost & Found Portal – Authentication, CRUD, Search/vendor/laravel/framework/src/Illuminate/Cache/RateLimiter.php(300): Illuminate/Cache/RateLimiter->{closure:Illuminate/Cache/RateLimiter::attempts():206}()
#13 C:/Users/Monami Sadhu/Music/🏫 Campus Lost & Found Portal – Authentication, CRUD, Search/vendor/laravel/framework/src/Illuminate/Cache/RateLimiter.php(206): Illuminate/Cache/RateLimiter->withoutSerializationOrCompression()
#14 C:/Users/Monami Sadhu/Music/🏫 Campus Lost & Found Portal – Authentication, CRUD, Search/vendor/laravel/framework/src/Illuminate/Cache/RateLimiter.php(129): Illuminate/Cache/RateLimiter->attempts()
#15 C:/Users/Monami Sadhu/Music/🏫 Campus Lost & Found Portal – Authentication, CRUD, Search/vendor/laravel/framework/src/Illuminate/Routing/Middleware/ThrottleRequests.php(157): Illuminate/Cache/RateLimiter->tooManyAttempts()
#16 C:/Users/Monami Sadhu/Music/🏫 Campus Lost & Found Portal – Authentication, CRUD, Search/vendor/laravel/framework/src/Illuminate/Routing/Middleware/ThrottleRequests.php(93): Illuminate/Routing/Middleware/ThrottleRequests->handleRequest()
#17 C:/Users/Monami Sadhu/Music/🏫 Campus Lost & Found Portal – Authentication, CRUD, Search/vendor/laravel/framework/src/Illuminate/Pipeline/Pipeline.php(219): Illuminate/Routing/Middleware/ThrottleRequests->handle()
#18 C:/Users/Monami Sadhu/Music/🏫 Campus Lost & Found Portal – Authentication, CRUD, Search/vendor/laravel/framework/src/Illuminate/Auth/Middleware/Authenticate.php(63): Illuminate/Pipeline/Pipeline->{closure:{closure:Illuminate/Pipeline/Pipeline::carry():194}:195}()
#19 C:/Users/Monami Sadhu/Music/🏫 Campus Lost & Found Portal – Authentication, CRUD, Search/vendor/laravel/framework/src/Illuminate/Pipeline/Pipeline.php(219): Illuminate/Auth/Middleware/Authenticate->handle()
#20 C:/Users/Monami Sadhu/Music/🏫 Campus Lost & Found Portal – Authentication, CRUD, Search/vendor/laravel/framework/src/Illuminate/Foundation/Http/Middleware/VerifyCsrfToken.php(87): Illuminate/Pipeline/Pipeline->{closure:{closure:Illuminate/Pipeline/Pipeline::carry():194}:195}()
#21 C:/Users/Monami Sadhu/Music/🏫 Campus Lost & Found Portal – Authentication, CRUD, Search/vendor/laravel/framework/src/Illuminate/Pipeline/Pipeline.php(219): Illuminate/Foundation/Http/Middleware/VerifyCsrfToken->handle()
#22 C:/Users/Monami Sadhu/Music/🏫 Campus Lost & Found Portal – Authentication, CRUD, Search/vendor/laravel/framework/src/Illuminate/View/Middleware/ShareErrorsFromSession.php(48): Illuminate/Pipeline/Pipeline->{closure:{closure:Illuminate/Pipeline/Pipeline::carry():194}:195}()
#23 C:/Users/Monami Sadhu/Music/🏫 Campus Lost & Found Portal – Authentication, CRUD, Search/vendor/laravel/framework/src/Illuminate/Pipeline/Pipeline.php(219): Illuminate/View/Middleware/ShareErrorsFromSession->handle()
#24 C:/Users/Monami Sadhu/Music/🏫 Campus Lost & Found Portal – Authentication, CRUD, Search/vendor/laravel/framework/src/Illuminate/Session/Middleware/StartSession.php(120): Illuminate/Pipeline/Pipeline->{closure:{closure:Illuminate/Pipeline/Pipeline::carry():194}:195}()
#25 C:/Users/Monami Sadhu/Music/🏫 Campus Lost & Found Portal – Authentication, CRUD, Search/vendor/laravel/framework/src/Illuminate/Session/Middleware/StartSession.php(63): Illuminate/Session/Middleware/StartSession->handleStatefulRequest()
#26 C:/Users/Monami Sadhu/Music/🏫 Campus Lost & Found Portal – Authentication, CRUD, Search/vendor/laravel/framework/src/Illuminate/Pipeline/Pipeline.php(219): Illuminate/Session/Middleware/StartSession->handle()
#27 C:/Users/Monami Sadhu/Music/🏫 Campus Lost & Found Portal – Authentication, CRUD, Search/vendor/laravel/framework/src/Illuminate/Cookie/Middleware/AddQueuedCookiesToResponse.php(36): Illuminate/Pipeline/Pipeline->{closure:{closure:Illuminate/Pipeline/Pipeline::carry():194}:195}()
#28 C:/Users/Monami Sadhu/Music/🏫 Campus Lost & Found Portal – Authentication, CRUD, Search/vendor/laravel/framework/src/Illuminate/Pipeline/Pipeline.php(219): Illuminate/Cookie/Middleware/AddQueuedCookiesToResponse->handle()
#29 C:/Users/Monami Sadhu/Music/🏫 Campus Lost & Found Portal – Authentication, CRUD, Search/vendor/laravel/framework/src/Illuminate/Cookie/Middleware/EncryptCookies.php(74): Illuminate/Pipeline/Pipeline->{closure:{closure:Illuminate/Pipeline/Pipeline::carry():194}:195}()
#30 C:/Users/Monami Sadhu/Music/🏫 Campus Lost & Found Portal – Authentication, CRUD, Search/vendor/laravel/framework/src/Illuminate/Pipeline/Pipeline.php(219): Illuminate/Cookie/Middleware/EncryptCookies->handle()
#31 C:/Users/Monami Sadhu/Music/🏫 Campus Lost & Found Portal – Authentication, CRUD, Search/vendor/laravel/framework/src/Illuminate/Pipeline/Pipeline.php(137): Illuminate/Pipeline/Pipeline->{closure:{closure:Illuminate/Pipeline/Pipeline::carry():194}:195}()
#32 C:/Users/Monami Sadhu/Music/🏫 Campus Lost & Found Portal – Authentication, CRUD, Search/vendor/laravel/framework/src/Illuminate/Routing/Router.php(821): Illuminate/Pipeline/Pipeline->then()
#33 C:/Users/Monami Sadhu/Music/🏫 Campus Lost & Found Portal – Authentication, CRUD, Search/vendor/laravel/framework/src/Illuminate/Routing/Router.php(800): Illuminate/Routing/Router->runRouteWithinStack()
#34 C:/Users/Monami Sadhu/Music/🏫 Campus Lost & Found Portal – Authentication, CRUD, Search/vendor/laravel/framework/src/Illuminate/Routing/Router.php(764): Illuminate/Routing/Router->runRoute()
#35 C:/Users/Monami Sadhu/Music/🏫 Campus Lost & Found Portal – Authentication, CRUD, Search/vendor/laravel/framework/src/Illuminate/Routing/Router.php(753): Illuminate/Routing/Router->dispatchToRoute()
#36 C:/Users/Monami Sadhu/Music/🏫 Campus Lost & Found Portal – Authentication, CRUD, Search/vendor/laravel/framework/src/Illuminate/Foundation/Http/Kernel.php(200): Illuminate/Routing/Router->dispatch()
#37 C:/Users/Monami Sadhu/Music/🏫 Campus Lost & Found Portal – Authentication, CRUD, Search/vendor/laravel/framework/src/Illuminate/Pipeline/Pipeline.php(180): Illuminate/Foundation/Http/Kernel->{closure:Illuminate/Foundation/Http/Kernel::dispatchToRouter():197}()
#38 C:/Users/Monami Sadhu/Music/🏫 Campus Lost & Found Portal – Authentication, CRUD, Search/vendor/laravel/framework/src/Illuminate/Foundation/Http/Middleware/TransformsRequest.php(21): Illuminate/Pipeline/Pipeline->{closure:Illuminate/Pipeline/Pipeline::prepareDestination():178}()
#39 C:/Users/Monami Sadhu/Music/🏫 Campus Lost & Found Portal – Authentication, CRUD, Search/vendor/laravel/framework/src/Illuminate/Foundation/Http/Middleware/ConvertEmptyStringsToNull.php(31): Illuminate/Foundation/Http/Middleware/TransformsRequest->handle()
#40 C:/Users/Monami Sadhu/Music/🏫 Campus Lost & Found Portal – Authentication, CRUD, Search/vendor/laravel/framework/src/Illuminate/Pipeline/Pipeline.php(219): Illuminate/Foundation/Http/Middleware/ConvertEmptyStringsToNull->handle()
#41 C:/Users/Monami Sadhu/Music/🏫 Campus Lost & Found Portal – Authentication, CRUD, Search/vendor/laravel/framework/src/Illuminate/Foundation/Http/Middleware/TransformsRequest.php(21): Illuminate/Pipeline/Pipeline->{closure:{closure:Illuminate/Pipeline/Pipeline::carry():194}:195}()
#42 C:/Users/Monami Sadhu/Music/🏫 Campus Lost & Found Portal – Authentication, CRUD, Search/vendor/laravel/framework/src/Illuminate/Foundation/Http/Middleware/TrimStrings.php(51): Illuminate/Foundation/Http/Middleware/TransformsRequest->handle()
#43 C:/Users/Monami Sadhu/Music/🏫 Campus Lost & Found Portal – Authentication, CRUD, Search/vendor/laravel/framework/src/Illuminate/Pipeline/Pipeline.php(219): Illuminate/Foundation/Http/Middleware/TrimStrings->handle()
#44 C:/Users/Monami Sadhu/Music/🏫 Campus Lost & Found Portal – Authentication, CRUD, Search/vendor/laravel/framework/src/Illuminate/Http/Middleware/ValidatePostSize.php(27): Illuminate/Pipeline/Pipeline->{closure:{closure:Illuminate/Pipeline/Pipeline::carry():194}:195}()
#45 C:/Users/Monami Sadhu/Music/🏫 Campus Lost & Found Portal – Authentication, CRUD, Search/vendor/laravel/framework/src/Illuminate/Pipeline/Pipeline.php(219): Illuminate/Http/Middleware/ValidatePostSize->handle()
#46 C:/Users/Monami Sadhu/Music/🏫 Campus Lost & Found Portal – Authentication, CRUD, Search/vendor/laravel/framework/src/Illuminate/Foundation/Http/Middleware/PreventRequestsDuringMaintenance.php(109): Illuminate/Pipeline/Pipeline->{closure:{closure:Illuminate/Pipeline/Pipeline::carry():194}:195}()
#47 C:/Users/Monami Sadhu/Music/🏫 Campus Lost & Found Portal – Authentication, CRUD, Search/vendor/laravel/framework/src/Illuminate/Pipeline/Pipeline.php(219): Illuminate/Foundation/Http/Middleware/PreventRequestsDuringMaintenance->handle()
#48 C:/Users/Monami Sadhu/Music/🏫 Campus Lost & Found Portal – Authentication, CRUD, Search/vendor/laravel/framework/src/Illuminate/Http/Middleware/HandleCors.php(61): Illuminate/Pipeline/Pipeline->{closure:{closure:Illuminate/Pipeline/Pipeline::carry():194}:195}()
#49 C:/Users/Monami Sadhu/Music/🏫 Campus Lost & Found Portal – Authentication, CRUD, Search/vendor/laravel/framework/src/Illuminate/Pipeline/Pipeline.php(219): Illuminate/Http/Middleware/HandleCors->handle()
#50 C:/Users/Monami Sadhu/Music/🏫 Campus Lost & Found Portal – Authentication, CRUD, Search/vendor/laravel/framework/src/Illuminate/Http/Middleware/TrustProxies.php(58): Illuminate/Pipeline/Pipeline->{closure:{closure:Illuminate/Pipeline/Pipeline::carry():194}:195}()
#51 C:/Users/Monami Sadhu/Music/🏫 Campus Lost & Found Portal – Authentication, CRUD, Search/vendor/laravel/framework/src/Illuminate/Pipeline/Pipeline.php(219): Illuminate/Http/Middleware/TrustProxies->handle()
#52 C:/Users/Monami Sadhu/Music/🏫 Campus Lost & Found Portal – Authentication, CRUD, Search/vendor/laravel/framework/src/Illuminate/Foundation/Http/Middleware/InvokeDeferredCallbacks.php(22): Illuminate/Pipeline/Pipeline->{closure:{closure:Illuminate/Pipeline/Pipeline::carry():194}:195}()
#53 C:/Users/Monami Sadhu/Music/🏫 Campus Lost & Found Portal – Authentication, CRUD, Search/vendor/laravel/framework/src/Illuminate/Pipeline/Pipeline.php(219): Illuminate/Foundation/Http/Middleware/InvokeDeferredCallbacks->handle()
#54 C:/Users/Monami Sadhu/Music/🏫 Campus Lost & Found Portal – Authentication, CRUD, Search/vendor/laravel/framework/src/Illuminate/Http/Middleware/ValidatePathEncoding.php(26): Illuminate/Pipeline/Pipeline->{closure:{closure:Illuminate/Pipeline/Pipeline::carry():194}:195}()
#55 C:/Users/Monami Sadhu/Music/🏫 Campus Lost & Found Portal – Authentication, CRUD, Search/vendor/laravel/framework/src/Illuminate/Pipeline/Pipeline.php(219): Illuminate/Http/Middleware/ValidatePathEncoding->handle()
#56 C:/Users/Monami Sadhu/Music/🏫 Campus Lost & Found Portal – Authentication, CRUD, Search/vendor/laravel/framework/src/Illuminate/Pipeline/Pipeline.php(137): Illuminate/Pipeline/Pipeline->{closure:{closure:Illuminate/Pipeline/Pipeline::carry():194}:195}()
#57 C:/Users/Monami Sadhu/Music/🏫 Campus Lost & Found Portal – Authentication, CRUD, Search/vendor/laravel/framework/src/Illuminate/Foundation/Http/Kernel.php(175): Illuminate/Pipeline/Pipeline->then()
#58 C:/Users/Monami Sadhu/Music/🏫 Campus Lost & Found Portal – Authentication, CRUD, Search/vendor/laravel/framework/src/Illuminate/Foundation/Http/Kernel.php(144): Illuminate/Foundation/Http/Kernel->sendRequestThroughRouter()
#59 C:/Users/Monami Sadhu/Music/🏫 Campus Lost & Found Portal – Authentication, CRUD, Search/public/index.php(9): Illuminate/Foundation/Http/Kernel->handle()
#60 C:/Users/Monami Sadhu/Music/🏫 Campus Lost & Found Portal – Authentication, CRUD, Search/vendor/laravel/framework/src/Illuminate/Foundation/resources/server.php(23): require_once('...')
#61 {main}
"} 
[2026-08-15 20:48:21] local.ERROR: SQLSTATE[HY000]: General error: 1 no such table: cache (Connection: sqlite, Database: database/database.sqlite, SQL: select * from "cache" where "key" in (campuslostandfound_cache_da4b9237bacccdf19c0760cab7aec4a8359010b0)) {"userId":2,"exception":"[object] (Illuminate\\Database\\QueryException(code: HY000): SQLSTATE[HY000]: General error: 1 no such table: cache (Connection: sqlite, Database: database/database.sqlite, SQL: select * from \"cache\" where \"key\" in (campuslostandfound_cache_da4b9237bacccdf19c0760cab7aec4a8359010b0)) at C:/Users/Monami Sadhu/Music/🏫 Campus Lost & Found Portal – Authentication, CRUD, Search/vendor/laravel/framework/src/Illuminate/Database/Connection.php:838)
[stacktrace]
#0 C:/Users/Monami Sadhu/Music/🏫 Campus Lost & Found Portal – Authentication, CRUD, Search/vendor/laravel/framework/src/Illuminate/Database/Connection.php(794): Illuminate/Database/Connection->runQueryCallback()
#1 C:/Users/Monami Sadhu/Music/🏫 Campus Lost & Found Portal – Authentication, CRUD, Search/vendor/laravel/framework/src/Illuminate/Database/Connection.php(411): Illuminate/Database/Connection->run()
#2 C:/Users/Monami Sadhu/Music/🏫 Campus Lost & Found Portal – Authentication, CRUD, Search/vendor/laravel/framework/src/Illuminate/Database/Query/Builder.php(3505): Illuminate/Database/Connection->select()
#3 C:/Users/Monami Sadhu/Music/🏫 Campus Lost & Found Portal – Authentication, CRUD, Search/vendor/laravel/framework/src/Illuminate/Database/Query/Builder.php(3490): Illuminate/Database/Query/Builder->runSelect()
#4 C:/Users/Monami Sadhu/Music/🏫 Campus Lost & Found Portal – Authentication, CRUD, Search/vendor/laravel/framework/src/Illuminate/Database/Query/Builder.php(4080): Illuminate/Database/Query/Builder->{closure:Illuminate/Database/Query/Builder::get():3489}()
#5 C:/Users/Monami Sadhu/Music/🏫 Campus Lost & Found Portal – Authentication, CRUD, Search/vendor/laravel/framework/src/Illuminate/Database/Query/Builder.php(3489): Illuminate/Database/Query/Builder->onceWithColumns()
#6 C:/Users/Monami Sadhu/Music/🏫 Campus Lost & Found Portal – Authentication, CRUD, Search/vendor/laravel/framework/src/Illuminate/Cache/DatabaseStore.php(140): Illuminate/Database/Query/Builder->get()
#7 C:/Users/Monami Sadhu/Music/🏫 Campus Lost & Found Portal – Authentication, CRUD, Search/vendor/laravel/framework/src/Illuminate/Cache/DatabaseStore.php(115): Illuminate/Cache/DatabaseStore->many()
#8 C:/Users/Monami Sadhu/Music/🏫 Campus Lost & Found Portal – Authentication, CRUD, Search/vendor/laravel/framework/src/Illuminate/Cache/Repository.php(125): Illuminate/Cache/DatabaseStore->get()
#9 C:/Users/Monami Sadhu/Music/🏫 Campus Lost & Found Portal – Authentication, CRUD, Search/vendor/laravel/framework/src/Illuminate/Cache/RateLimiter.php(206): Illuminate/Cache/Repository->get()
#10 C:/Users/Monami Sadhu/Music/🏫 Campus Lost & Found Portal – Authentication, CRUD, Search/vendor/laravel/framework/src/Illuminate/Cache/RateLimiter.php(300): Illuminate/Cache/RateLimiter->{closure:Illuminate/Cache/RateLimiter::attempts():206}()
#11 C:/Users/Monami Sadhu/Music/🏫 Campus Lost & Found Portal – Authentication, CRUD, Search/vendor/laravel/framework/src/Illuminate/Cache/RateLimiter.php(206): Illuminate/Cache/RateLimiter->withoutSerializationOrCompression()
#12 C:/Users/Monami Sadhu/Music/🏫 Campus Lost & Found Portal – Authentication, CRUD, Search/vendor/laravel/framework/src/Illuminate/Cache/RateLimiter.php(129): Illuminate/Cache/RateLimiter->attempts()
#13 C:/Users/Monami Sadhu/Music/🏫 Campus Lost & Found Portal – Authentication, CRUD, Search/vendor/laravel/framework/src/Illuminate/Routing/Middleware/ThrottleRequests.php(157): Illuminate/Cache/RateLimiter->tooManyAttempts()
#14 C:/Users/Monami Sadhu/Music/🏫 Campus Lost & Found Portal – Authentication, CRUD, Search/vendor/laravel/framework/src/Illuminate/Routing/Middleware/ThrottleRequests.php(93): Illuminate/Routing/Middleware/ThrottleRequests->handleRequest()
#15 C:/Users/Monami Sadhu/Music/🏫 Campus Lost & Found Portal – Authentication, CRUD, Search/vendor/laravel/framework/src/Illuminate/Pipeline/Pipeline.php(219): Illuminate/Routing/Middleware/ThrottleRequests->handle()
#16 C:/Users/Monami Sadhu/Music/🏫 Campus Lost & Found Portal – Authentication, CRUD, Search/vendor/laravel/framework/src/Illuminate/Auth/Middleware/Authenticate.php(63): Illuminate/Pipeline/Pipeline->{closure:{closure:Illuminate/Pipeline/Pipeline::carry():194}:195}()
#17 C:/Users/Monami Sadhu/Music/🏫 Campus Lost & Found Portal – Authentication, CRUD, Search/vendor/laravel/framework/src/Illuminate/Pipeline/Pipeline.php(219): Illuminate/Auth/Middleware/Authenticate->handle()
#18 C:/Users/Monami Sadhu/Music/🏫 Campus Lost & Found Portal – Authentication, CRUD, Search/vendor/laravel/framework/src/Illuminate/Foundation/Http/Middleware/VerifyCsrfToken.php(87): Illuminate/Pipeline/Pipeline->{closure:{closure:Illuminate/Pipeline/Pipeline::carry():194}:195}()
#19 C:/Users/Monami Sadhu/Music/🏫 Campus Lost & Found Portal – Authentication, CRUD, Search/vendor/laravel/framework/src/Illuminate/Pipeline/Pipeline.php(219): Illuminate/Foundation/Http/Middleware/VerifyCsrfToken->handle()
#20 C:/Users/Monami Sadhu/Music/🏫 Campus Lost & Found Portal – Authentication, CRUD, Search/vendor/laravel/framework/src/Illuminate/View/Middleware/ShareErrorsFromSession.php(48): Illuminate/Pipeline/Pipeline->{closure:{closure:Illuminate/Pipeline/Pipeline::carry():194}:195}()
#21 C:/Users/Monami Sadhu/Music/🏫 Campus Lost & Found Portal – Authentication, CRUD, Search/vendor/laravel/framework/src/Illuminate/Pipeline/Pipeline.php(219): Illuminate/View/Middleware/ShareErrorsFromSession->handle()
#22 C:/Users/Monami Sadhu/Music/🏫 Campus Lost & Found Portal – Authentication, CRUD, Search/vendor/laravel/framework/src/Illuminate/Session/Middleware/StartSession.php(120): Illuminate/Pipeline/Pipeline->{closure:{closure:Illuminate/Pipeline/Pipeline::carry():194}:195}()
#23 C:/Users/Monami Sadhu/Music/🏫 Campus Lost & Found Portal – Authentication, CRUD, Search/vendor/laravel/framework/src/Illuminate/Session/Middleware/StartSession.php(63): Illuminate/Session/Middleware/StartSession->handleStatefulRequest()
#24 C:/Users/Monami Sadhu/Music/🏫 Campus Lost & Found Portal – Authentication, CRUD, Search/vendor/laravel/framework/src/Illuminate/Pipeline/Pipeline.php(219): Illuminate/Session/Middleware/StartSession->handle()
#25 C:/Users/Monami Sadhu/Music/🏫 Campus Lost & Found Portal – Authentication, CRUD, Search/vendor/laravel/framework/src/Illuminate/Cookie/Middleware/AddQueuedCookiesToResponse.php(36): Illuminate/Pipeline/Pipeline->{closure:{closure:Illuminate/Pipeline/Pipeline::carry():194}:195}()
#26 C:/Users/Monami Sadhu/Music/🏫 Campus Lost & Found Portal – Authentication, CRUD, Search/vendor/laravel/framework/src/Illuminate/Pipeline/Pipeline.php(219): Illuminate/Cookie/Middleware/AddQueuedCookiesToResponse->handle()
#27 C:/Users/Monami Sadhu/Music/🏫 Campus Lost & Found Portal – Authentication, CRUD, Search/vendor/laravel/framework/src/Illuminate/Cookie/Middleware/EncryptCookies.php(74): Illuminate/Pipeline/Pipeline->{closure:{closure:Illuminate/Pipeline/Pipeline::carry():194}:195}()
#28 C:/Users/Monami Sadhu/Music/🏫 Campus Lost & Found Portal – Authentication, CRUD, Search/vendor/laravel/framework/src/Illuminate/Pipeline/Pipeline.php(219): Illuminate/Cookie/Middleware/EncryptCookies->handle()
#29 C:/Users/Monami Sadhu/Music/🏫 Campus Lost & Found Portal – Authentication, CRUD, Search/vendor/laravel/framework/src/Illuminate/Pipeline/Pipeline.php(137): Illuminate/Pipeline/Pipeline->{closure:{closure:Illuminate/Pipeline/Pipeline::carry():194}:195}()
#30 C:/Users/Monami Sadhu/Music/🏫 Campus Lost & Found Portal – Authentication, CRUD, Search/vendor/laravel/framework/src/Illuminate/Routing/Router.php(821): Illuminate/Pipeline/Pipeline->then()
#31 C:/Users/Monami Sadhu/Music/🏫 Campus Lost & Found Portal – Authentication, CRUD, Search/vendor/laravel/framework/src/Illuminate/Routing/Router.php(800): Illuminate/Routing/Router->runRouteWithinStack()
#32 C:/Users/Monami Sadhu/Music/🏫 Campus Lost & Found Portal – Authentication, CRUD, Search/vendor/laravel/framework/src/Illuminate/Routing/Router.php(764): Illuminate/Routing/Router->runRoute()
#33 C:/Users/Monami Sadhu/Music/🏫 Campus Lost & Found Portal – Authentication, CRUD, Search/vendor/laravel/framework/src/Illuminate/Routing/Router.php(753): Illuminate/Routing/Router->dispatchToRoute()
#34 C:/Users/Monami Sadhu/Music/🏫 Campus Lost & Found Portal – Authentication, CRUD, Search/vendor/laravel/framework/src/Illuminate/Foundation/Http/Kernel.php(200): Illuminate/Routing/Router->dispatch()
#35 C:/Users/Monami Sadhu/Music/🏫 Campus Lost & Found Portal – Authentication, CRUD, Search/vendor/laravel/framework/src/Illuminate/Pipeline/Pipeline.php(180): Illuminate/Foundation/Http/Kernel->{closure:Illuminate/Foundation/Http/Kernel::dispatchToRouter():197}()
#36 C:/Users/Monami Sadhu/Music/🏫 Campus Lost & Found Portal – Authentication, CRUD, Search/vendor/laravel/framework/src/Illuminate/Foundation/Http/Middleware/TransformsRequest.php(21): Illuminate/Pipeline/Pipeline->{closure:Illuminate/Pipeline/Pipeline::prepareDestination():178}()
#37 C:/Users/Monami Sadhu/Music/🏫 Campus Lost & Found Portal – Authentication, CRUD, Search/vendor/laravel/framework/src/Illuminate/Foundation/Http/Middleware/ConvertEmptyStringsToNull.php(31): Illuminate/Foundation/Http/Middleware/TransformsRequest->handle()
#38 C:/Users/Monami Sadhu/Music/🏫 Campus Lost & Found Portal – Authentication, CRUD, Search/vendor/laravel/framework/src/Illuminate/Pipeline/Pipeline.php(219): Illuminate/Foundation/Http/Middleware/ConvertEmptyStringsToNull->handle()
#39 C:/Users/Monami Sadhu/Music/🏫 Campus Lost & Found Portal – Authentication, CRUD, Search/vendor/laravel/framework/src/Illuminate/Foundation/Http/Middleware/TransformsRequest.php(21): Illuminate/Pipeline/Pipeline->{closure:{closure:Illuminate/Pipeline/Pipeline::carry():194}:195}()
#40 C:/Users/Monami Sadhu/Music/🏫 Campus Lost & Found Portal – Authentication, CRUD, Search/vendor/laravel/framework/src/Illuminate/Foundation/Http/Middleware/TrimStrings.php(51): Illuminate/Foundation/Http/Middleware/TransformsRequest->handle()
#41 C:/Users/Monami Sadhu/Music/🏫 Campus Lost & Found Portal – Authentication, CRUD, Search/vendor/laravel/framework/src/Illuminate/Pipeline/Pipeline.php(219): Illuminate/Foundation/Http/Middleware/TrimStrings->handle()
#42 C:/Users/Monami Sadhu/Music/🏫 Campus Lost & Found Portal – Authentication, CRUD, Search/vendor/laravel/framework/src/Illuminate/Http/Middleware/ValidatePostSize.php(27): Illuminate/Pipeline/Pipeline->{closure:{closure:Illuminate/Pipeline/Pipeline::carry():194}:195}()
#43 C:/Users/Monami Sadhu/Music/🏫 Campus Lost & Found Portal – Authentication, CRUD, Search/vendor/laravel/framework/src/Illuminate/Pipeline/Pipeline.php(219): Illuminate/Http/Middleware/ValidatePostSize->handle()
#44 C:/Users/Monami Sadhu/Music/🏫 Campus Lost & Found Portal – Authentication, CRUD, Search/vendor/laravel/framework/src/Illuminate/Foundation/Http/Middleware/PreventRequestsDuringMaintenance.php(109): Illuminate/Pipeline/Pipeline->{closure:{closure:Illuminate/Pipeline/Pipeline::carry():194}:195}()
#45 C:/Users/Monami Sadhu/Music/🏫 Campus Lost & Found Portal – Authentication, CRUD, Search/vendor/laravel/framework/src/Illuminate/Pipeline/Pipeline.php(219): Illuminate/Foundation/Http/Middleware/PreventRequestsDuringMaintenance->handle()
#46 C:/Users/Monami Sadhu/Music/🏫 Campus Lost & Found Portal – Authentication, CRUD, Search/vendor/laravel/framework/src/Illuminate/Http/Middleware/HandleCors.php(61): Illuminate/Pipeline/Pipeline->{closure:{closure:Illuminate/Pipeline/Pipeline::carry():194}:195}()
#47 C:/Users/Monami Sadhu/Music/🏫 Campus Lost & Found Portal – Authentication, CRUD, Search/vendor/laravel/framework/src/Illuminate/Pipeline/Pipeline.php(219): Illuminate/Http/Middleware/HandleCors->handle()
#48 C:/Users/Monami Sadhu/Music/🏫 Campus Lost & Found Portal – Authentication, CRUD, Search/vendor/laravel/framework/src/Illuminate/Http/Middleware/TrustProxies.php(58): Illuminate/Pipeline/Pipeline->{closure:{closure:Illuminate/Pipeline/Pipeline::carry():194}:195}()
#49 C:/Users/Monami Sadhu/Music/🏫 Campus Lost & Found Portal – Authentication, CRUD, Search/vendor/laravel/framework/src/Illuminate/Pipeline/Pipeline.php(219): Illuminate/Http/Middleware/TrustProxies->handle()
#50 C:/Users/Monami Sadhu/Music/🏫 Campus Lost & Found Portal – Authentication, CRUD, Search/vendor/laravel/framework/src/Illuminate/Foundation/Http/Middleware/InvokeDeferredCallbacks.php(22): Illuminate/Pipeline/Pipeline->{closure:{closure:Illuminate/Pipeline/Pipeline::carry():194}:195}()
#51 C:/Users/Monami Sadhu/Music/🏫 Campus Lost & Found Portal – Authentication, CRUD, Search/vendor/laravel/framework/src/Illuminate/Pipeline/Pipeline.php(219): Illuminate/Foundation/Http/Middleware/InvokeDeferredCallbacks->handle()
#52 C:/Users/Monami Sadhu/Music/🏫 Campus Lost & Found Portal – Authentication, CRUD, Search/vendor/laravel/framework/src/Illuminate/Http/Middleware/ValidatePathEncoding.php(26): Illuminate/Pipeline/Pipeline->{closure:{closure:Illuminate/Pipeline/Pipeline::carry():194}:195}()
#53 C:/Users/Monami Sadhu/Music/🏫 Campus Lost & Found Portal – Authentication, CRUD, Search/vendor/laravel/framework/src/Illuminate/Pipeline/Pipeline.php(219): Illuminate/Http/Middleware/ValidatePathEncoding->handle()
#54 C:/Users/Monami Sadhu/Music/🏫 Campus Lost & Found Portal – Authentication, CRUD, Search/vendor/laravel/framework/src/Illuminate/Pipeline/Pipeline.php(137): Illuminate/Pipeline/Pipeline->{closure:{closure:Illuminate/Pipeline/Pipeline::carry():194}:195}()
#55 C:/Users/Monami Sadhu/Music/🏫 Campus Lost & Found Portal – Authentication, CRUD, Search/vendor/laravel/framework/src/Illuminate/Foundation/Http/Kernel.php(175): Illuminate/Pipeline/Pipeline->then()
#56 C:/Users/Monami Sadhu/Music/🏫 Campus Lost & Found Portal – Authentication, CRUD, Search/vendor/laravel/framework/src/Illuminate/Foundation/Http/Kernel.php(144): Illuminate/Foundation/Http/Kernel->sendRequestThroughRouter()
#57 C:/Users/Monami Sadhu/Music/🏫 Campus Lost & Found Portal – Authentication, CRUD, Search/public/index.php(9): Illuminate/Foundation/Http/Kernel->handle()
#58 C:/Users/Monami Sadhu/Music/🏫 Campus Lost & Found Portal – Authentication, CRUD, Search/vendor/laravel/framework/src/Illuminate/Foundation/resources/server.php(23): require_once('...')
#59 {main}

[previous exception] [object] (PDOException(code: HY000): SQLSTATE[HY000]: General error: 1 no such table: cache at C:/Users/Monami Sadhu/Music/🏫 Campus Lost & Found Portal – Authentication, CRUD, Search/vendor/laravel/framework/src/Illuminate/Database/Connection.php:420)
[stacktrace]
#0 C:/Users/Monami Sadhu/Music/🏫 Campus Lost & Found Portal – Authentication, CRUD, Search/vendor/laravel/framework/src/Illuminate/Database/Connection.php(420): PDO->prepare()
#1 C:/Users/Monami Sadhu/Music/🏫 Campus Lost & Found Portal – Authentication, CRUD, Search/vendor/laravel/framework/src/Illuminate/Database/Connection.php(827): Illuminate/Database/Connection->{closure:Illuminate/Database/Connection::select():411}()
#2 C:/Users/Monami Sadhu/Music/🏫 Campus Lost & Found Portal – Authentication, CRUD, Search/vendor/laravel/framework/src/Illuminate/Database/Connection.php(794): Illuminate/Database/Connection->runQueryCallback()
#3 C:/Users/Monami Sadhu/Music/🏫 Campus Lost & Found Portal – Authentication, CRUD, Search/vendor/laravel/framework/src/Illuminate/Database/Connection.php(411): Illuminate/Database/Connection->run()
#4 C:/Users/Monami Sadhu/Music/🏫 Campus Lost & Found Portal – Authentication, CRUD, Search/vendor/laravel/framework/src/Illuminate/Database/Query/Builder.php(3505): Illuminate/Database/Connection->select()
#5 C:/Users/Monami Sadhu/Music/🏫 Campus Lost & Found Portal – Authentication, CRUD, Search/vendor/laravel/framework/src/Illuminate/Database/Query/Builder.php(3490): Illuminate/Database/Query/Builder->runSelect()
#6 C:/Users/Monami Sadhu/Music/🏫 Campus Lost & Found Portal – Authentication, CRUD, Search/vendor/laravel/framework/src/Illuminate/Database/Query/Builder.php(4080): Illuminate/Database/Query/Builder->{closure:Illuminate/Database/Query/Builder::get():3489}()
#7 C:/Users/Monami Sadhu/Music/🏫 Campus Lost & Found Portal – Authentication, CRUD, Search/vendor/laravel/framework/src/Illuminate/Database/Query/Builder.php(3489): Illuminate/Database/Query/Builder->onceWithColumns()
#8 C:/Users/Monami Sadhu/Music/🏫 Campus Lost & Found Portal – Authentication, CRUD, Search/vendor/laravel/framework/src/Illuminate/Cache/DatabaseStore.php(140): Illuminate/Database/Query/Builder->get()
#9 C:/Users/Monami Sadhu/Music/🏫 Campus Lost & Found Portal – Authentication, CRUD, Search/vendor/laravel/framework/src/Illuminate/Cache/DatabaseStore.php(115): Illuminate/Cache/DatabaseStore->many()
#10 C:/Users/Monami Sadhu/Music/🏫 Campus Lost & Found Portal – Authentication, CRUD, Search/vendor/laravel/framework/src/Illuminate/Cache/Repository.php(125): Illuminate/Cache/DatabaseStore->get()
#11 C:/Users/Monami Sadhu/Music/🏫 Campus Lost & Found Portal – Authentication, CRUD, Search/vendor/laravel/framework/src/Illuminate/Cache/RateLimiter.php(206): Illuminate/Cache/Repository->get()
#12 C:/Users/Monami Sadhu/Music/🏫 Campus Lost & Found Portal – Authentication, CRUD, Search/vendor/laravel/framework/src/Illuminate/Cache/RateLimiter.php(300): Illuminate/Cache/RateLimiter->{closure:Illuminate/Cache/RateLimiter::attempts():206}()
#13 C:/Users/Monami Sadhu/Music/🏫 Campus Lost & Found Portal – Authentication, CRUD, Search/vendor/laravel/framework/src/Illuminate/Cache/RateLimiter.php(206): Illuminate/Cache/RateLimiter->withoutSerializationOrCompression()
#14 C:/Users/Monami Sadhu/Music/🏫 Campus Lost & Found Portal – Authentication, CRUD, Search/vendor/laravel/framework/src/Illuminate/Cache/RateLimiter.php(129): Illuminate/Cache/RateLimiter->attempts()
#15 C:/Users/Monami Sadhu/Music/🏫 Campus Lost & Found Portal – Authentication, CRUD, Search/vendor/laravel/framework/src/Illuminate/Routing/Middleware/ThrottleRequests.php(157): Illuminate/Cache/RateLimiter->tooManyAttempts()
#16 C:/Users/Monami Sadhu/Music/🏫 Campus Lost & Found Portal – Authentication, CRUD, Search/vendor/laravel/framework/src/Illuminate/Routing/Middleware/ThrottleRequests.php(93): Illuminate/Routing/Middleware/ThrottleRequests->handleRequest()
#17 C:/Users/Monami Sadhu/Music/🏫 Campus Lost & Found Portal – Authentication, CRUD, Search/vendor/laravel/framework/src/Illuminate/Pipeline/Pipeline.php(219): Illuminate/Routing/Middleware/ThrottleRequests->handle()
#18 C:/Users/Monami Sadhu/Music/🏫 Campus Lost & Found Portal – Authentication, CRUD, Search/vendor/laravel/framework/src/Illuminate/Auth/Middleware/Authenticate.php(63): Illuminate/Pipeline/Pipeline->{closure:{closure:Illuminate/Pipeline/Pipeline::carry():194}:195}()
#19 C:/Users/Monami Sadhu/Music/🏫 Campus Lost & Found Portal – Authentication, CRUD, Search/vendor/laravel/framework/src/Illuminate/Pipeline/Pipeline.php(219): Illuminate/Auth/Middleware/Authenticate->handle()
#20 C:/Users/Monami Sadhu/Music/🏫 Campus Lost & Found Portal – Authentication, CRUD, Search/vendor/laravel/framework/src/Illuminate/Foundation/Http/Middleware/VerifyCsrfToken.php(87): Illuminate/Pipeline/Pipeline->{closure:{closure:Illuminate/Pipeline/Pipeline::carry():194}:195}()
#21 C:/Users/Monami Sadhu/Music/🏫 Campus Lost & Found Portal – Authentication, CRUD, Search/vendor/laravel/framework/src/Illuminate/Pipeline/Pipeline.php(219): Illuminate/Foundation/Http/Middleware/VerifyCsrfToken->handle()
#22 C:/Users/Monami Sadhu/Music/🏫 Campus Lost & Found Portal – Authentication, CRUD, Search/vendor/laravel/framework/src/Illuminate/View/Middleware/ShareErrorsFromSession.php(48): Illuminate/Pipeline/Pipeline->{closure:{closure:Illuminate/Pipeline/Pipeline::carry():194}:195}()
#23 C:/Users/Monami Sadhu/Music/🏫 Campus Lost & Found Portal – Authentication, CRUD, Search/vendor/laravel/framework/src/Illuminate/Pipeline/Pipeline.php(219): Illuminate/View/Middleware/ShareErrorsFromSession->handle()
#24 C:/Users/Monami Sadhu/Music/🏫 Campus Lost & Found Portal – Authentication, CRUD, Search/vendor/laravel/framework/src/Illuminate/Session/Middleware/StartSession.php(120): Illuminate/Pipeline/Pipeline->{closure:{closure:Illuminate/Pipeline/Pipeline::carry():194}:195}()
#25 C:/Users/Monami Sadhu/Music/🏫 Campus Lost & Found Portal – Authentication, CRUD, Search/vendor/laravel/framework/src/Illuminate/Session/Middleware/StartSession.php(63): Illuminate/Session/Middleware/StartSession->handleStatefulRequest()
#26 C:/Users/Monami Sadhu/Music/🏫 Campus Lost & Found Portal – Authentication, CRUD, Search/vendor/laravel/framework/src/Illuminate/Pipeline/Pipeline.php(219): Illuminate/Session/Middleware/StartSession->handle()
#27 C:/Users/Monami Sadhu/Music/🏫 Campus Lost & Found Portal – Authentication, CRUD, Search/vendor/laravel/framework/src/Illuminate/Cookie/Middleware/AddQueuedCookiesToResponse.php(36): Illuminate/Pipeline/Pipeline->{closure:{closure:Illuminate/Pipeline/Pipeline::carry():194}:195}()
#28 C:/Users/Monami Sadhu/Music/🏫 Campus Lost & Found Portal – Authentication, CRUD, Search/vendor/laravel/framework/src/Illuminate/Pipeline/Pipeline.php(219): Illuminate/Cookie/Middleware/AddQueuedCookiesToResponse->handle()
#29 C:/Users/Monami Sadhu/Music/🏫 Campus Lost & Found Portal – Authentication, CRUD, Search/vendor/laravel/framework/src/Illuminate/Cookie/Middleware/EncryptCookies.php(74): Illuminate/Pipeline/Pipeline->{closure:{closure:Illuminate/Pipeline/Pipeline::carry():194}:195}()
#30 C:/Users/Monami Sadhu/Music/🏫 Campus Lost & Found Portal – Authentication, CRUD, Search/vendor/laravel/framework/src/Illuminate/Pipeline/Pipeline.php(219): Illuminate/Cookie/Middleware/EncryptCookies->handle()
#31 C:/Users/Monami Sadhu/Music/🏫 Campus Lost & Found Portal – Authentication, CRUD, Search/vendor/laravel/framework/src/Illuminate/Pipeline/Pipeline.php(137): Illuminate/Pipeline/Pipeline->{closure:{closure:Illuminate/Pipeline/Pipeline::carry():194}:195}()
#32 C:/Users/Monami Sadhu/Music/🏫 Campus Lost & Found Portal – Authentication, CRUD, Search/vendor/laravel/framework/src/Illuminate/Routing/Router.php(821): Illuminate/Pipeline/Pipeline->then()
#33 C:/Users/Monami Sadhu/Music/🏫 Campus Lost & Found Portal – Authentication, CRUD, Search/vendor/laravel/framework/src/Illuminate/Routing/Router.php(800): Illuminate/Routing/Router->runRouteWithinStack()
#34 C:/Users/Monami Sadhu/Music/🏫 Campus Lost & Found Portal – Authentication, CRUD, Search/vendor/laravel/framework/src/Illuminate/Routing/Router.php(764): Illuminate/Routing/Router->runRoute()
#35 C:/Users/Monami Sadhu/Music/🏫 Campus Lost & Found Portal – Authentication, CRUD, Search/vendor/laravel/framework/src/Illuminate/Routing/Router.php(753): Illuminate/Routing/Router->dispatchToRoute()
#36 C:/Users/Monami Sadhu/Music/🏫 Campus Lost & Found Portal – Authentication, CRUD, Search/vendor/laravel/framework/src/Illuminate/Foundation/Http/Kernel.php(200): Illuminate/Routing/Router->dispatch()
#37 C:/Users/Monami Sadhu/Music/🏫 Campus Lost & Found Portal – Authentication, CRUD, Search/vendor/laravel/framework/src/Illuminate/Pipeline/Pipeline.php(180): Illuminate/Foundation/Http/Kernel->{closure:Illuminate/Foundation/Http/Kernel::dispatchToRouter():197}()
#38 C:/Users/Monami Sadhu/Music/🏫 Campus Lost & Found Portal – Authentication, CRUD, Search/vendor/laravel/framework/src/Illuminate/Foundation/Http/Middleware/TransformsRequest.php(21): Illuminate/Pipeline/Pipeline->{closure:Illuminate/Pipeline/Pipeline::prepareDestination():178}()
#39 C:/Users/Monami Sadhu/Music/🏫 Campus Lost & Found Portal – Authentication, CRUD, Search/vendor/laravel/framework/src/Illuminate/Foundation/Http/Middleware/ConvertEmptyStringsToNull.php(31): Illuminate/Foundation/Http/Middleware/TransformsRequest->handle()
#40 C:/Users/Monami Sadhu/Music/🏫 Campus Lost & Found Portal – Authentication, CRUD, Search/vendor/laravel/framework/src/Illuminate/Pipeline/Pipeline.php(219): Illuminate/Foundation/Http/Middleware/ConvertEmptyStringsToNull->handle()
#41 C:/Users/Monami Sadhu/Music/🏫 Campus Lost & Found Portal – Authentication, CRUD, Search/vendor/laravel/framework/src/Illuminate/Foundation/Http/Middleware/TransformsRequest.php(21): Illuminate/Pipeline/Pipeline->{closure:{closure:Illuminate/Pipeline/Pipeline::carry():194}:195}()
#42 C:/Users/Monami Sadhu/Music/🏫 Campus Lost & Found Portal – Authentication, CRUD, Search/vendor/laravel/framework/src/Illuminate/Foundation/Http/Middleware/TrimStrings.php(51): Illuminate/Foundation/Http/Middleware/TransformsRequest->handle()
#43 C:/Users/Monami Sadhu/Music/🏫 Campus Lost & Found Portal – Authentication, CRUD, Search/vendor/laravel/framework/src/Illuminate/Pipeline/Pipeline.php(219): Illuminate/Foundation/Http/Middleware/TrimStrings->handle()
#44 C:/Users/Monami Sadhu/Music/🏫 Campus Lost & Found Portal – Authentication, CRUD, Search/vendor/laravel/framework/src/Illuminate/Http/Middleware/ValidatePostSize.php(27): Illuminate/Pipeline/Pipeline->{closure:{closure:Illuminate/Pipeline/Pipeline::carry():194}:195}()
#45 C:/Users/Monami Sadhu/Music/🏫 Campus Lost & Found Portal – Authentication, CRUD, Search/vendor/laravel/framework/src/Illuminate/Pipeline/Pipeline.php(219): Illuminate/Http/Middleware/ValidatePostSize->handle()
#46 C:/Users/Monami Sadhu/Music/🏫 Campus Lost & Found Portal – Authentication, CRUD, Search/vendor/laravel/framework/src/Illuminate/Foundation/Http/Middleware/PreventRequestsDuringMaintenance.php(109): Illuminate/Pipeline/Pipeline->{closure:{closure:Illuminate/Pipeline/Pipeline::carry():194}:195}()
#47 C:/Users/Monami Sadhu/Music/🏫 Campus Lost & Found Portal – Authentication, CRUD, Search/vendor/laravel/framework/src/Illuminate/Pipeline/Pipeline.php(219): Illuminate/Foundation/Http/Middleware/PreventRequestsDuringMaintenance->handle()
#48 C:/Users/Monami Sadhu/Music/🏫 Campus Lost & Found Portal – Authentication, CRUD, Search/vendor/laravel/framework/src/Illuminate/Http/Middleware/HandleCors.php(61): Illuminate/Pipeline/Pipeline->{closure:{closure:Illuminate/Pipeline/Pipeline::carry():194}:195}()
#49 C:/Users/Monami Sadhu/Music/🏫 Campus Lost & Found Portal – Authentication, CRUD, Search/vendor/laravel/framework/src/Illuminate/Pipeline/Pipeline.php(219): Illuminate/Http/Middleware/HandleCors->handle()
#50 C:/Users/Monami Sadhu/Music/🏫 Campus Lost & Found Portal – Authentication, CRUD, Search/vendor/laravel/framework/src/Illuminate/Http/Middleware/TrustProxies.php(58): Illuminate/Pipeline/Pipeline->{closure:{closure:Illuminate/Pipeline/Pipeline::carry():194}:195}()
#51 C:/Users/Monami Sadhu/Music/🏫 Campus Lost & Found Portal – Authentication, CRUD, Search/vendor/laravel/framework/src/Illuminate/Pipeline/Pipeline.php(219): Illuminate/Http/Middleware/TrustProxies->handle()
#52 C:/Users/Monami Sadhu/Music/🏫 Campus Lost & Found Portal – Authentication, CRUD, Search/vendor/laravel/framework/src/Illuminate/Foundation/Http/Middleware/InvokeDeferredCallbacks.php(22): Illuminate/Pipeline/Pipeline->{closure:{closure:Illuminate/Pipeline/Pipeline::carry():194}:195}()
#53 C:/Users/Monami Sadhu/Music/🏫 Campus Lost & Found Portal – Authentication, CRUD, Search/vendor/laravel/framework/src/Illuminate/Pipeline/Pipeline.php(219): Illuminate/Foundation/Http/Middleware/InvokeDeferredCallbacks->handle()
#54 C:/Users/Monami Sadhu/Music/🏫 Campus Lost & Found Portal – Authentication, CRUD, Search/vendor/laravel/framework/src/Illuminate/Http/Middleware/ValidatePathEncoding.php(26): Illuminate/Pipeline/Pipeline->{closure:{closure:Illuminate/Pipeline/Pipeline::carry():194}:195}()
#55 C:/Users/Monami Sadhu/Music/🏫 Campus Lost & Found Portal – Authentication, CRUD, Search/vendor/laravel/framework/src/Illuminate/Pipeline/Pipeline.php(219): Illuminate/Http/Middleware/ValidatePathEncoding->handle()
#56 C:/Users/Monami Sadhu/Music/🏫 Campus Lost & Found Portal – Authentication, CRUD, Search/vendor/laravel/framework/src/Illuminate/Pipeline/Pipeline.php(137): Illuminate/Pipeline/Pipeline->{closure:{closure:Illuminate/Pipeline/Pipeline::carry():194}:195}()
#57 C:/Users/Monami Sadhu/Music/🏫 Campus Lost & Found Portal – Authentication, CRUD, Search/vendor/laravel/framework/src/Illuminate/Foundation/Http/Kernel.php(175): Illuminate/Pipeline/Pipeline->then()
#58 C:/Users/Monami Sadhu/Music/🏫 Campus Lost & Found Portal – Authentication, CRUD, Search/vendor/laravel/framework/src/Illuminate/Foundation/Http/Kernel.php(144): Illuminate/Foundation/Http/Kernel->sendRequestThroughRouter()
#59 C:/Users/Monami Sadhu/Music/🏫 Campus Lost & Found Portal – Authentication, CRUD, Search/public/index.php(9): Illuminate/Foundation/Http/Kernel->handle()
#60 C:/Users/Monami Sadhu/Music/🏫 Campus Lost & Found Portal – Authentication, CRUD, Search/vendor/laravel/framework/src/Illuminate/Foundation/resources/server.php(23): require_once('...')
#61 {main}
"} 
[2026-08-22 17:44:31] local.ERROR: The "-R" option does not exist. {"exception":"[object] (Symfony\\Component\\Console\\Exception\\RuntimeException(code: 0): The \"-R\" option does not exist. at C:/Users/Monami Sadhu/Music/🏫 Campus Lost & Found Portal – Authentication, CRUD, Search/vendor/symfony/console/Input/ArgvInput.php:128)
[stacktrace]
#0 C:/Users/Monami Sadhu/Music/🏫 Campus Lost & Found Portal – Authentication, CRUD, Search/vendor/symfony/console/Input/ArgvInput.php(110): Symfony/Component/Console/Input/ArgvInput->parseShortOptionSet()
#1 C:/Users/Monami Sadhu/Music/🏫 Campus Lost & Found Portal – Authentication, CRUD, Search/vendor/symfony/console/Input/ArgvInput.php(90): Symfony/Component/Console/Input/ArgvInput->parseShortOption()
#2 C:/Users/Monami Sadhu/Music/🏫 Campus Lost & Found Portal – Authentication, CRUD, Search/vendor/symfony/console/Input/ArgvInput.php(77): Symfony/Component/Console/Input/ArgvInput->parseToken()
#3 C:/Users/Monami Sadhu/Music/🏫 Campus Lost & Found Portal – Authentication, CRUD, Search/vendor/symfony/console/Input/Input.php(53): Symfony/Component/Console/Input/ArgvInput->parse()
#4 C:/Users/Monami Sadhu/Music/🏫 Campus Lost & Found Portal – Authentication, CRUD, Search/vendor/symfony/console/Command/Command.php(295): Symfony/Component/Console/Input/Input->bind()
#5 C:/Users/Monami Sadhu/Music/🏫 Campus Lost & Found Portal – Authentication, CRUD, Search/vendor/laravel/framework/src/Illuminate/Console/Command.php(180): Symfony/Component/Console/Command/Command->run()
#6 C:/Users/Monami Sadhu/Music/🏫 Campus Lost & Found Portal – Authentication, CRUD, Search/vendor/symfony/console/Application.php(1117): Illuminate/Console/Command->run()
#7 C:/Users/Monami Sadhu/Music/🏫 Campus Lost & Found Portal – Authentication, CRUD, Search/vendor/symfony/console/Application.php(356): Symfony/Component/Console/Application->doRunCommand()
#8 C:/Users/Monami Sadhu/Music/🏫 Campus Lost & Found Portal – Authentication, CRUD, Search/vendor/symfony/console/Application.php(195): Symfony/Component/Console/Application->doRun()
#9 C:/Users/Monami Sadhu/Music/🏫 Campus Lost & Found Portal – Authentication, CRUD, Search/vendor/laravel/framework/src/Illuminate/Foundation/Console/Kernel.php(198): Symfony/Component/Console/Application->run()
#10 C:/Users/Monami Sadhu/Music/🏫 Campus Lost & Found Portal – Authentication, CRUD, Search/artisan(10): Illuminate/Foundation/Console/Kernel->handle()
#11 {main}
"} 
[2026-08-26 05:14:32] local.ERROR: No arguments expected for "route:list" command, got "artisan". {"exception":"[object] (Symfony\\Component\\Console\\Exception\\RuntimeException(code: 0): No arguments expected for \"route:list\" command, got \"artisan\". at C:/Users/Monami Sadhu/Music/🏫 Campus Lost & Found Portal – Authentication, CRUD, Search/vendor/symfony/console/Input/ArgvInput.php:199)
[stacktrace]
#0 C:/Users/Monami Sadhu/Music/🏫 Campus Lost & Found Portal – Authentication, CRUD, Search/vendor/symfony/console/Input/ArgvInput.php(92): Symfony/Component/Console/Input/ArgvInput->parseArgument()
#1 C:/Users/Monami Sadhu/Music/🏫 Campus Lost & Found Portal – Authentication, CRUD, Search/vendor/symfony/console/Input/ArgvInput.php(77): Symfony/Component/Console/Input/ArgvInput->parseToken()
#2 C:/Users/Monami Sadhu/Music/🏫 Campus Lost & Found Portal – Authentication, CRUD, Search/vendor/symfony/console/Input/Input.php(53): Symfony/Component/Console/Input/ArgvInput->parse()
#3 C:/Users/Monami Sadhu/Music/🏫 Campus Lost & Found Portal – Authentication, CRUD, Search/vendor/symfony/console/Command/Command.php(295): Symfony/Component/Console/Input/Input->bind()
#4 C:/Users/Monami Sadhu/Music/🏫 Campus Lost & Found Portal – Authentication, CRUD, Search/vendor/laravel/framework/src/Illuminate/Console/Command.php(180): Symfony/Component/Console/Command/Command->run()
#5 C:/Users/Monami Sadhu/Music/🏫 Campus Lost & Found Portal – Authentication, CRUD, Search/vendor/symfony/console/Application.php(1117): Illuminate/Console/Command->run()
#6 C:/Users/Monami Sadhu/Music/🏫 Campus Lost & Found Portal – Authentication, CRUD, Search/vendor/symfony/console/Application.php(356): Symfony/Component/Console/Application->doRunCommand()
#7 C:/Users/Monami Sadhu/Music/🏫 Campus Lost & Found Portal – Authentication, CRUD, Search/vendor/symfony/console/Application.php(195): Symfony/Component/Console/Application->doRun()
#8 C:/Users/Monami Sadhu/Music/🏫 Campus Lost & Found Portal – Authentication, CRUD, Search/vendor/laravel/framework/src/Illuminate/Foundation/Console/Kernel.php(198): Symfony/Component/Console/Application->run()
#9 C:/Users/Monami Sadhu/Music/🏫 Campus Lost & Found Portal – Authentication, CRUD, Search/artisan(10): Illuminate/Foundation/Console/Kernel->handle()
#10 {main}
"} 
